post_id,platform,source_type,keyword,keyword_group,keyword_group_name,title,content_text,content_url,source_name,posted_at
b1f8d8263b85452359dd15b424106146,naver,blog,기숙사 짐보관,KW1,공간 대여에 대한 수요가 있는지 확인하기 위함,파리에서 마지막 일주일(디즈니랜드 | 오페라 시제석 | 한국관...,"거래자분한테 톡하고… 기숙사까지 다시 다녀옴,,, 왕복 50분 햇구… 나 밥 안 먹었는데… 땡볕에... 마지막으로 바닥 쓸고 쓰레기 버리고… 아 전에 고장난 전기포트랑 멀티탭을 처리하려고 기숙사 리셉션에...",https://blog.naver.com/his1462/224315375965,지구에서,2026-06-14
f63734d687f50a38227d6a1b137d2a96,naver,blog,기숙사 짐보관,KW1,공간 대여에 대한 수요가 있는지 확인하기 위함,대구본동·본리동 자취생이 방학 마다 초간단 짐 처리하는...,보관함 안에 선반을 설치하면 크기가 다른 물건들을 층층이 정리해서 공간을 효율적으로 쓸 수... 대구방학짐보관 #대구자취방학짐 #달서구공유창고 #달서코아루더리브 #대구기숙사짐보관 #대구기숙사짐정리,https://blog.naver.com/a202506/224305845485,데일리,2026-06-04
c75ffcc1fde22329d48d022ca94012cd,naver,blog,기숙사 짐보관,KW1,공간 대여에 대한 수요가 있는지 확인하기 위함,OSAKA BLOG,빡빡하고 기숙사 생활인 채엉이를 위한 12월에 딱 되는 날짜가 주말껴서 딱 4일이라 그때 맞춰서 보느라... 차에 짐 넣을때부터 아빠가 뭐 집나가냐고 할만큼 나도 무거운걸 매우!!!! 느겻는데 무게 재보니까 12키로...,https://blog.naver.com/ny0oz/224267307589,ﾐ^⸝⸝> ◦ <⸝⸝ ^ﾐ,2026-04-27
0a1bfb8e7574c168571d848fe3383add,naver,blog,기숙사 짐보관,KW1,공간 대여에 대한 수요가 있는지 확인하기 위함,(꽃길)부평 공포 방탈출 악몽백화점 4-1 중도포기 고민한 쫄 후기,"대기하는 동안 잠옷 기념사진도 찍어주고요 (기숙사에서 동창회한다고 맞춰입음) 이때까지만 해도 제 미래를 몰랐어요. 여튼 동의서 작성 후 전용 사물함에 짐보관하고, 실내화 갈아신고 입장!! 힌트&가이드...",https://blog.naver.com/sxjamie/224239157165,조용한 도파민 탐사자,2026-04-15
9f641b6f848344550269363e1b2c305c,naver,blog,기숙사 짐보관,KW1,공간 대여에 대한 수요가 있는지 확인하기 위함,[중국 교환학생 3] 역대급 西安(시안),짐보관만 하고 빨리 병마용가는 직행 버스타러 시안역 돌아가기 2. 얼리 체크인이 가능하다면 체크인하고 가기 였는데 다행히 2번이 되었고 방을 배정받았는데 굉장히 구석탱이에 박힌 방에다가 청소직원...,https://blog.naver.com/juya-_21/224235601406,주야,2026-03-31
45d4ff6a4a1907c185037df9ee50ab00,naver,blog,기숙사 짐보관,KW1,공간 대여에 대한 수요가 있는지 확인하기 위함,대용량 옷장 패딩 보관 주머니 패브릭 리빙박스 기숙사 이불가방,"복조리 이불 정리 파우치 대용량 옷장 패딩 보관 주머니 패브릭 리빙박스 기숙사 이불가방 여름 이불... 여름이불 보관, 겨울옷 정리, 짐 보관 등 다용도로 활용 가능한 만능 수납주머니입니다. 가격은 확 낮추고...",https://blog.naver.com/duknfsib/224221414794,duknfsib님의 블로그,2026-03-18
38dc888ff672eccec57a6ca3efc6da8d,naver,blog,기숙사 짐보관,KW1,공간 대여에 대한 수요가 있는지 확인하기 위함,남자와 사는 왕(나),옆기숙사 마트가서 박스 사옴 나도 이렇게 살고싶지 않아 다행히 이날부터 딱 짐보관 서비스 적재가 가능했어서 덜 고생하고 짐을 처리할 수 있었다 2인 1실 방에 이 짐이 어떻게 다 들어가있었을까 이 이후로는...,https://blog.naver.com/esteem36self/224210578680,인생 보관함,2026-03-09
bab066953ca7eab82a2a4f31124a74e0,naver,blog,기숙사 짐보관,KW1,공간 대여에 대한 수요가 있는지 확인하기 위함,한국마사회장학관 후기,공간활용이랑 짐보관이 훨씬 수월했던 것 같아요! 저는 16층이였답니다 아! 그리고 마사회장학관은... 냉동보관했다가 기숙사식 못먹을때마다 꺼내먹었습니당 (블로그 주인장이 생각하기에 젤 최대...,https://blog.naver.com/hyol0_0_/224196701565,hyollll2,2026-02-26
4730990ccb67758a0a86cc5e86a95248,naver,blog,기숙사 짐보관,KW1,공간 대여에 대한 수요가 있는지 확인하기 위함,[영남대역원룸][영남대원룸][대경대원룸] 미니투룸스타일...,"(빨래·환기·짐보관 활용도 굿) ✔ 채광 좋은 구조, 햇살 잘 드는 방 ✔ 3층 위치로 개방감 & 조용함... 연결됩니다:) 기숙사발표가 나면서 많은 분들이 매일 연락주고계시는데요! 미리 연락 후 방문해주시면...",https://blog.naver.com/insu6855/224174116525,청년공인중개사 김인수팀장,2026-02-06
afe0aae4a8d789de7c36fc758e79d0bc,naver,blog,기숙사 짐보관,KW1,공간 대여에 대한 수요가 있는지 확인하기 위함,자취 기숙사 고시원 원룸 고시텔 오피스텔 전세 월세 코리빙,연결되어있는 보일러실에 짐 보관을 할 수도 있어요 [제공 물품] 책상 2개 의자 2개 4단 책장 1개 2단... 여성전용 쉐어하우스 / 자취 기숙사 고시원 원룸 원룸텔 고시텔 오피스텔 전세 월세 하숙 코리빙하우스,https://blog.naver.com/gureumun_property/224161120248,하운 쉐어하우스 ☁️ 한국외대 한예종 쉐어하우스,2026-01-27
292ded9312af2e1325e2c975abd0942a,naver,blog,기숙사 짐보관,KW1,공간 대여에 대한 수요가 있는지 확인하기 위함,[260123 @WANDERLOCH with PEPPERTONES × KACHISAN] 인생이...,현장수령하고 짐보관하니깐 20분정도 소요되었구요 7시부터 스탠딩 대기했습니다 그러고 300번대는 계단 벽쪽에 200번때는 계단펜스쪽에 서서 다행히 304번인 저는 거의 내부에서 대기했어요 패딩을 보관했기에...,https://blog.naver.com/dlwngk127/224158307289,:],2026-01-24
1e8d8f2586e0c686aa6e6427dfd40cb8,naver,blog,기숙사 짐보관,KW1,공간 대여에 대한 수요가 있는지 확인하기 위함,"European sleeper, 유러피안슬리퍼 야간열차 후기","하시며 본인 맞냐 하시길래 맞다하니까 그냥 ㅇㅋ 하고 가셨어요 짐보관은 침대 밑에 하시면 되고... : 저는 기숙사로 돌아오는 길이기도 하고, 30유로 아껴볼까 하는 마음에 앉아서 오는 좌석을 선택했어요...",https://blog.naver.com/sujin040310/224147091099,no. 13,2026-01-15
4382600b1b56659b596a33afc088dd76,naver,blog,기숙사 짐보관,KW1,공간 대여에 대한 수요가 있는지 확인하기 위함,기숙사 원룸 이사 가성비 좋은 창원짐보관 미니창고 다락,"창원짐보관 미니창고 다락은 기숙사, 운룸 이사 등 가성비 좋은 창고로 이용할 수 있는 곳으로 자주 안 쓰는 짐을 창고에 보관함으로써 집을 보다 쾌적하고 넓게 사용할 수 있어서 더 좋은 것 같아요. 저는...",https://blog.naver.com/letaru/224136955424,여행하고 밥먹는 곳,2026-01-07
b6769361c3f3e7090016a04a9236856a,naver,blog,기숙사 짐보관,KW1,공간 대여에 대한 수요가 있는지 확인하기 위함,굴러는 갔다 2025년 (下),기본안주가 셀프라면인게 특이했어 기숙사 사니까 막차걱정 없어서 편하게 놀 수 있었다. 배치 전승인데 꼴랑 다5라니 너무 짠거아닌가요 엄마 연주회 기살려주러 아들들 파견 다행히도 내가 사간 꽃을 마음에...,https://blog.naver.com/beomology/224134382537,재밌는거,2026-01-05
b1868529196df9ecf0316d64039fb4da,naver,blog,기숙사 짐보관,KW1,공간 대여에 대한 수요가 있는지 확인하기 위함,솟구치는 화를 누르는 방법 : 두쫀꾸욱 !,그러나 이번엔 방학 때도 기숙사에 있기로 해서 집에 가져갈건 얼마 없었띠예 음?? 이거 뭐에요?? 너무 깜놀띠예 오버워치도 식후경이다 아~~그럴땐 좋네 엄마한테 짐보관해둔거 사진찍어 보냈더니 너무 끔찍한...,https://blog.naver.com/imureunu_/224128472014,이상비행,2025-12-31
ab7c4a29bab63b2841ae0ede5eb74257,naver,blog,기숙사 짐보관,KW1,공간 대여에 대한 수요가 있는지 확인하기 위함,[솔직후기] 짐보관비용 걱정 끝! 아이엠박스 셀프짐보관으로...,짐 안 부피큰 보관용품들 ### 스마트하게 해결! [천안아산 짐보관] 아이엠박스 셀프짐보관 이용 후기... 때 ✅️원룸이나 기숙사 짐을 방학 동안 맡겨야 할 때 (자취짐 보관으로 딱!) 이런 상황에서 단기로도...,https://blog.naver.com/ssok_1002/224126471509,꽤발깨발랄 삼형제,2025-12-29
d2bc11cc4c91f998daa3878e8adf5fd5,naver,blog,기숙사 짐보관,KW1,공간 대여에 대한 수요가 있는지 확인하기 위함,"이정도면 대학은 물론 신혼생활까지 가능하겠는데, 대학가...","복층을 구성하면 좋은게 추가면적이 늘어나게 되어 짐보관하기에 훨신 수월하다. 아니면 낮에는... 사실상 지방에서 올라온 대학생들은 처음엔 기숙사나 원룸에서 생활하게 되는데, 기숙사도 얼마 사용못하고...",https://blog.naver.com/sunpoongi/224123334565,뷰티풀마이홈,2025-12-26
af12cf63f7acb50f16470812688455c6,naver,cafe,기숙사 짐보관,KW1,공간 대여에 대한 수요가 있는지 확인하기 위함,오호 짐보관 서비스,다음주 서율에서 경남 집으로 내려오는데요 오호캠퍼스라는 기숙사짐보관 서비스가 있더라구요 이불 옷등은 택배로 보내고 다른 생활용품들은 보관하는것도 괜찮을 것 같은데 엄마인 제가 찾아보니 정보가 많이 없어서...,http://cafe.naver.com/suhui/29549331,"수만휘-수능,공부,입시,재수,편입,기출...",
fceae02ea1ba743163b634e877cbbb13,naver,cafe,기숙사 짐보관,KW1,공간 대여에 대한 수요가 있는지 확인하기 위함,토론토 짐보관 해주실 분 찾아요,짐은 저희가 보통 suv 뒷자석까지 접어서 운반했습니다. 아주 작은 냉장고와 이민가방 3개 정도의 양이 되지 않을까싶습니다. 아이 기숙사에서 픽업 해주시길 희망합니다. 가능하신분 연락 부탁드립니다. 438 928 1745,http://cafe.naver.com/iliveincan/182733,캐나다를 사랑하는 사람들,
1db33b60c52c08de84131a28d30535b9,naver,cafe,기숙사 짐보관,KW1,공간 대여에 대한 수요가 있는지 확인하기 위함,"[한국외대, 한예종, 경희대] 서울 여성전용 쉐어하우스 <하운 쉐어하우스> 26년도 1학기 2인실 입주 모집 |...",서재 옆 보일러실에는 짐보관까지 할 수 있답니다 2인실B 2인실B는 하운 쉐어하우스에서 가장 큰... 서울 여성전용 쉐어하우스 / 자취 기숙사 고시원 원룸 원룸텔 고시텔 오피스텔 전세 월세 하숙 코리빙하우스,http://cafe.naver.com/kig/19393280,ㆍ피터팬의 좋은방 구하기ㆍ,
c914d768393ade62b37cf2da550156e7,naver,cafe,기숙사 짐보관,KW1,공간 대여에 대한 수요가 있는지 확인하기 위함,"셀프스토리지란 | 보관 이사, 짐보관이 필요할땐 미니창고 다락","출국, 기숙사 입주 등으로 짐보관 공간이 필요한 경우 출처 - 미니창고 다락 유튜브 공간이 바뀌면, 생활이 달라집니다! 집 안에 쌓여 있던 짐보관 문제를 해결하는 것만으로도 생활 공간은 훨씬 넓고 쾌적해집니다....",http://cafe.naver.com/jihosoccer123/3541115,아프니까 사장이다 [소상공인·자영업...,
5111c647550404fd37d5cf47d1beeb68,naver,cafe,기숙사 짐보관,KW1,공간 대여에 대한 수요가 있는지 확인하기 위함,"외국으로 아이 대학 보내신 분들, 기숙사 짐부터..어떻게 준비시켜야 할까요","아직 학기 시작일은 여유가 있지만 현재 학생비자 신청하고 기다리면 기숙사 신청까지...시간이 돌아올텐데 뭘 준비시키고, 뭘 짐으로 보내야 할지... 제가 학교 다닐 땐 그냥 갔던 것 같은데 막상 첫째 딸 혼자 보낸다...",http://cafe.naver.com/jookjeonmom/1500529,[죽방] 죽전보정마북구성동백 엄마들의...,
c17f5f19e3ec45652d51a82d612a4117,naver,cafe,기숙사 짐보관,KW1,공간 대여에 대한 수요가 있는지 확인하기 위함,카이스트 기숙사 생활,26학번 신입생들 2월말 기숙사에 입소해서 본격적으로 대학생활을 시작하게 되는데요. 부모님들 아이들 삼시세끼가 가장 고민이 될것 같아요. 학식이 맛있게 잘나오지만 집밥이 먹고싶을때 기숙사밖에 나갈시간이 여의치...,http://cafe.naver.com/kongdae/217981,"[이공계의 별★서울대,KAIST,POSTECH,...",
f94c85e70b6f013be6c1354b50225679,naver,cafe,기숙사 짐보관,KW1,공간 대여에 대한 수요가 있는지 확인하기 위함,송도 상상잇 중국집,아들 기숙사 퇴소하는 날이예요. 입맛까다로운 아들이 학교 근처에 맛난 중국집이 있다고 해서 오늘 드뎌... 먼 곳에서 다니는 학생들 택배서비스와 짐보관 서비스도 있네요~ 내년은 신촌으로 통학하는데 ㅋ 아들이...,http://cafe.naver.com/oathcar/15230,오스카- THE OATH,
74a88b568f23c4d32040a8bb5a7ecb14,naver,cafe,기숙사 짐보관,KW1,공간 대여에 대한 수요가 있는지 확인하기 위함,의뢰인 짐정리 짐배달 짐버리기 짐보관 집정리 집청소 since 1996,이사 퇴실 퇴거 짐정리 짐버리기 짐배달 짐배송 짐보관 이민정리 유학정리 방치된집이사 빈집이사 시골집이사 아파트이사 오피스텔이사 원룸이사 투룸이사 쓰리룸이사 포룸이사 모텔이사 기숙사이사 고시원이사...,http://cafe.naver.com/gksmfcodl/134379,전주부동산카페 전북 전주 군산 익산 ...,
03769de5c8634fa986532b9c3d004e02,naver,cafe,기숙사 짐보관,KW1,공간 대여에 대한 수요가 있는지 확인하기 위함,♡복단유학생회단독제휴 대호부동산♡기숙사보다 싸고 좋은 가성비외주원룸!! 중개수수료없이 부담없이 입주...,(문제있으면 저희한테 물어봐주세요 아무수리아저씨나잡으면 사기당합니다) 4 인터넷설치 청소 이사차 열쇠교체 핸드폰심카드 공과금내는방법 짐보관 전반적인 생활에 도움을 드립니다. 5 중간에 방학때 집이...,http://cafe.naver.com/shaliuxue/171570,복단대 커뮤니티,
5b87ea4818817e6021b78356bd4bcb6c,naver,cafe,기숙사 짐보관,KW1,공간 대여에 대한 수요가 있는지 확인하기 위함,가치공간 김해점,계절짐들이나 기숙사짐등도 이렇게보관하면 괜찮겠단 생각도 들었답니다^^ 김해 짐보관 마땅히 할 공간이 부족하신분들은 한번 이곳을 찾아가보시길 추천드립니다^^ 글 작성 전 내돈내산게시판 이용방법 숙지하세요....,http://cafe.naver.com/gimhaezumma/2662895,"줌마렐라 [김해, 장유, 율하, 진영, 주...",
66a6ee918ab69f46c880a0ec2fb1099e,naver,cafe,기숙사 짐보관,KW1,공간 대여에 대한 수요가 있는지 확인하기 위함,방학 짐보관ㅠㅠㅠ,대학교 방학 기간은 짧은데 기숙사는 빼야하고.. 이래 저래 요즘 고민이 많네요 그냥 차라리 학교 앞에 방을 알아볼까 싶은데 그건 너무 무리인 것 같아서요ㅠ 잠깐 단기로써 짐보관할 수 있는 곳도 있나요? 사실 그런 거...,http://cafe.naver.com/doubleeight/120543,"외국계기업 채용,해외취업,자소서,레쥬...",
c3abef0e12d4c469e95ccd48c8c82d63,naver,cafe,기숙사 짐보관,KW1,공간 대여에 대한 수요가 있는지 확인하기 위함,기숙사 짐보관 어디에 하죠ㅠ,기숙사에서 짐을 빼야하는데 어짜피 2개월 정도 뒤에 다시 .. 들어올거라서 짐을 어디에 둬야할지 모르겠네요 그냥 원룸을 알아봐야하나 싶은데 그러기엔 돈 부담이 빡세서요 ㅠㅠ 저같은 사람들은 다들 어떻게 해결하나요...,http://cafe.naver.com/snjconsulting/103961,[취준위]-취업준비위원회 (자소서첨삭...,
11830ff59413d167d49fb67ce2b253ae,naver,cafe,기숙사 짐보관,KW1,공간 대여에 대한 수요가 있는지 확인하기 위함,대학교 기숙사 준비물 뭐 꼭 챙겨야 할까요?,이제 곧 우리 애 기숙사 들어가는데 생각보다 챙길 게 많네요 짐 정리하다 보니까 기숙사 생활하면 꼭 필요한데 처음엔 생각 못 했던 필수템이 많다고 하던데 혹시 선배맘님들 이건 꼭 있어야 해하는 준비물 추천해주실 수...,http://cafe.naver.com/mjann/3604480,"예쁜카페 예카: 그릇,인테리어,스타우...",
f4cd452409160ca9087dc370fa72768a,naver,cafe,기숙사 짐보관,KW1,공간 대여에 대한 수요가 있는지 확인하기 위함,보딩스쿨 기숙사 준비물등..,이제 몇일뒤면 기숙사에 들어갑니다 두가지 궁금한게 있어서 어쭙니다 이것저것 챙기다보니 들어갈때 짐이 너무많네요 좀 줄이고 싶어도 필수품목으로 필요한것들인데 뺄수도 없고.. 기숙은 1년마다 방을 바꾼다 들었어요...,http://cafe.naver.com/diemusic/86372,"조스맘 ""조기유학을 스스로 준비하는 ...",
981a3e55ab2c1d91c2d5cfb66478769a,naver,cafe,기숙사 짐보관,KW1,공간 대여에 대한 수요가 있는지 확인하기 위함,야x) 한달뒤가 무섭다...ㅠㅠ,그리고 개학후 얼마 된것 같지도 않은데 벌써 겨울방학이라니..ㅠㅠ 이번엔 기숙사 몇몇군데 공사를 해야해서 짐 보관이 안된다고 했나봐요... 그리하여 이번엔 데리러 가야합니다...짐을 택배로 보내기엔 너무 많아요.....,http://cafe.naver.com/kiawin/928715,V13을 위하여 응원하는 타이거즈,
68d0a8d347c73947c3c34a374ee3ebc4,naver,cafe,기숙사 짐보관,KW1,공간 대여에 대한 수요가 있는지 확인하기 위함,멜번 간단 이사 ㅡ 이삿짐 보관 추천해주세요,아이가 멜번 기숙사에 있는데 짐은 가구없이 많진 않으나 엘베없고 차없이 혼자하긴 무리라 이사 그리고 짐보관 삼개월 하려는데최선의 방법이 무엇일까요. 아이는 방학시작해서 돌아올거구 집에 ㅡ 내년 2월초에 다른...,http://cafe.naver.com/imsanbu/73057004,맘스홀릭 베이비 (360만 엄마들의 임신...,
37f6f740b7ab1c4b4fa93c1bee7d21ab,naver,cafe,기숙사 짐보관,KW1,공간 대여에 대한 수요가 있는지 확인하기 위함,월세인정될까요?,회사기숙사에서 생활하고있습니다 혹시 개인회생신청하면 이모집 월세인정 받을수있을까요?짐보관 비랑 주소이전해서 매달 현금으로 30정도 드리는데 지금이라도 매매계약서? 작성해놓고 계좌이체해야할까요?...,http://cafe.naver.com/ccrs5500/573258,신용회복위원회 공식카페,
ef797c959588aeffd38de985d16734a4,naver,cafe,기숙사 짐보관,KW1,공간 대여에 대한 수요가 있는지 확인하기 위함,첫 1년 수업이 끝났어요.,"지금 사설 기숙사에 있는데, 한국에는 2달 정도 와 있을 예정이거든요. 사설 기숙사는 1월 중순까지 기간 만료고, 다음 일정은 2월 중순부터 시작되게 될 것 같아요. 다행히 외삼촌이 같은 지역에 있어서 짐은 외삼촌네...",http://cafe.naver.com/honewgroup/58026,호주유학클럽-호주대학/호주조기유학/...,
6af55a02c7c4cae8ac09f0c29a4429db,naver,cafe,기숙사 짐보관,KW1,공간 대여에 대한 수요가 있는지 확인하기 위함,여주대학교 짐보관 서비스 캐리박스 이용 후기,기숙사 나오면서 원룸 계약기간이랑 살짝 맞지 않아 짐 보관할 곳을 찾고 있었는데요. 다른 곳들은 뭐라고 해야하나 캐비넷 사이즈 정도만 되기 때문에 좀 작더라구요. 아무리 짐이 없는 기숙사 생활이었다고 하지만...,http://cafe.naver.com/naturerpg/1288,❤️병의원 정보모아❤️,
29d1a2cc836d23412797591348b7155f,naver,cafe,기숙사 짐보관,KW1,공간 대여에 대한 수요가 있는지 확인하기 위함,여주대 이삿짐보관 다양한 짐보관이 가능한 캐리박스,여주대 이삿짐보관 다양한 짐보관이 가능한 캐리박스 기숙사에 살다가 2학기부터는 자취를 하려고 하는데 짐을 다 빼야하더라구요. 그래서 여주대 이삿짐보관을 알아봤는데요. 저는 한달 정도만 이용해도 괜찮을 것 같아...,http://cafe.naver.com/bk1009/6062634,"급매물과 반값매매-부동산,창업 투자,...",
e7b3984b2b2f0f2a3b431faa54ecd202,naver,cafe,기숙사 짐보관,KW1,공간 대여에 대한 수요가 있는지 확인하기 위함,2024 하계방학 짐보관 안내,첨부파일 관생자치회 '틔움' 짐 보관 사업 신청서.pdf 파일 다운로드 2024 하계방학 짐보관 안내 2023년도 2학기 기숙사 입주 편의를 위해 짐 보관 사업을 실시합니다. 아래 내용을 숙지한 이후 사업 신청서를 작성하여...,http://cafe.naver.com/dormknu/14563,경북대학교 제51대 관생자치회 비상대...,
32d43960696254ac0e006548b56ff749,naver,cafe,기숙사 짐보관,KW1,공간 대여에 대한 수요가 있는지 확인하기 위함,컨텍 방학중 기숙사?,아이랑 통화하다 다음주말에 기숙사 짐을 빼야한다고 하는데 혹시 여름방학 기숙사 운영이 어떻게 되는지 알고 계신분 있으실까요?,http://cafe.naver.com/kongdae/186439,"[이공계의 별★서울대,KAIST,POSTECH,...",
46f5c331d27006d43c11f00819ce99b4,naver,cafe,기숙사 짐보관,KW1,공간 대여에 대한 수요가 있는지 확인하기 위함,방학식때 기숙사 짐,안녕하세요~ 늘 도움받고있어 미리감사드립니다 방학식때 기숙사 짐 (매트리스토퍼포함) 전체를 다 빼야하는건가요? 입소때처럼 부모님은 도움이 필요한건가해서요,http://cafe.naver.com/teukdae/11283,외대부고 정복하기 [외대부고 진학 정...,
12dc0418ba2ac3e3dd29dca0af103063,naver,cafe,기숙사 짐보관,KW1,공간 대여에 대한 수요가 있는지 확인하기 위함,뷔르츠부르크 짐보관,기숙사 입사가 늦어져서 3/14일부터 2주정도 짐보관 해주실 분 찾습니다!!!,http://cafe.naver.com/insidercafe/53006,독일정보 German Insider 카페,
f4e2d643e760b1eec3fbe29da12f2294,naver,cafe,기숙사 짐보관,KW1,공간 대여에 대한 수요가 있는지 확인하기 위함,작은새들의 온기에 힘을 보태고 왔습니다❤️,과감하게 핸드폰을 짐보관 주머니에 넣어버려서 다 끝나고 찍은 풍경 사진밖에 없네요 하핫 너무 감사했던... 많이많이 감사했습니다 콘서트장에서 뵈어요 연봉 마치고 바로 기숙사 입사를 해야했어서 지하철에서...,http://cafe.naver.com/r00mmate/36551,심규선 공식 팬 카페 : 소곡집,
7560ae979cc86b776877e55188d35244,naver,cafe,기숙사 짐보관,KW1,공간 대여에 대한 수요가 있는지 확인하기 위함,휴관 기간 동안 임시 거주에 대해 궁금한 점(+짐 보관),관실이 유지된다는 말은 1학기에 누리관으로 옮기더라도 위 기간까지는 원래 살던 기숙사에서 지내야 한다는 말인가요? 2. 혹시 짐보관이 안된다면 임시 거주 기간 동안 현재 기숙사(재정관)에서 27일까지 있다가 정해진...,http://cafe.naver.com/dormknu/14372,경북대학교 제51대 관생자치회 비상대...,
0df90ce97876492628141878dfe36981,naver,cafe,기숙사 짐보관,KW1,공간 대여에 대한 수요가 있는지 확인하기 위함,겨울방학에 고향가는 송도 대학생들 기숙사 짐 처리 곤란,"송도 내 대학생들이 방학을 맞아 2달동안 짐 보관할 곳을 찾아 헤맵니다. 부모님이 픽업해 가기 어려운 학생들, 특히 외국학생들이 짐 보관에 애를 많이 먹는 것 같습니다. 그래서 그런지, 송도...",http://cafe.naver.com/allthatsongdo/172163,@ 올댓송도,
86d55fbec9502c3240141e675305dd00,naver,cafe,기숙사 짐보관,KW1,공간 대여에 대한 수요가 있는지 확인하기 위함,[한국 국제학교]거창국제학교,"남자 기숙사는 별관 2층에 있으며, 2인 1실인 방 3개와 거실로 이루어진 유닛으로 되어있습니다. 즉 한 유닛에 6명씩 생활한다고 이해하시면 됩니다. 베란다도 있어서 짐보관을 하거나 빨래를 말릴 수도...",http://cafe.naver.com/diemusic/82077,"조스맘 ""조기유학을 스스로 준비하는 ...",
aed408fc1e462f1a2bad6e55dcf9685a,naver,cafe,기숙사 짐보관,KW1,공간 대여에 대한 수요가 있는지 확인하기 위함,연희동 연대북문 조용한 주택가 전 2억3천(반전세 2억에 30),"3.안방은 비교적 크고 넓은 편이며 주방겸 거실에 창고가 있어 짐보관이 용이함. 4.현관앞 데크는 비교적... 사용 불가) 주방 안방 작은방1 작은방2 창고 현관입구 현관입구 들어가는 곳 현관입구에서 본 연대기숙사, 안산",http://cafe.naver.com/kig/17953383,ㆍ피터팬의 좋은방 구하기ㆍ,
c62c67d74de2e5b04d258f4cf83d3dc9,naver,cafe,기숙사 짐보관,KW1,공간 대여에 대한 수요가 있는지 확인하기 위함,북경 짐보관 도움주세요!,제가 북경유학생인데 방학때 2달간 한국에 있으려고 하는데 기숙사에 짐을 두려면 두달방세를 내야한다하더라구요 두달이면 백만원을 지불해야해서요 제가 살지도 않는데 아까워서요 혹시 북경에 짐맡기는곳 있을까요ㅜㅜ,http://cafe.naver.com/zhcafe/722773,"!▷중정공☞ 중국유학생활,중국여행,무...",
8a85a0460261ea78dc221b566f468051,naver,cafe,기숙사 짐보관,KW1,공간 대여에 대한 수요가 있는지 확인하기 위함,송도에 기숙사 생활하는 대학생들이 많은데 방학때는 어떻게 하죠??,이번 여름방학에도 기숙사 짐보관을 하려고 합니다. 차가 없는 학생들한테는 운반서비스를 제공합니다. 주변에 혹시 이런 학생이 있으면 알려주세요. 학생들에게는 좋은 정보가 될겁니다. 오픈 초기라서 창고에 여유가...,http://cafe.naver.com/allthatsongdo/161109,@ 올댓송도,
ae1035933884ccfbeff627e5ebf75670,naver,cafe,기숙사 짐보관,KW1,공간 대여에 대한 수요가 있는지 확인하기 위함,기숙사 짐보관,"여름방학때 3개월 한국올때, 기숙사 짐보관은 엍덯게 하면 좋을까요? 오레곤 코발리스 OSU 입니다",http://cafe.naver.com/gototheusa/1036466,"[미준모] 미국여행,유학,취업,이민,영...",
90138cae202533278c1af431b485f54a,naver,cafe,기숙사 짐보관,KW1,공간 대여에 대한 수요가 있는지 확인하기 위함,(부탁드려요)해밀턴 짐보관,구했는데 기숙사에서 짐을 빼고 한국에 와야해서 짐을 보관할곳을 찾고있습니다. 아는 지인도 없고 알아보니 학교측에는 없다고 하네요 ㅜㅜ 당연 있을줄 알았는데 ㅜㅜ 해밀턴 짐 보관할곳 알고계시면 꼭 좀 알려주세요...,http://cafe.naver.com/bubblepalyer/22831,♥스위트캐나다♥토론토가족유학커뮤니...,
0a9a8b972b2fe55374e5054fbb8c4916,naver,news,기숙사 짐보관,KW1,공간 대여에 대한 수요가 있는지 확인하기 위함,"[2025 경희대학교 캠퍼스타운 스타트업 CEO] AI, RPA, 디지털 트윈 기술을...","협력사와 학생들의 요청으로 대학생 기숙사 짐보관, 교환학생 짐 처분 등 다양한 니즈에도 대응하고 있다. 한 대표는 “우리의 비전은 단순히 물건을 보관하는 데서 그치지 않고 더 나아가 사용자의 삶에 실질적인...",https://magazine.hankyung.com/job-joy/article/202507187128d,magazine.hankyung.com,2025-07-18
3b0c524fef86f90b2b3268066a0c0da5,naver,news,기숙사 짐보관,KW1,공간 대여에 대한 수요가 있는지 확인하기 위함,기숙사 짐 가지러 가고 개강 후 가져다주는 기숙사 짐보관 서비스 관심,이번 서비스 오픈을 통해 방학 기간 기숙사나 자취방의 짐보관을 고민하던 학생들의 불편함이 크게 해소될 것으로 기대된다. '방학동안 마타주'는 7월 7일까지 마타주 앱을 통해 간편하게 주문할 수 있다. 사용자가 픽업...,http://www.fntoday.co.kr/news/articleView.html?idxno=322893,www.fntoday.co.kr,2024-06-14
797b89e0d0c71500a982a55fb898526c,naver,news,기숙사 짐보관,KW1,공간 대여에 대한 수요가 있는지 확인하기 위함,"라이프 스토리지 '오호', 19개 대학교에 '기숙사 짐보관 서비스'","대학교에 짐 보관 서비스를 제공한다고 5일 밝혔다. 이 서비스는 공간이 부족한 사람들이 편리하게 필요한... 건국대, 이화여대, 홍익대, 한양대 등 각 대학교 기숙사의 퇴사일에 맞춰 기숙사 앞 광장 등에 행사 부스를...",http://yna.kr/AKR20181205107300848?did=1195m,yna.kr,2018-12-05
f6ebe052d3a75bb3b79df5bfc6f24c9e,naver,news,기숙사 짐보관,KW1,공간 대여에 대한 수요가 있는지 확인하기 위함,"㈜라이뷰 짐보관 서비스 ‘아이엠박스’, 대학생들에 어필","당장 새집을 구하기도 어렵고, 기숙사에 있던 본인의 짐 처리가 곤란하기 때문이다. ㈜라이뷰(대표이사 남성훈)는 이처럼 이동이 잦은 1인 가구를 위해 ‘아이엠박스’ 짐보관 서비스를 운영해 눈길을 끌고 있다....",http://www.dailysecu.com/?mod=news&act=articleView&idxno=35247,www.dailysecu.com,2018-06-11
e1352ca62a1b8336dab6c34f9f2dabf0,naver,news,기숙사 짐보관,KW1,공간 대여에 대한 수요가 있는지 확인하기 위함,꼭 필요한 곳에 필요한 서비스를 제공하다. 기숙사 짐보관 오호캠퍼스 ...,"위한 짐보관 서비스인 오호 캠퍼스 행사를 진행하고 있다. 2015년 여름부터 시작해 5번째 행사를 진행하고 있는 오호(Oho)는, 방학 동안 대학생 기숙사/원룸 짐을 보관해주는 서비스이다. 올 해는 서울에 위치한 17개...",http://mbn.mk.co.kr/pages/news/newsView.php?category=mbn00007&news_seq_no=3254076,mbn.mk.co.kr,2017-06-15
2a154243f7bac59de2aa45f22b2af823,naver,news,기숙사 짐보관,KW1,공간 대여에 대한 수요가 있는지 확인하기 위함,"마타주, 종강 앞둔 기숙사생 짐보관 위한 대학교 특별 행사 개최","마타주 측은 ""종강을 앞두고 짐을 빼야 하는 기숙사 특성에 따라 적지 않은 기숙사생들이 매번 짐보관할 장소를 알아보거나 고향집으로 짐을 보내야하는 고충이 있는 것으로 알고 있다""며, ""고충을 해결해주고자 보다...",http://www.enewstoday.co.kr/news/articleView.html?idxno=656367,www.enewstoday.co.kr,2016-12-09
1327c417999f87d4ef140f88d9ee2b2b,naver,kin,기숙사 짐보관,KW1,공간 대여에 대한 수요가 있는지 확인하기 위함,경기도 오산에서 구미로 이사 및 짐보관,경기도 오산에서 경상북도 구미로 이사를 가려하는데 도착지가 기숙사에 아직 정확한 입주 날짜 및 세부 입주 장소가 정해지지 않은 상태입니다...! 2월29일부터 최대 2주정도 짐보관 예정이며 짐은 가전제품(전자레인지) 1개랑 파란...,https://kin.naver.com/qna/detail.naver?d1id=8&dirId=81208&docId=464376770&qb=6riw7IiZ7IKsIOynkOuztOq0gA==&enc=utf8,지식iN,
4e9f1b8e010e68da1131fa8fad1a276e,naver,kin,기숙사 짐보관,KW1,공간 대여에 대한 수요가 있는지 확인하기 위함,대학 자취 VS 기숙사,... 학교마다 다르겠지만 학기중이라면 항상 기숙사는 열려있습니다 근데 또 가끔 밤늦게 오면 안열어주거나 점호해서 없으면 벌점먹여서 내보내는 경우도 있고 학기 끝나면 방빼야하기도해서 짐보관에 어려움이 있다면 값싼 자취방을...,https://kin.naver.com/qna/detail.naver?d1id=11&dirId=110411&docId=459172349&qb=6riw7IiZ7IKsIOynkOuztOq0gA==&enc=utf8,지식iN,
6a2e0ee225aa46b9dc348e847eab2e5d,naver,kin,기숙사 짐보관,KW1,공간 대여에 대한 수요가 있는지 확인하기 위함,방정리하는법!!!!!,... 미니팬트리 짐보관 4. 인테리어 가구는 실패률 적은 원목 가구는 어떠세요 ?? 책이 많으시다면 질문자께서 말씀하신 저렴한 미니 책꽂이는 어떠신가요 ? 한칸책장 책 북 트롤리 카트 아기 미니 다이소 책꽂이 기숙사필수품 북트레이 5....,https://kin.naver.com/qna/detail.naver?d1id=5&dirId=50501&docId=375992337&qb=6riw7IiZ7IKsIOynkOuztOq0gA==&enc=utf8,지식iN,
faecebad91b216c5ff54f053d0cd4256,naver,kin,기숙사 짐보관,KW1,공간 대여에 대한 수요가 있는지 확인하기 위함,서울 원룸이사,"... 대학생들의 방학이 시작되면서 대학의 기숙사와 학교 주변의 원룸에서는 이사 대란이 펼쳐지고 있습니다. 원룸도... 이럴 때, 필요한 것이 바로 짐 보관 서비스입니다. 다소 생소한 단어에 갸우뚱거리는 분들도 계시겠지만 짐 보관...",https://kin.naver.com/qna/detail.naver?d1id=8&dirId=81001&docId=348927873&qb=6riw7IiZ7IKsIOynkOuztOq0gA==&enc=utf8,지식iN,
0c49891b757a30217b89e1206652f162,naver,kin,기숙사 짐보관,KW1,공간 대여에 대한 수요가 있는지 확인하기 위함,이삿짐 보관(?),"... 대학생들의 방학이 시작되면서 대학의 기숙사와 학교 주변의 원룸에서는 이사 대란이 펼쳐지고 있습니다. 원룸도... 이럴 때, 필요한 것이 바로 짐 보관 서비스입니다. 다소 생소한 단어에 갸우뚱거리는 분들도 계시겠지만 짐 보관...",https://kin.naver.com/qna/detail.naver?d1id=8&dirId=810&docId=347276302&qb=6riw7IiZ7IKsIOynkOuztOq0gA==&enc=utf8,지식iN,
c2da5537089177fe70c9b243403c5046,naver,kin,기숙사 짐보관,KW1,공간 대여에 대한 수요가 있는지 확인하기 위함,군입대시 짐 보관,"... 대학생들의 방학이 시작되면서 대학의 기숙사와 학교 주변의 원룸에서는 이사 대란이 펼쳐지고 있습니다. 원룸도... 이럴 때, 필요한 것이 바로 짐 보관 서비스입니다. 다소 생소한 단어에 갸우뚱거리는 분들도 계시겠지만 짐 보관...",https://kin.naver.com/qna/detail.naver?d1id=8&dirId=81003&docId=345723664&qb=6riw7IiZ7IKsIOynkOuztOq0gA==&enc=utf8,지식iN,
2904939dfb650555a9bb337f83fba4c9,naver,kin,기숙사 짐보관,KW1,공간 대여에 대한 수요가 있는지 확인하기 위함,안녕하세요. 현재 대학교 다니는 학생,... 팁을 드리자면 부모님에게 기름값을 달라 하시고 옷박스 2개랑 일반박스 두개면 기숙사 이사 중간고수 이후에 개꿀이랍니다. 자자~ 내공주세요! 월 2-3만원이면 배송까지 해주니 그게 더 나을듯용 강남역 짐보관 하실거면...,https://kin.naver.com/qna/detail.naver?d1id=11&dirId=110502&docId=329402954&qb=6riw7IiZ7IKsIOynkOuztOq0gA==&enc=utf8,지식iN,
3897719f85904b5acc9d01bb0f7226c8,naver,kin,기숙사 짐보관,KW1,공간 대여에 대한 수요가 있는지 확인하기 위함,한달정도 짐보관 이용하고싶은대요!,동생이 기숙사생활을 하고 있다가 집을 얻어 나오는대요~ 이사할 집과 이사기간이 맞지 않아서 잠깐 짐을 맡겨야하는 상황인지라... 짐 보관 서비스 검색해보고 있었는데.. 오호라는 곳이 뜨더라구요 저희 집에 짐을 놓기에는 너무 좁아서...,https://kin.naver.com/qna/detail.naver?d1id=8&dirId=81003&docId=296017257&qb=6riw7IiZ7IKsIOynkOuztOq0gA==&enc=utf8,지식iN,
5ddfd54659a85464fe398acec036f463,naver,kin,기숙사 짐보관,KW1,공간 대여에 대한 수요가 있는지 확인하기 위함,기숙사 짐보관,기숙사에서 나가기 전에 짐 보관을 할려고 기숙사짐보관서비스를 알아보고 있습니다! 오호 좋다고들 하는데 알아보니까 오호는 제가 이용할 수 있는 날짜가 아니더군요.ㅠㅠ 개별배송도 어렵다는 답변을 들었구요. 오호를 제외하고...,https://kin.naver.com/qna/detail.naver?d1id=8&dirId=81003&docId=289619537&qb=6riw7IiZ7IKsIOynkOuztOq0gA==&enc=utf8,지식iN,
58276ad29712a6c0bd9130b4d2103960,naver,kin,기숙사 짐보관,KW1,공간 대여에 대한 수요가 있는지 확인하기 위함,23일에 상자 5개정도 차로 10분거리 정도 이구요 3월...,"23일에 상자 5개정도 차로 10분거리 정도 이구요 3월 1일에 짐을 받고 싶은데 금약이 어떻게 책정될까요 대학생이라 기숙사 짐보관할곳이 없어서요. 안녕하세요.. 기숙사 ~ 근처 까지 용달운반비용 답변입니다 소화물, 작은짐은...",https://kin.naver.com/qna/detail.naver?d1id=3&dirId=31506&docId=270680374&qb=6riw7IiZ7IKsIOynkOuztOq0gA==&enc=utf8,지식iN,
22da928a1582ed2c89a554a409beed22,naver,kin,기숙사 짐보관,KW1,공간 대여에 대한 수요가 있는지 확인하기 위함,일본 유학중에..(내공40),현재 일본 유학중에 있고 카나가와 현에 잇는 기숙사에 살고 있습니다. 내일 대학입학을 하구요 궁금한게 몇가지가... 짐보관?? 해주는 곳이 잇다고 들었는데 비용은 얼마나 될까요... 가전제품같은건 고데기 밖에 없고 의류랑 이불뿐인데....,https://kin.naver.com/qna/detail.naver?d1id=11&dirId=110804&docId=107550753&qb=6riw7IiZ7IKsIOynkOuztOq0gA==&enc=utf8,지식iN,
8e1612ed84552f2b85f35788efede48e,naver,kin,기숙사 짐보관,KW1,공간 대여에 대한 수요가 있는지 확인하기 위함,메인보드에 이상이 있는 걸까요?(내공),"지신인분들 제발 도와주세여 ㅠㅠ흑흑 제가 9월에 컴퓨터를 사고 1월부터 2월말까지는 학교짐보관하는 곳에 컴퓨터를 맡기고 집에 내려가있다가, 기숙사 입사를 시작하고 오늘 컴퓨터 방에 설치하고 켰는데 처음에 컴퓨터가 켜지다가...",https://kin.naver.com/qna/detail.naver?d1id=1&dirId=101&docId=72754873&qb=6riw7IiZ7IKsIOynkOuztOq0gA==&enc=utf8,지식iN,
db0c98533e279ad4e6dd938e4f0b8a6c,naver,kin,기숙사 짐보관,KW1,공간 대여에 대한 수요가 있는지 확인하기 위함,언니와 자취를 하려고 합니다.,... 일단 2번부터 말씀드리겟습니다 2번의 경우는 기숙사 같은것입니다. 말그대로 취사가 불가능하죠 혹시나 모르겠는데....세면도 불가능한경우의 집이 있거든요(가능하지만 무진장 불편한곳-_-정말 나쁜곳이죠 그리고 짐보관도 엄청...,https://kin.naver.com/qna/detail.naver?d1id=4&dirId=40202&docId=33269883&qb=6riw7IiZ7IKsIOynkOuztOq0gA==&enc=utf8,지식iN,
9a8e40b59cba10beb186ef1ce69a00a7,naver,blog,이사 짐보관,KW1,공간 대여에 대한 수요가 있는지 확인하기 위함,화성시 능동에어컨설치 이전 잘하는곳 추천,원래는 짐이 그렇게 많지 않을 거라고 생각했는데 막상 정리를 시작해 보니 창고에 보관해 둔 물건부터... 아침부터 이삿짐 차량이 도착했고 냉장고 설치와 세탁기 설치 일정까지 겹쳤습니다. 거실은 짐으로...,https://blog.naver.com/yqbarrier/224319861990,yqbarrier님의 블로그,2026-06-18
eb4025798a14297289a8d65a31fbbab8,naver,blog,이사 짐보관,KW1,공간 대여에 대한 수요가 있는지 확인하기 위함,[ 집치울때 ] 서울 광진구 자양동 빌라 4층 쓰레기집정리...,⭐ 010-****-**** 집치울때는 입주청소나 베란다 청소 및 이삿짐 정리 진행은 어려우며 유품정리... 가져와 보관하셨다고 말씀해 주셨습니다. 또한 성격이 워낙 완고하셔서 자녀분들이 집 안으로 들어오는 것조차...,https://blog.naver.com/langlangshop/224319841500,집치울때 010-9060-7799,2026-06-18
95ec8cbf9316c6ae252b98e7fcef5733,naver,blog,이사 짐보관,KW1,공간 대여에 대한 수요가 있는지 확인하기 위함,생활의지혜 이삿짐용 대형 이사 비닐봉투 그레이 보관하기 편한,호불호 적은 아기용품 대여 생활의지혜 이삿짐용 대형 이사 비닐봉투 그레이 보관하기 편한 생활의지혜 이삿짐용 대형 1. 생활의지혜 이삿짐용 대형 이사 준비가 더 쉬워진다? 대형 이사 비닐봉투 그레이로...,https://blog.naver.com/o_wxg568/224319829607,o_wxg568님의 블로그,2026-06-18
4394b1e4d469d9dedcfb79f2c651e066,naver,blog,이사 짐보관,KW1,공간 대여에 대한 수요가 있는지 확인하기 위함,"시화MTV 푸르지오 디오션 입주청소, 보이지 않는 공사먼지까지...","입주 후 고객님이 실제로 생활하면서 손이 자주 닿는 곳, 물건을 보관하는 곳, 먼지가 쌓이기 쉬운 곳을... 특히 빈집 상태에서 청소가 완료되면 이삿짐이 들어오기 전 바로 정리하기 좋습니다. 이번 현장의...",https://blog.naver.com/gorae-home/224312653581,줄눈 청소 나노코팅 탄성 고래홈클린,2026-06-18
228e01fb3c7dfb9dbeeb52259ba78dd2,naver,blog,이사 짐보관,KW1,공간 대여에 대한 수요가 있는지 확인하기 위함,"""38주째 오르는데 어쩌죠?"" 부산 전셋값 폭등에 결국 상급지로...","요즘처럼 전세 매물이 부족하고 이사 날짜 맞추기가 하늘의 별 따기인 격변기 속에서, 고객님이 잔금과 금융 업무에만 집중하실 수 있도록 이삿짐의 포장, 운송, 보관(필요 시), 그리고 새 집에서의 프리미엄...",https://blog.naver.com/tonginexp_pk/224319690136,부산/울산/경남 권역 블로그,2026-06-18
d85e2f58f57b06836e1e5ce0154b08f6,naver,blog,이사 짐보관,KW1,공간 대여에 대한 수요가 있는지 확인하기 위함,이사 준비 체크리스트 D-30부터 당일까지 이것만 보면 끝...,"[ ] 귀중품 별도 보관: 노트북, 귀금속, 현금, 계약서 등은 이삿짐 트럭에 태우지 말고 본인 차량이나 가방에 따로 보관하세요. [ ] 냉장고 파먹기 완료: 남은 음식물을 전날까지 최대한 처분하고, 냉동식품은...",https://blog.naver.com/moveuniversity24/224319611225,이사 무료 견적 비교 - 이사대학,2026-06-18
635e434df16101cfe27c969525c2e824,naver,cafe,이사 짐보관,KW1,공간 대여에 대한 수요가 있는지 확인하기 위함,[On shipping | 온쉬핑] 공지- 한국 ➔ 호주 해상택배 이번 주 마감 및 서비스 안내 (공구/창고/이삿짐),"창고 보관 서비스 Service 2. 공구 물류 통관 Service 3. 해외 이민, 이사 ❤️Service 1. 공구 물류 통관 대리... 창고 보관 서비스 온쉬핑 3PL 스마트 공유창고 오픈! 주당 $15 호주에서 짐이나 재고 둘 곳 없어 고민인 분들...",http://cafe.naver.com/ausseconhand/1524746,호주 벼룩시장,
b0fd87d0b3e2f6c1572728958df6ad06,naver,cafe,이사 짐보관,KW1,공간 대여에 대한 수요가 있는지 확인하기 위함,거제유품정리 돌아가신 고인집 비워드립니다,많은 분께서 유품정리를 그저 이삿짐을 버리는 일과 비슷하다고 착각하십니다. 하지만 세월이 축적된 흔적을... 주방과 베란다 선반 위에는 수많은 주방 집기와 오랜 기간 보관된 미세 생활용품이 복잡하게 얽혀...,http://cafe.naver.com/overseer/1683000,셀프 인테리어 My Home (혼자하는 집수...,
184d7c0b91f955e588289c63fbd8953d,naver,cafe,이사 짐보관,KW1,공간 대여에 대한 수요가 있는지 확인하기 위함,이사청소 게시판 이용안내,"귀중품, 서류, 개인 물품은 미리 따로 보관해주세요. 이사청소는 빈집 상태일수록 작업이 수월합니다. 짐이... 이삿짐이 빠지는 시간, 새 입주자가 들어오는 시간, 청소 가능 시간, 엘리베이터 사용 시간 등이 겹치면 작업이...",http://cafe.naver.com/pink9mfqn/234199,청소가 필요한 날엔 by 열매클린케어,
37c0d9de6f77c86bf586a499b50b4ba9,naver,cafe,이사 짐보관,KW1,공간 대여에 대한 수요가 있는지 확인하기 위함,인테리어할때 짐 어떻게 하나요!?,바닥만 안해요 ..ㅠ ㅠ 짐있는 집인데 분진가루 때문에 냉장고 다 망가진다는데 ㅠ ㅠ이사비용 두번내면서 짐보관하기 너무 아깝고 ㅠ 짐있므면 추가비용 많이들어간다 하시는데 얼마가 들어갈지도 모르는 상태에요 ㅛ,http://cafe.naver.com/overseer/1682907,셀프 인테리어 My Home (혼자하는 집수...,
f27d0ca43487a70ab3f34f8be2cbf8a1,naver,cafe,이사 짐보관,KW1,공간 대여에 대한 수요가 있는지 확인하기 위함,포항입주청소 신축아파트 입주 전 진행한 실제 후기,"수납장은 식기와 생활용품을 보관하는 공간이며, 창틀은 외부 먼지가 가장 쉽게 쌓이는 곳입니다. 입주... 입주 전 미리 청소를 진행한 덕분에 이삿짐 정리도 더욱 편하게 할 수 있을 것 같다고 말씀해 주셨습니다....",http://cafe.naver.com/fmhansam/23568,✔️청소뱅크 1551-0158,
30fb6e702be6f55739d2983a457562f1,naver,cafe,이사 짐보관,KW1,공간 대여에 대한 수요가 있는지 확인하기 위함,양양입주청소 이사 전 놓치기 쉬운 부분까지 꼼꼼하게,"이삿짐이 들어오기 전에는 방과 거실, 주방을 자유롭게 이동하며 꼼꼼한 청소가 가능하지만 입주 후에는... 보관 공간은 더욱 세심하게 입주 후 가장 먼저 사용하는 공간 중 하나가 수납장입니다. 주방 수납장, 신발장...",http://cafe.naver.com/fmhansam/23528,✔️청소뱅크 1551-0158,
a4abf8593403a91d3eeb946e3c24dabc,naver,cafe,이사 짐보관,KW1,공간 대여에 대한 수요가 있는지 확인하기 위함,포로성 의류 수납함 5종 비교 추천,2위 — 1+1 투명 대용량 방수·방습 의류 수납백 이불 보관 투명 접이식 정리함 초대형 옷 보관박스 이삿짐 가방 방수/부피순삭 2. 1+1 투명 대용량 방수·방습 의류 수납백 이불 보관 투명 접이식 정리함 초대형 옷...,http://cafe.naver.com/ourman/611141,필리핀 세부 캡슐트레블 - 자유여행/맛...,
52c0a8d3f46a0aef0db281929208e23d,naver,cafe,이사 짐보관,KW1,공간 대여에 대한 수요가 있는지 확인하기 위함,KBS 다큐@KBSDocumentary•구독자 276만명•동영상 4.7만개A-005./2026/06/17/06/20//,6만4개월 전 12:04 전셋집 없어서 이삿짐 통째로 창고행... '생계형 보관' 늘어나는 대한민국 전세대란 | KBS 취재파일 K 20130830 방송 7.4천4개월 전 47:58 [2025 방송대상 수상작] 한국전쟁의 보급로였던...,http://cafe.naver.com/jmsong0829/69669,미래의 세계와 건축 설계,
a2240aae68e41cc9a9120488d427520a,naver,news,이사 짐보관,KW1,공간 대여에 대한 수요가 있는지 확인하기 위함,"스토리지엠, 홈즈컴퍼니와 MOU 체결… 집배송 짐보관 서비스 이용 시 혜...",고려한 짐보관 서비스를 지속적으로 개발하고 있다. 박건태 스토리지엠 대표이사는 “홈즈컴퍼니와의 업무협약을 통해 앞으로 1인 가구 입주민들에게 편리한 짐보관 솔루션을 제공하면서 새로운 주거 라이프 스타일을...,https://www.sedaily.com/NewsView/2DH0QWL64H,www.sedaily.com,2024-11-28
6d202bb7d2a8c82e4d6de62d2e357548,naver,news,이사 짐보관,KW1,공간 대여에 대한 수요가 있는지 확인하기 위함,"홈즈컴퍼니, 스토리지엠과 MOU…집배송·짐보관 서비스 제공",이태현 홈즈컴퍼니 대표이사는 “스토리지엠의 편리한 짐보관 서비스를 만나 좋은 시너지가 날 것으로 기대한다”며 “고객과 운영 관점에서 주거 생활의 질을 높이기 위한 방안을 지속 고민하겠다” 고 밝혔다.,https://www.etnews.com/20241127000075,www.etnews.com,2024-11-27
21784f152ce897f128e09d726af31230,naver,news,이사 짐보관,KW1,공간 대여에 대한 수요가 있는지 확인하기 위함,[더벨][오늘의집 유니콘 성장기]지속 성장 키워드 '1인당 객단가 상승+해...,"이사와 청소, 수리, 짐보관 등 서비스 영역들로 확대해 나가고 있는 게 그 일환이다. 이를 위해 M&A 전략을 택하고 있다. 대표적인 사례가 바로 집다 M&A다. 집다는 가정 내 조명·가구 설치, 배관 수리 등 간단한 작업을...",http://www.thebell.co.kr/front/free/contents/news/article_view.asp?key=202204271313030480101530,www.thebell.co.kr,2022-05-02
17b7573f4793efdf0e4fe1ae19438afb,naver,news,이사 짐보관,KW1,공간 대여에 대한 수요가 있는지 확인하기 위함,"짐보관 서비스 '아이엠박스', 유휴공간 활용도 극대화 프로젝트 진행","짐보관 서비스 전문 '아이엠박스'가 공간 활용도 극대화 및 장기 공실 최소화 프로젝트를 진행하고 있다고... 현재 고객의 75% 가 1인 가구이며, 주로 이사 날짜가 맞지 않을 때 이삿짐을 보관하거나 집이 비좁을 때 개인...",http://www.ksilbo.co.kr/news/articleView.html?idxno=932068,www.ksilbo.co.kr,2022-04-11
965255006a4d11b0677c9dec753ee745,naver,news,이사 짐보관,KW1,공간 대여에 대한 수요가 있는지 확인하기 위함,"아이엠박스, 신한 오픈이노베이션 4기 '젠스타메이트' 협업우수팀으로...",짐보관 서비스 아이엠박스는 이사 날짜가 맞지 않거나 주거 공간이 좁은 수도권 거주민들을 위한 서비스다. 보관 공간이 필요한 분들에게 보관 공간과 배송 서비스를 제공하며 빠르게 성장하고 있다. 아이엠박스를...,https://www.dailysecu.com/news/articleView.html?idxno=134442,www.dailysecu.com,2022-02-21
874d8f9139e556175a7559aefb8151a1,naver,news,이사 짐보관,KW1,공간 대여에 대한 수요가 있는지 확인하기 위함,"아이엠박스, 젠스타메이트 선정 협업 우수팀 선정","짐보관 서비스 아이엠박스를 운영하는 라이뷰가 '신한 오픈이노베이션 4기'에 참여, 파이널라운드에서... 아이엠박스는 이사 날짜가 맞지 않거나 주거 공간이 좁은 수도권 거주민들을 위한 서비스다. 이를 바탕으로 보관...",http://www.econovill.com/news/articleView.html?idxno=563650,www.econovill.com,2022-01-27
3e363b0f562164b163afe3056a1a2e72,naver,news,이사 짐보관,KW1,공간 대여에 대한 수요가 있는지 확인하기 위함,"도심 스토리지 솔루션 '오호(oho)', SK D&D와 업무 협약 체결","또한 오호 측은 SK D&D 입주민의 주거 생활 편의를 위해 ‘안심 이사 서비스’를 함께 제공한다. 이를 통해... 현재 공간 재생 전문기업으로서 짐 보관 뿐만 아니라 유휴도심공간을 활용, 재생할 수 있는 다양한 SaaS(Space as...",http://www.edaily.co.kr/news/newspath.asp?newsid=02696166629210296,www.edaily.co.kr,2021-10-06
0b39bf34472541efcf07cb093a0e51bf,naver,news,이사 짐보관,KW1,공간 대여에 대한 수요가 있는지 확인하기 위함,"'도심창고 곳간', 픽업서비스 가능한 짐보관 서비스 제공","집이 비좁은 1인 가구나 이사를 준비하는 사람, 미니멀라이프를 원하는 사람들 사이에서 셀프스토리지 도심창고 곳간이 인기를 끌고 있다. 도심창고 곳간은 앱을 통해서도 간편하게 이용이 가능하다. 앱에서 원하는...",http://www.ksilbo.co.kr/news/articleView.html?idxno=913404,www.ksilbo.co.kr,2021-09-19
c6f32d002aec4ba84ce136a0d392cbfd,naver,news,이사 짐보관,KW1,공간 대여에 대한 수요가 있는지 확인하기 위함,늘어나는 1인 가구를 위한 스타트업,"◆ 1인 내집마련 꿈, 쉐어하우스부터 이사 짐보관까지 스무 살 이후 학교, 직장 등의 문제로 부모의 품을 떠나 홀로서기를 하는 이들의 가장 큰 걱정거리는 단연 주거문제다. 최근 대한민국은 공급 부족으로 인한...",https://www.venturesquare.net/830521,www.venturesquare.net,2021-06-07
51165b1b954d14c54d9a704ddbf43cca,naver,news,이사 짐보관,KW1,공간 대여에 대한 수요가 있는지 확인하기 위함,"아이엠박스, 기업 대상 B2B 짐보관 패키지 런칭","역시 짐 보관 서비스 이용이 가능한데 집이 너무 좁을 때, 장시간 집을 비울 때, 이사 날짜가 맞지 않을 때, 계절에 따라 의류 또는 가전제품 등을 보관해야 할 때 아이엠박스가 최적의 서비스로 다가갈 것""이라고 전했다....",http://www.kdpress.co.kr/news/articleView.html?idxno=100829,www.kdpress.co.kr,2021-02-17
3eb4d6bfe0b8ccf4388390053d548dda,naver,news,이사 짐보관,KW1,공간 대여에 대한 수요가 있는지 확인하기 위함,"[부산이전 현대페이 미리보기] 부산기업 현대페이, 내년 부산 스마트투...","경영은 신한은행 출신의 김정익 대표이사가 올 4월부터 맡고 있다. 신한은행... 이 과정에서 가이드 및 통역, 교통수단은 물론 '짐캐리', '백스테이션'과 같은 짐보관 서비스와도 연동된다. 뿐만 아니라 사업자들도...",https://www.nbntv.kr/news/articleView.html?idxno=133572,www.nbntv.kr,2019-11-13
114a578b60afd23dd47d78da70c8fdd7,naver,kin,이사 짐보관,KW1,공간 대여에 대한 수요가 있는지 확인하기 위함,이사 비용이 총 얼마나 나올 까요? 짐 보관 비용 정확 하게!,... 만약에 저희가 7월 29일 날 이삿짐 물건 다 빼주고 보관을 7일 정도 한 후 8월 5일 날 이삿짐 보관 했던 거 빼서 이사 간다면 총 이사 비용은 얼마나 나올 까요? 그니까 차 두번 쓰는 비용은 얼마 고? 짐 보관 7일 정도하면 얼마 일까요?...,https://kin.naver.com/qna/detail.naver?d1id=8&dirId=81003&docId=493604717&qb=7J207IK/7KeQ67O06rSA&enc=utf8,지식iN,
7d45b4480aa89e29332ed6793a8718d4,naver,kin,이사 짐보관,KW1,공간 대여에 대한 수요가 있는지 확인하기 위함,오피스텔 이사전 보증금,"... 오전 9~11시: 지금 사는 오피스텔에서 이삿짐을 차에 싣습니다. 짐이 다 빠지면 집주인(또는 부동산)이 와서 집... 만약 날짜가 도저히 안 맞아서 짐을 빼야 한다면?: '보관 이사' 활용 기존 집은 무조건 비워줘야 하는데, 새집에는...",https://kin.naver.com/qna/detail.naver?d1id=4&dirId=4020202&docId=493747808&qb=7J207IK/7KeQ67O06rSA&enc=utf8,지식iN,
1587ebd068077fd2db8bc00c34a94803,naver,kin,이사 짐보관,KW1,공간 대여에 대한 수요가 있는지 확인하기 위함,수원 이사짐 장기 보관,지역은 수원이고 해외 체류로 이삿짐을 장기보관(6개월 이상) 해야 되는데 근처에 이사+창고 보관 임대까지 괜찮은 곳을 알려주셨으면 합니다. 주요 보관 물품은 냉장고 등 가전 제품일부와 서적이 대부분 이구요. 비용도 같이...,https://kin.naver.com/qna/detail.naver?d1id=8&dirId=81003&docId=277277103&qb=7J207IK/7KeQ67O06rSA&enc=utf8,지식iN,
0836f9bf54b5003f6fa0324df9675922,naver,kin,이사 짐보관,KW1,공간 대여에 대한 수요가 있는지 확인하기 위함,임차인의 명도 거부와 보증금 지연이자 문제 해결 방안,"... 임차인의 명도 거부 및 지연이자 요구 상황 임차인은 오늘 이삿짐을 빼면서 본인들의 대형 철제 선반, 행거, 옷가지... 이 기간의 비용은 향후 정산 자료로 보관해 두시기 바랍니다. 3. 비밀번호를 인도받은 뒤 실측된 도배비...",https://kin.naver.com/qna/detail.naver?d1id=6&dirId=60215&docId=493776180&qb=7J207IK/7KeQ67O06rSA&enc=utf8,지식iN,
d190d382024391d8731a37eda3b71dd7,naver,kin,이사 짐보관,KW1,공간 대여에 대한 수요가 있는지 확인하기 위함,하루 보관후 인천 부평 - 울산 이사,제가 사정이 있어서 11월 10일부터 11월 11일 하루 이삿짐을 보관후에 인천부평에서 울산으로 이사를 해야하는데 보관 & 이사 비용이 궁금합니다 지금 사는 곳은 원룸이라 이삿짐이 많진않지만 오토바이가 한 대 있습니다. 이삿짐...,https://kin.naver.com/qna/detail.naver?d1id=12&dirId=1204&docId=431665814&qb=7J207IK/7KeQ67O06rSA&enc=utf8,지식iN,
901f6cd6a5328be925cfdbe1fceb181f,naver,kin,이사 짐보관,KW1,공간 대여에 대한 수요가 있는지 확인하기 위함,분당 인근에 이삿짐 보관할만한곳좀 추천해 주세요,"... 짐이 많지 않아서 용달하나 불러서 직접 맡기려고 하는데 분당이나 광주 인근지역에 이삿짐 보관해 주는곳 알고 계신분 답변 주시면 감사하겠습니다 안녕하세요, 아정당입니다! 분당이나 광주 인근에는 소형 이삿짐도 맡길 수 있는...",https://kin.naver.com/qna/detail.naver?d1id=8&dirId=81003&docId=172830896&qb=7J207IK/7KeQ67O06rSA&enc=utf8,지식iN,
82c46b2a82977726f701f2c753e0b8e2,naver,kin,이사 짐보관,KW1,공간 대여에 대한 수요가 있는지 확인하기 위함,단기임대 마지막 월세 상계 가능한가요?,... 당일 이삿짐을 빼면서 집주인과 함께 집 상태를 확인하고 사진이나 동영상으로 원상복구 상태를 증명해 두시면... 형태로 보관하십시오. 계약서 사본과 그동안 월세를 임대인이 지정한 타인 명의 계좌로 입금해 온 내역서도 빠짐없이...,https://kin.naver.com/qna/detail.naver?d1id=4&dirId=4020202&docId=493702902&qb=7J207IK/7KeQ67O06rSA&enc=utf8,지식iN,
1efa8972d0e22674f7c6de174f890a53,naver,kin,이사 짐보관,KW1,공간 대여에 대한 수요가 있는지 확인하기 위함,한정승인 고인 집 정리,"... (추후 상속재산목록 소명용) 임대인과의 합의서 작성: *""임대인의 강력한 요청으로 인해 이삿짐 보관창고(또는 임대인이 지정한 장소)로 유품을 이동시키며, 이는 상속재산의 처분이나 은닉이 아닌 임대차 목적물 반환을 위한 보관...",https://kin.naver.com/qna/detail.naver?d1id=6&dirId=60204&docId=493663824&qb=7J207IK/7KeQ67O06rSA&enc=utf8,지식iN,
b205d23182bfef5be64c2ef37621a580,naver,kin,이사 짐보관,KW1,공간 대여에 대한 수요가 있는지 확인하기 위함,경매질문) 강제집행 질문입니다,"... 일반적으로는 6월 10일까지 완전히 이사하고 열쇠 인도까지 완료 → 노무비, 이삿짐 운반비, 창고보관비 등은 보통 발생하지 않음 → 다만 집행 신청 관련 실비는 문제될 수 있음 6월 11일 집행관이 출동한 후 현장에서 퇴거 → 집행관...",https://kin.naver.com/qna/detail.naver?d1id=4&dirId=40204&docId=493642906&qb=7J207IK/7KeQ67O06rSA&enc=utf8,지식iN,
e39ab3ec8318e04e6758d5d5a366cc8f,naver,kin,이사 짐보관,KW1,공간 대여에 대한 수요가 있는지 확인하기 위함,정왕동 이삿짐 보관하는곳 있어요?,"정왕동 이삿짐 보관하는곳 있어요? 에어컨하나만 2-3일 보관하려고하는데 가격알고싶어요 안녕하세요, 아정당입니다! 정왕동에서 에어컨 한 대만 2~3일 보관하실 경우 보관전용 창고를 이용하면 1만~2만 원대에 가능합니다. 이삿짐...",https://kin.naver.com/qna/detail.naver?d1id=8&dirId=81003&docId=329164389&qb=7J207IK/7KeQ67O06rSA&enc=utf8,지식iN,
86c7d42c638eb362314bba685579c078,naver,kin,이사 짐보관,KW1,공간 대여에 대한 수요가 있는지 확인하기 위함,전세만료시 전출신고,... 다음 날 이사한다면 이사하는 날 이사하는 곳으로 전입신고하면 됩니다. 하루 보관 이사를 하거나 이삿짐이 이동을 해서 다음 날 이사를 들어가는 것이라면 하루 정도 같은 주소지에 이중 주민등록이 되어 있는 것은 문제되지 않습니다...,https://kin.naver.com/qna/detail.naver?d1id=6&dirId=60202&docId=493593319&qb=7J207IK/7KeQ67O06rSA&enc=utf8,지식iN,
d0219a048cb5bad1f2fdf1c3e375c393,naver,kin,이사 짐보관,KW1,공간 대여에 대한 수요가 있는지 확인하기 위함,원룸 이삿짐 보관 알려주세여,"원룸 이삿짐 보관 할려고 합니다 짐은 컴퓨터 책상 의자..박스 5개정도랑 옷 조금 있습니다... 지역은 고양시 화정동입니다... 보관 비용과 운반비 부탁드립니다... 안녕하세요, 아정당입니다! 고양시 화정동에서 원룸 이삿짐을 보관하실...",https://kin.naver.com/qna/detail.naver?d1id=8&dirId=81003&docId=185535344&qb=7J207IK/7KeQ67O06rSA&enc=utf8,지식iN,
9c452ecc49840f501f71e93ec3871ede,naver,kin,이사 짐보관,KW1,공간 대여에 대한 수요가 있는지 확인하기 위함,전 집주인이 보증금을 안줍니다 ㅡㅡ,... 만약 보증금을 돌려받지 못한 상태에서 새 집으로 전입신고를 해버리거나 이삿짐을 모두 빼서 점유를 상실하게... ㅤ ① 문자 메시지 및 통화 녹음 파일 철저 보관 집주인이 퇴실 확인 후 보증금을 반환하겠다고 약속한 문자 내역은...,https://kin.naver.com/qna/detail.naver?d1id=6&dirId=60202&docId=493515323&qb=7J207IK/7KeQ67O06rSA&enc=utf8,지식iN,
ead167b2582459cb44650ee1b278846c,naver,kin,이사 짐보관,KW1,공간 대여에 대한 수요가 있는지 확인하기 위함,파주 이삿짐 보관,"파주 이삿짐 보관 할 수 있는 곳 알려주세요!! 집 계약이 5월 13일까지인데 새 집은 25일에 들어갑니다. 그동안 큰 가구만 보관해놓고 본가에 가 있으려구요. 보관장소로 옮기고, 새집으로 옮기는건 자차로 지인들과 직접할건데 그럼...",https://kin.naver.com/qna/detail.naver?d1id=8&dirId=81003&docId=326731009&qb=7J207IK/7KeQ67O06rSA&enc=utf8,지식iN,
a44b2a16c7b6fbef87056ba2caac0143,naver,kin,이사 짐보관,KW1,공간 대여에 대한 수요가 있는지 확인하기 위함,이사 안 나가는 임차인땜에 머리가 아프네유..,"... 임차인이 사무실 이삿짐 다 뺀 이후에 번호키 바꾸고, 이사비용(200만원)을 계좌이체 해주면 끝일까요? 아니면 무슨... 메시지 보관 여부를 알려주시면 현 상황에서 가장 효율적인 전략을 더 구체적으로 말씀 드릴수 있습니다. ㅤ...",https://kin.naver.com/qna/detail.naver?d1id=4&dirId=4020202&docId=493447335&qb=7J207IK/7KeQ67O06rSA&enc=utf8,지식iN,
22ddbe7dede6c693e8dd16331916613e,naver,kin,이사 짐보관,KW1,공간 대여에 대한 수요가 있는지 확인하기 위함,이혼 후 짐정리 보통 어떻게 하나요?,"... 소유권이 전혼 배우자에게 있는 물품에 대해서는 상대방의 동의를 얻어 택배나 퀵서비스를 이용해 발송하고 그 비용을 청구하거나, 합의 하에 이삿짐 보관창고에 맡긴 뒤 창고 열쇠를 전달하는 방식을 주로 활용합니다. 이때...",https://kin.naver.com/qna/detail.naver?d1id=6&dirId=60204&docId=493439634&qb=7J207IK/7KeQ67O06rSA&enc=utf8,지식iN,
df81f271fac527882bb9c310ebd242d9,naver,kin,이사 짐보관,KW1,공간 대여에 대한 수요가 있는지 확인하기 위함,책상침대 이삿짐보관비용,"침대랑 책상이랑 한달동안 이삿짐 보관하고 싶은데 비용이 얼마나 들까요? 부천입니다. 안녕하세요, 아정당입니다! 침대와 책상 한 달 보관의 경우, 보관 전용 창고를 이용하면 월 5만 원부터 시작합니다. 짐의 크기와 무게, 그리고 추가...",https://kin.naver.com/qna/detail.naver?d1id=8&dirId=81003&docId=364555606&qb=7J207IK/7KeQ67O06rSA&enc=utf8,지식iN,
7530bd0f7d70ddbc693aad15fc4fb2d1,naver,kin,이사 짐보관,KW1,공간 대여에 대한 수요가 있는지 확인하기 위함,월세 계약 특약 불이행 시 계약 파기 가능할까?,"... 이삿짐 계약서, 계약금 입금 내역 등을 미리 보관해 두는 것이 중요합니다. 3. 임대료 초과 문제 증거 확보 시청 기준 임대료(34만원)보다 높은 금액(50만원)으로 계약한 경우, 실제 입금 내역과 계약서가 핵심 증거입니다. 중개사...",https://kin.naver.com/qna/detail.naver?d1id=6&dirId=60215&docId=493377300&qb=7J207IK/7KeQ67O06rSA&enc=utf8,지식iN,
a4833c70babed76bde4efcd90fd8b27c,naver,kin,이사 짐보관,KW1,공간 대여에 대한 수요가 있는지 확인하기 위함,이삿짐 직원이 이사비용 받은걸 개인용도에썼다는데...,... 장우건 변호사 입니다 질문자님께서는 이삿짐 직원이 수령한 이사비를 회사가 아닌 개인적으로 사용한 사안에서... 업무상 보관하던 자가 이를 횡령한 것이므로 형법 제356조의 업무상횡령죄가 성립될 여지가 큽니다. 업무상횡령은...,https://kin.naver.com/qna/detail.naver?d1id=6&dirId=60211&docId=493340676&qb=7J207IK/7KeQ67O06rSA&enc=utf8,지식iN,
cc722f2f880c4ce7d151049978471e8d,naver,kin,이사 짐보관,KW1,공간 대여에 대한 수요가 있는지 확인하기 위함,서울시신혼부부임차보증금 만기 후 단기연장...,... 이게 안되면 이삿짐보관서비스+단기임대를 알아봐야되서 돈은 돈대로 깨지게됩니다 ㅠㅠㅠ 너무 막막합니다 만기 후에 잠깐만 연장하는 형태라고 해서 계약갱신권을 아예 못 쓰는 것은 아닙니다. 다만 계약갱신요구권은 원칙적으로...,https://kin.naver.com/qna/detail.naver?d1id=4&dirId=4020202&docId=491241558&qb=7J207IK/7KeQ67O06rSA&enc=utf8,지식iN,
874ac966aadff150b2d895d83094649b,naver,kin,이사 짐보관,KW1,공간 대여에 대한 수요가 있는지 확인하기 위함,장기수선충당금을 하자를 빌미로 집주인이 안주려고...,"... 특히 새 세입자가 이삿짐을 옮기는 과정에서 발생했을 가능성을 배제할 수 없는 사진을 근거로 비용을 청구하는... ㅤ ② 집주인과 나눈 문자 메시지나 통화 녹취록을 잘 보관하십시오. 특히 ""보증금을 줄 때는 말이 없다가 나중에...",https://kin.naver.com/qna/detail.naver?d1id=6&dirId=60202&docId=493145704&qb=7J207IK/7KeQ67O06rSA&enc=utf8,지식iN,
995f4dff50b70c304d2a8dcbcbb3d92a,naver,kin,이사 짐보관,KW1,공간 대여에 대한 수요가 있는지 확인하기 위함,세입자가 짐을 그대로 두고 야반도주한 지 1년이...,... ㅤ ㅤ 집행관이 현장을 방문하여 짐을 밖으로 들어내고 이삿짐 보관소 등에 맡기게 되며 이때 발생하는 보관 비용은 나중에 세입자에게 청구하거나 짐을 경매 처분하여 충당할 수 있습니다. ㅤ ㅤ 유산(남겨진 짐)의 가치가 낮다면...,https://kin.naver.com/qna/detail.naver?d1id=6&dirId=60212&docId=493016247&qb=7J207IK/7KeQ67O06rSA&enc=utf8,지식iN,
99a969506c3cd750b814cd62ce7fb89b,naver,blog,미니창고 대여,KW1,공간 대여에 대한 수요가 있는지 확인하기 위함,"[4월 기록] 잊혀져가는 블로그와, 잊혀져가는 4월 기억 기록하기",목포창고로 에그타르트 그리고 그당시 핫햇던 창억떡 호박인절미 쿄쿄 아는맛인데 괜히 더 맛있고... 나의 원픽 명란소금빵 & 미니소금빵 그리고 이집 버터떡도 잘해요.. 사장님도 너무 친절하시답니다...,https://blog.naver.com/hdyung2/224319233809,노는게 제일 좋아,2026-06-17
cc98d5bddba12b08cbb1835582a36fab,naver,blog,미니창고 대여,KW1,공간 대여에 대한 수요가 있는지 확인하기 위함,"졸업식 포토존 프레임 미니 트러스, 첫 개시 며칠 사용기","설치가 복잡하면 창고로 직행할 것이 뻔했기에, 조립 난이도와 수납 편의성을 최우선 기준으로... 분들께는 대여 서비스를 먼저 알아보시길 권합니다. 가격과 혜택은 작성일 기준입니다. #포토존프레임 #미니트...",https://blog.naver.com/removed73469/224316015309,removed73469님의 블로그,2026-06-15
3f94fc77f80f0b3e5e670d666292e4a1,naver,blog,미니창고 대여,KW1,공간 대여에 대한 수요가 있는지 확인하기 위함,"2026년 6월 첫째주, 둘째주",미키 미니랑 찰칵 장난감 도서관 첫 대여 너무 잘 가지고 놀아서 거기까지 운전해서 갈 만한 보람이... 간식 창고 세르게이를 아시나요 병원에서 마주쳤는데 아들램이랑 헤어스타일이 비슷해서 그런지 머리...,https://blog.naver.com/mrsgomgomss/224315844827,게으른 곰의 보금자리,2026-06-14
aa2db8298ab7494d74500beaefd529ae,naver,blog,미니창고 대여,KW1,공간 대여에 대한 수요가 있는지 확인하기 위함,돌아기랑 그랜드 하얏트 서울 호캉스 - 수영장 & 100불크레딧...,좋아요 미니바는 유료입니다~ 옆에 컵도 구비되어있어요 아이스 버켓으로 층마다 있는 얼음창고에서... 대여도 가능한거로 알고있어요 실내수영장 수온이 따뜻한건 아니였지만 그래도 실내라그런지 실외보단...,https://blog.naver.com/jh1057124/224315033551,약사엄마 져니의 생활처방전,2026-06-13
d31c6e747e8a49bd2848722792815431,naver,blog,미니창고 대여,KW1,공간 대여에 대한 수요가 있는지 확인하기 위함,"집이 넓어지는 마법, 스트레스까지 비워낸 셀프스토리지 활용...",이럴 때 요즘 많은 분들이 선택하는 게 바로 미니창고 대여 서비스예요. 집 밖에 나만의 작은... 바로가기] #강서셀프스토리지 #등촌셀프스토리지 #양천구셀프스토리지 #목동짐보관 #강서구창고대여...,https://blog.naver.com/extra_space_asia/224313076971,엑스트라 스페이스 셀프 스토리지,2026-06-11
9949d336d73c78045b5b52d7461da3e8,naver,blog,미니창고 대여,KW1,공간 대여에 대한 수요가 있는지 확인하기 위함,고래의 숨결부터 도심 핫플까지! 울산 남구 TOP10!!!,자전거 대여를 이용하는 것이 팁입니다. ### 3. 태화강 동굴피아 일제강점기 군수물자 보급창고 및... 선암호수공원(미니 교회 탐방) ➔ 삼산동 디자인거리(쇼핑 & 미식) ➔ 롯데백화점 그랜드휠(공중관람차에서...,https://blog.naver.com/choborandy/224311087195,춘식이의 화려함,2026-06-11
b73f161bb080c4b7559cc08e60eeb74d,naver,blog,미니창고 대여,KW1,공간 대여에 대한 수요가 있는지 확인하기 위함,공간 대여--2030 파고든 도심형 무인 미니창고--곳곳 도심...,“방 넓힐 돈 없어 차라리 공간 대여”…2030 파고든 도심형 무인 미니창고 https://share.google/3tFjudhwzAdmwmNEj,https://blog.naver.com/audi600629/224312984966,木鷄 & 사랑 실천 관심 배려,2026-06-11
a461f8168b0d53a9bb8a1528519f3426,naver,blog,미니창고 대여,KW1,공간 대여에 대한 수요가 있는지 확인하기 위함,테이블대여 선택 시 리빙체인지 및 하비티 1800 접이식 테이블...,"접었을 때는 부피가 크게 줄어들어 창고나 베란다 틈새에 보관하기 용이하며, 필요할 때만 꺼내 쓰는... 사이즈나 미니 테이블이 합리적인 선택이 될 것입니다. 대여를 고민하는 과정에서 본인에게 꼭 필요한...",https://blog.naver.com/dksejrska70542/224312166144,dksejrska70542님의 블로그,2026-06-10
b5021d2b3d3bdb2705dd0fb0eed653c0,naver,blog,미니창고 대여,KW1,공간 대여에 대한 수요가 있는지 확인하기 위함,파주 미니 굴삭기 렌탈 임대 및 창고 설계,"'파주 미니 굴삭기 렌탈 및 판매를 전문으로 하는 회사는 시골 마을에서 농가 창고 건설 프로젝트를... 파주 미니 굴삭기 임대는 장비만을 대여하는 것을 의미하는데, 기사가 장비와 함께 작업을 수행할 경우...",https://blog.naver.com/khs363500/224311406750,굴삭기 판매/렌탈/A.S,2026-06-10
6de8438ca36a466401690a7cd315173a,naver,blog,미니창고 대여,KW1,공간 대여에 대한 수요가 있는지 확인하기 위함,[청년뉴스]고달픈 2030'…소득 줄어든 유일한 세대...,"공간 대여”…2030 파고든 도심형 무인 미니창고 경기일보 오늘의 청년 모집 Youth Daily Recruitment 순번 기사제목 출처 1 카카오페이, 청년 디지털 금융 리더 100명 모집 아시아투데이 2 북극 전문가 꿈꾸는...",https://blog.naver.com/youthhopefoundation/224309244800,청년재단 블로그,2026-06-08
1821dfa9c4b0760336ed03e07022b96c,naver,blog,미니창고 대여,KW1,공간 대여에 대한 수요가 있는지 확인하기 위함,실내 스키장 후기 가격 미션힐스 가는법 장비 대여 꿀팁 총정리,"마치 거대한 창고 같은 모습이라 처음엔 여기가 맞나 싶었지만, 창문 너머로 스키 장비들이 보여서 안심할 수 있었죠. 스키복 장비 대여 및 위챗페이 로커 이용법 미리 예매해 간 QR코드를 스캔하니 정말...",https://blog.naver.com/gogorani1/224301801850,햄휘혈 여행 정보배달,2026-06-07
696fd5b6996e3fabae842f2907f3cff6,naver,blog,미니창고 대여,KW1,공간 대여에 대한 수요가 있는지 확인하기 위함,"도심형 무인창고, 셀프스토리지 시장의 급성장??","“방 넓힐 돈 없어 차라리 공간 대여”…2030 파고든 도심형 무인 미니창고 ""방 넓힐 돈은 없고 짐은 늘고..."" 2030세대가 찾는 도심형 무인 미니창고, 새로운 부동산 시장이 열린다! 안녕하세요 최근 흥미로운...",https://blog.naver.com/realtor_03/224308021449,삼송시그널부동산,2026-06-06
2dfe08485d86263d17c13b8af6467a62,naver,blog,미니창고 대여,KW1,공간 대여에 대한 수요가 있는지 확인하기 위함,없어 차라리 공간 대여”…2030 파고든 도심형 무인 미니창고,https://n.news.naver.com/mnews/article/666/0000110174?sid=101,https://blog.naver.com/jangsking/224307856757,jangsking님의블로그,2026-06-06
ad03319deffec781c209a703e611c2c1,naver,blog,미니창고 대여,KW1,공간 대여에 대한 수요가 있는지 확인하기 위함,미니스캐너 추천 인기 모델 8종 성능과 특징 비교 정리해봤어요,"종이 문서부터 QR코드까지, 일상을 한결 가볍게 만드는 목적별 미니 스캐너 추천 종이 서류나 책... ◆현장에서 부지런히 움직이며 실시간 재고 조사를 해야 할 때 창고 선반 사이를 부지런히 돌아다니며...",https://blog.naver.com/chndelier79428/224307277150,chndelier79428님의 블로그,2026-06-05
b1d70549601121504ac14ca2ad02e8b5,naver,blog,미니창고 대여,KW1,공간 대여에 대한 수요가 있는지 확인하기 위함,"대전 미니포크레인 대여 후기, 생각보다 훨씬 편했던 이유","대전 미니포크레인 대여 후기, 생각보다 훨씬 편했던 이유 최근 대전에서 작은 창고 철거와 땅 정리 작업이 필요해 미니포크레인을 대여하게 되었습니다. 처음에는 비용 때문에 고민이 많았는데 막상 이용해보니...",https://blog.naver.com/fromwind261/224305828138,fromwind261님의 블로그,2026-06-04
be0f6d1064e9730072df20e3ae5dc949,naver,blog,미니창고 대여,KW1,공간 대여에 대한 수요가 있는지 확인하기 위함,수원 미니 굴삭기 렌탈 임대 창고 폐기물 처리 현장,"수원 미니 굴삭기임대는 매우 경제적이며 필요할 때 쉽게 대여할 수 있어 창고 정리나 폐기물 처리에 추천됩니다. 수원 미니 굴삭기는 렌탈 서비스로 제공되기 때문에, 필요한 시간만큼 대여할 수 있어...",https://blog.naver.com/mango_87/224305736883,주식회사 망고렌탈.,2026-06-04
9de23e7782bc625e4cbfcf1084859595,naver,blog,미니창고 대여,KW1,공간 대여에 대한 수요가 있는지 확인하기 위함,무전기대여 고민중인가요 HK-700BT 작은무전기 후기 확인,"저희 회사에서도 가끔 넓은 창고나 야외에서 작업할 때가 있거든요. 그럴 때마다 무전기가 있으면 훨씬 빠르고 정확하게 소통할 수 있을 것 같아요. 버튼 조작도 간편하고, 배터리도 넉넉하게 간다면 하루...",https://blog.naver.com/dhgodhs16747/224305413011,dhgodhs16747님의 블로그,2026-06-04
1d9d69ba5cc6b5d97373cfb297c66bb4,naver,blog,미니창고 대여,KW1,공간 대여에 대한 수요가 있는지 확인하기 위함,침대 매트리스 에어컨 냉장고 가구 운반비 알아두기...,"사무실 이전이나 창고 물품 이동, 대량 가구 배송처럼 짐 수량이 많은 경우 적합했는데요. 한 번에... 적재 공간이 매우 넓기 때문에 대형 매트리스 여러 개나 기업 창고 물품도 한 번에 이동...",https://blog.naver.com/snongs/224303666702,⊙전국화물콜센터 운송요금안내 ☏ 070 4223 1000,2026-06-02
573cb2038927d7982be719d38a6dcd7c,naver,blog,미니창고 대여,KW1,공간 대여에 대한 수요가 있는지 확인하기 위함,이런거,빈티지창고 갓다가 만난 강쥔데 얘 진심 그 시장에 가면 파는 삑삑삑 하고 걸어다니는 장난감 같이 생김... 잼미니들 사이에서 유행하는 거라는데 저렇게 하면 고양이처럼 그림자로 나오대 근데 그림자 안 나오는...,https://blog.naver.com/higher100452/224302089827,유원지,2026-05-31
6a1e20dc8fb5dfc7cf7edd3741403f6f,naver,blog,미니창고 대여,KW1,공간 대여에 대한 수요가 있는지 확인하기 위함,이대로 검은색 꿈을 꿨으면 해,귀찮아서 대여함 막상 입어보니 꽤 고딩 같던데 ? ^_^ 저 머리띠는 . . . 귀엽긴 했는데 너무 관종 같아서... 오전에 창고 정리 시키더니 갑자기 간식 시간 생겼다 양즈깐루 상하이보다 맛 없음 아무래도...,https://blog.naver.com/ming_tamago/224302069789,밍…（´-`）.｡oO,2026-05-31
ff272a1688ebc8f78c4ca1895a9d36a6,naver,cafe,미니창고 대여,KW1,공간 대여에 대한 수요가 있는지 확인하기 위함,“방 넓힐 돈 없어 차라리 공간 대여”…2030 파고든 도심형 무인 미니창고,“방 넓힐 돈 없어 차라리 공간 대여”…2030 파고든 도심형 무인 미니창고,http://cafe.naver.com/ssiregi/37374,부산 부동산카페 맛동산,
e66f2f3eb8479e7340df1550ebbb21e4,naver,cafe,미니창고 대여,KW1,공간 대여에 대한 수요가 있는지 확인하기 위함,충남 미니굴삭기 렌탈 임대 서산 태안 농지 작업에 맞는 장비 선택,"충남에서 미니굴삭기 대여가 필요한 작업은 예상보다 다양합니다. 전원주택 부지의 정리를 비롯해 농지의 배수로 정돈, 비닐하우스 주변 청소, 축사 주변 작업, 창고 부지의 평탄화, 조경 기반 정비 등 작업의 성격이 각기...",http://cafe.naver.com/1sejongcity/1952691,세종시닷컴,
ec8fc36f2dcc45ef644fcc5d1c541cc4,naver,cafe,미니창고 대여,KW1,공간 대여에 대한 수요가 있는지 확인하기 위함,충북 셀프웨딩 박람회 제발 이거 알고가세요! 90%가 모르는 비용 아끼는 꿀팁!,"그렇다면 충북 셀프웨딩 박람회는 마치 보물창고와 같을 거예요! 이 박람회는 단순히 물건을 파는 곳이... - 다채로운 웨딩드레스와 슈트:- 정형화된 드레스 대신, 빈티지 드레스, 미니 드레스, 혹은 나만의 스타일을 살릴 수...",http://cafe.naver.com/thenewcclass/92455,벤츠 C클래스 동호회 - 메르세데스 클...,
84f003e6413819dc56d2b7d2cfac9ea0,naver,cafe,미니창고 대여,KW1,공간 대여에 대한 수요가 있는지 확인하기 위함,화성 웨딩박람회 사은품 제발 이거 알고가세요! 90%가 모르는 비용 아끼는 꿀팁!,"보물창고라는 사실! 화성에서 결혼을 준비하는 당신이라면 절대 놓쳐서는 안 될 이 특별한 기회, 지금부터... 마스크팩, 미니 화장품 샘플, 또는 귀여운 주방용품(냄비 받침대, 수세미 세트 등)을 받아 가실 수 있어요. 별것...",http://cafe.naver.com/thenewcclass/89583,벤츠 C클래스 동호회 - 메르세데스 클...,
0c5942f155c1874f6286aa6b53ee5ae6,naver,cafe,미니창고 대여,KW1,공간 대여에 대한 수요가 있는지 확인하기 위함,경기 웨딩박람회 혜택 제발 이거 알고가세요! 90%가 모르는 비용 아끼는 꿀팁!,"보물창고와 다름없죠. 그럼 지금부터 이 보물창고에서 어떤 황금 같은 혜택들을 득템할 수 있는지, 제가 아주... 박람회 현장에서는 매 시즌 새롭게 출시되는 웨딩 드레스- 컬렉션을 직접 눈으로 보고, 때로는 미니...",http://cafe.naver.com/thenewcclass/88921,벤츠 C클래스 동호회 - 메르세데스 클...,
d8fa2e9211a23e36c5a3c31dd756b4c7,naver,cafe,미니창고 대여,KW1,공간 대여에 대한 수요가 있는지 확인하기 위함,"어린이날 선물, 아직도 실패하세요? 실패 줄이는 꿀팁 대공개!","10개월 아기에게 블록을 줬는데 입에만 넣고 창고 행이 되었다거나, 3살 아이에게 고가의 RC카를 사줬는데... 공원에서 시간당 대여하는 것도 좋은 대안이 될 수 있답니다! "" "" 잠깐의 관심으로 끝나는 선물, SNS 핫템 함정...",http://cafe.naver.com/b00kh0use/589,BOOK HOUSE♡ Dream of book,
957423efd06e3e89a0ffc8b1e8b07495,naver,cafe,미니창고 대여,KW1,공간 대여에 대한 수요가 있는지 확인하기 위함,인천 미추홀구 미니포크레인,"미추홀구 미니포크레인 대여 시 고려사항 미니포크레인을 대여할 때에는 장비 상태, 사용 목적, 대여 기간... 뿐만 아니라 조경공사나 농작업, 창고 물류 정리에도 적합하여 활용 폭이 넓습니다. 특히 좁은 골목이나 실내...",http://cafe.naver.com/loseclothes/30812,전국포크레인배차,
50ca1f1a75f5c32cbc9883427747e93e,naver,cafe,미니창고 대여,KW1,공간 대여에 대한 수요가 있는지 확인하기 위함,26년 카페에서 나라에게 요구 하는 사항 간추린 내용 입니다,소규모 농지 및 고령 농업인을 위한 공공 농기계 대여 제도 개선 타당성 건의 건의 배경 전국... 또는 창고 적치 상태로 유지비만 발생하고 있음 이는 공공 자산 운용의 비효율을 명확히 보여주는 사례임 보건복지부...,http://cafe.naver.com/goodotherpeople/19745,텃밭과 친구들,
82035ce323307e36c67dc07a3a6b1ced,naver,cafe,미니창고 대여,KW1,공간 대여에 대한 수요가 있는지 확인하기 위함,(중랑구 처음이에요.쪽지 부탁드려요 ㅠ)상봉 인근 지하 창고나 박스 보관할 공간 대여 할만한 곳 있을까요...,"(미니창고다락,도시형 셀프 스토리지는 제외하고 부탁드립니다 ㅠ 너무 비싸더라구요...ㅠ) 이렇게 지역 카페에 처음 가입해보기도 하며 여쭤보는 것도 처음이라..많이 부끄럽지만 많이 도와주시면 감사하겠습니다..!! 현재...",http://cafe.naver.com/jungrangcafe/12484,중랑구로 가요,
c914d768393ade62b37cf2da550156e7,naver,cafe,미니창고 대여,KW1,공간 대여에 대한 수요가 있는지 확인하기 위함,"셀프스토리지란 | 보관 이사, 짐보관이 필요할땐 미니창고 다락",▶️ 기존 창고 대여와는 어떤 차이점이 있을까요? <기존 창고> 출처 - 미니창고 다락 유튜브 기존 창고는 주로 기업용으로 크고 직원의 도움 없이는 출입이 어렵거나 절차가 복잡한 경우가 많습니다. <셀프스토리지...,http://cafe.naver.com/jihosoccer123/3541115,아프니까 사장이다 [소상공인·자영업...,
3ade07ee65a7fc24474d5a60a3815aaa,naver,cafe,미니창고 대여,KW1,공간 대여에 대한 수요가 있는지 확인하기 위함,(이용후기)제주도 백패킹 장비 대여 해봤어요.,"반신반의 하면서 대여했는데, 기대 이상! 창고가 좀 외진 곳에 있긴했지만, 제주에서 서귀포 가는... 소주잔까정ㅎ 저기 보이는 미니 스토브는 써비스, 원래 깨끗했는데, 후배가 위에다 귤 구워먹느라 그을음 만들어서...",http://cafe.naver.com/mountainshappy/10798,"산악회 '산행스케치'- 4050등산카페, ...",
c7367473d536eea54ca648de1ae49f59,naver,cafe,미니창고 대여,KW1,공간 대여에 대한 수요가 있는지 확인하기 위함,"[더유럽 히든코스 7기] 추천 코스 1. 다뉴브의 진주, 헝가리 부다페스트","성당, 전망대, 보물창고 등까지 볼 수 있는 통합권도 있는데요! 옵션별로 입장료가 다르니 공식... (스케이트 대여 포함) Tip 2. 숨은 보물찾기, 콜로드코 미니 동상 투어 부다페스트의 히든코스! 콜로드코 미니 동상...",http://cafe.naver.com/pilote/52671,The유럽프로젝트 2030 유럽대장정,
38404368ac9b914ebcece30192abbd45,naver,cafe,미니창고 대여,KW1,공간 대여에 대한 수요가 있는지 확인하기 위함,"구리 선물 A to Z 중국 PMI, 실전 체크리스트 총정리","예를 들어 COMEX의 표준 구리 선물은 계약 규모가 크지만, 미니(Mini)나 마이크로(Micro) 상품은 증거금 부담이... 가격을 움직이는 핵심 변수의 우선순위 중국 제조업 PMI, 글로벌 재고(창고 재고), 달러 인덱스, 전력·인프라...",http://cafe.naver.com/voalffl157/21041,해외선물 대여계좌 미니업체 먹튀업체...,
5d9376debf5c5a4b366026b33fb3994c,naver,cafe,미니창고 대여,KW1,공간 대여에 대한 수요가 있는지 확인하기 위함,안동 지역 미니 굴삭기 렌탈의 효과적인 활용법,"예를 들어, 작은 창고나 차고를 건설할 때, 기초 작업을 위한 땅 파기가 필요합니다. 이때 미니 굴삭기를 사용하면 짧은 시간 안에 많은 양의 흙을 제거할 수 있습니다. 이렇게 하면 인력의 부담을 줄이고 전체적인 작업...",http://cafe.naver.com/qufqufakdrh/11,망고렌탈1588-4322★,
3d9c7d641997e33f89e0a222a2c96c98,naver,cafe,미니창고 대여,KW1,공간 대여에 대한 수요가 있는지 확인하기 위함,250904 Mihassi,휴대용미니선풍기(305%) 재고반출예정 문제점 및 개선 필요: 쿠팡보관비와 사비창고대여 비용을 어떻게 비교할 수 있을까요? 3)제품명: 냉감 베개커버(350%) 품절 도매처와 협의 되어 내년 시즌에 딱 맞춰 재판매 예정 4....,http://cafe.naver.com/minisnomad/6851,긱워커스 (온라인 수익화 정보 공유 커...,
18acfd330bd81be67e26a8062bd857a2,naver,cafe,미니창고 대여,KW1,공간 대여에 대한 수요가 있는지 확인하기 위함,저의 MAC HISTORY,저 컴은 결국 중고판매를 못해서 창고 어디엔가... 하지만 진짜 속도에서 진짜 G3에 밀리게 되고 당시에는... senmidi 회원님으로부터 M1 맥미니도 구입해서 잘 사용하고 있습니다. 맥 미니는 눈에 보이지 않게...,http://cafe.naver.com/8weeks/7583,sirmacho 박사의 MIXING & MASTERING,
a53919c9be73744425ea03c7b15f49a5,naver,news,미니창고 대여,KW1,공간 대여에 대한 수요가 있는지 확인하기 위함,“방 넓힐 돈 없어 차라리 공간 대여”…2030 파고든 도심형 무인 미니...,"“취미용품부터 계절옷까지, 집에 둘 곳이 없어서 오는 분들이 많아요.” 최근 수도권 아파트 매매가와 전세가가 오르며 청년층의 주거비 부담이 급증하는 가운데 1인 가구와 청년층을 겨냥한 도심형 미니창고가 경기도...",https://www.kyeonggi.com/article/20260603580124,www.kyeonggi.com,2026-06-06
06597276454e92d6b7cbd132c0366195,naver,news,미니창고 대여,KW1,공간 대여에 대한 수요가 있는지 확인하기 위함,"[유통소식] GS리테일, 다문화가정 아동에 '목소리 기부'","강의 이후 참가 학생 전원에게는 일반 플라스틱 빨대와 PHA 빨대, 미니 화분으로 구성된 생분해 체험 키트가... 스테이크하우스·창고43 F&B존 수익금 전액과 자체 기부금을 합산한 3000만원을 전달했다. 행사에는 송호섭...",http://www.4th.kr/news/articleView.html?idxno=2112116,www.4th.kr,2026-05-22
a1418a78ac6ed61ee9d16b74b3d7e277,naver,news,미니창고 대여,KW1,공간 대여에 대한 수요가 있는지 확인하기 위함,"[POP!게임] 넷마블, '칠대죄: Origin', 첫 주요 업데이트 실시 外","세트를 대여해 캐릭터 육성도 지원한다. 이용자 편의성 개선도 눈에 띈다. 컴투스는 구글 로그인 기능을 새롭게 추가하고, 창고 내 골드 입출금 기능을 도입해 수수료 없이 캐릭터 간 자산 이동이 가능하도록 했다. 또...",http://www.popcornnews.net/news/articleView.html?idxno=119349,www.popcornnews.net,2026-04-24
fdddecb8f8195cbb128226482dc7bf49,naver,news,미니창고 대여,KW1,공간 대여에 대한 수요가 있는지 확인하기 위함,"[사회단체 탐방] 현대제철 HEPA(해파) 봉사단 ""당진 알기 위해 걷던 길,...","사내 동호회 지원과 회사의 봉사 지원 제도를 활용해 버스 대여, 간식, 식사 비용까지 봉사단이 부담한다.... 전통시장 침수 복구, 난지도 해수욕장 부유물 정리, 산사태로 덮인 창고 정리까지 이어졌다. ""연락이 오면 안 갈...",http://www.djtimes.co.kr/news/articleView.html?idxno=110611,www.djtimes.co.kr,2026-01-09
5ec4e557c52c5e7ce1f053a84ece0768,naver,news,미니창고 대여,KW1,공간 대여에 대한 수요가 있는지 확인하기 위함,"[신예진의 홈 파티 스타일링] 4월, 벚꽃 필터 씌운 지브리 Mood ""피크닉 ...","서울숲과 같은 인기 피크닉 장소 주변에는 '피크닉창고', '더텐트' 등 돗자리와 아기자기한 소품을 대여해... 4월은 작약, 스위트피, 미니 장미, 튤립 등을 추천한다. 이때 메인 와인 컬러와 어울리는 톤으로 선택하면...",https://www.lecturernews.com/news/articleView.html?idxno=175767,www.lecturernews.com,2025-04-07
be9d54b730451696f633cb03fa9c5403,naver,news,미니창고 대여,KW1,공간 대여에 대한 수요가 있는지 확인하기 위함,"팜투어, 7시간 만에 하와이 오아후 섬 완전정복.. '뉴프리미어 투어'","① 하나우마베이에서 형형색색 열대어와 함께하는 스노클링 (스노클링 장비대여, 왕복 픽업 서비스, 입장료... 피사체와 벽화가 어우러지는 모습이 정말 멋져요!"" 불과 몇 년 전 창고와 폐건물로 가득했던 이곳이 지금은?...",https://www.discoverynews.kr/news/articleView.html?idxno=1059470,www.discoverynews.kr,2025-03-10
1032f604b4a933e1332fa6f4dc0aad2d,naver,news,미니창고 대여,KW1,공간 대여에 대한 수요가 있는지 확인하기 위함,"[유통가 레이더] 롯데월드에 들어온 벨리곰... 롯데홈쇼핑, '벨리곰 상설...","및 미니 타프, 혼술 플레이트 세트, 핸드워머쿠션 등 오비맥주 굿즈도 증정한다. 해태제과 관계자는... 내 '온기창고'에서 후원물품 나눔 봉사를 진행했다. '온기창고'는 쪽방촌 주민들이 편리하게 생필품을 지원받을 수...",https://www.greened.kr/news/articleView.html?idxno=317533,www.greened.kr,2024-08-13
898f2b8aa05c9ca0d983e20a9d27b73a,naver,news,미니창고 대여,KW1,공간 대여에 대한 수요가 있는지 확인하기 위함,"[민선8기 2주년 맞은 최호권 영등포구청장] ""꽃 향기 가득한 '정원도시...",지난 23년 동안 제대로 활용되지 못한 채 구청 사업부서 자재창고와 높은 울타리로 꽉 막혀있었다. 보기에도... 도구 대여 등 식물과 정원을 테마로 한 다양한 가드닝 프로그램을 제공하는 등 마을 정원사 양성과 다양한...,http://www.m-i.kr/news/articleView.html?idxno=1134938,www.m-i.kr,2024-06-29
f9d249759cd7359d979aa824e67e8b7e,naver,news,미니창고 대여,KW1,공간 대여에 대한 수요가 있는지 확인하기 위함,"창고 대여서비스 ‘미니창고 다락’, 100호점 돌파",세컨신드롬이 부산 해운대구에 ‘미니창고 다락’ 해운대장산역점을 오픈하며 국내 셀프스토리지 업계 최초로 100호점을 돌파했다고 11일 밝혔다. 100호점인 해운대장산역점은 부산시 내 첫번째 ‘미니창고 다락’...,http://www.edaily.co.kr/news/newspath.asp?newsid=02115606638920736,www.edaily.co.kr,2024-06-11
399bf5da3941b3183cc9edad12027210,naver,news,미니창고 대여,KW1,공간 대여에 대한 수요가 있는지 확인하기 위함,[스타트업 소식] 직방·다방·세컨신드롬 外,"사무실 대여 상품 안내를 시작한다. soma 사무실의 대여비는 사무실 규모에 따라 좌석당 월간 미화... 세컨신드롬, 영국 FT '2024년 아시아 태평양 고성장 기업' 부동산 분야 전체 2위 선정 '미니창고 다락' 운영사...",http://www.dailypop.kr/news/articleView.html?idxno=75720,www.dailypop.kr,2024-03-18
f3c56ac3fb7b334df01ec0946e3231f8,naver,news,미니창고 대여,KW1,공간 대여에 대한 수요가 있는지 확인하기 위함,"아케이드로 복귀한 '버추어 파이터 3tb', 최종 목표는 e스포츠",게다가 자료도 없어 창고를 뒤지기도 했다. 이렇게 MODEL3 에뮬레이터를 통해 완성된 '버추어 파이터 3tb'는 내년 1월에 출시하는 '용과 같이 8'에 미니 게임으로도 수록된다. 마침 '용과 같이' 시리즈에서 사용하는...,http://www.gamevu.co.kr/news/articleView.html?idxno=30326,www.gamevu.co.kr,2024-01-01
261b1c71c3bd42664f27f727bf865966,naver,news,미니창고 대여,KW1,공간 대여에 대한 수요가 있는지 확인하기 위함,[성공예감] QR코드가 모든 것을 합니다 – 노승욱 대표(창톡),"뷰티 창고형 편집숍, 사진숍 등 벤치마킹할 수 있는 부분 있어 - 배달 시장, 라이브커머서, 블라인드 마케팅... 그러니까 공적 트래픽이라 그러면 고객들하고 공적으로 접속한다는 의미니까 모든 고객들한테 대중적으로...",https://news.kbs.co.kr/news/pc/view/view.do?ncd=7829076&ref=A,news.kbs.co.kr,2023-11-29
c6f04fdc87b039921293d6cc3bb7b1c8,naver,news,미니창고 대여,KW1,공간 대여에 대한 수요가 있는지 확인하기 위함,"주파수 규제 풀어줬더니…반도체 업계 ""개발비 1500억 줄였다""","지난 2019년 1월 제도 시행 이후 지난 9월까지 총 189개 안건이 처리됐으며 자율주행 배달로봇, 도심 미니창고 대여, 이웃 간 카셰어링 등 115건의 신규 서비스가 시장에 출시됐다. 과기정통부 관계자는 “규제샌드박스를...",https://www.joongang.co.kr/article/25210935,www.joongang.co.kr,2023-11-29
bdffeccc9e368c2fb62a5bdecb26089e,naver,blog,셀프스토리지,KW1,공간 대여에 대한 수요가 있는지 확인하기 위함,"다락 후기, 중랑역 도보권이라 더 편리했던 셀프스토리지 이용기",앱으로 간편하게 이용하는 스마트 창고 요즘 셀프스토리지는 앱 활용이 중요하다고 생각하는데 중랑구... 마무리 중랑역 인근에서 셀프스토리지를 찾고 계신다면 중랑구 미니창고 다락은 충분히 만족스러운...,https://blog.naver.com/mysky4461/224319556712,호야의 하하호호,2026-06-18
93f25699f863a99bd0bffa353b47b8d6,naver,blog,셀프스토리지,KW1,공간 대여에 대한 수요가 있는지 확인하기 위함,"골프채·캠핑용품·낚시장비, 집에 계속 두실 건가요?","""딱이지 창고왕""내부 취미는 즐거운데 장비 보관은 생각보다 골칫거리입니다. 골프백은 현관을 막고, 캠핑용품은 베란다를 차지하고, 낚시장비는 방 한쪽을 점령합니다. 문제는 이 물건들이 버릴 수 없는...",https://blog.naver.com/bsynurse_/224315686177,창고왕,2026-06-17
c6810cf5d27699e0b929a6f3862566d4,naver,blog,셀프스토리지,KW1,공간 대여에 대한 수요가 있는지 확인하기 위함,이삿짐 보관 고민 해결! 미니창고 다락 역삼국기원점 직접...,"강남, 역삼 인근에서 이삿짐 보관이나 쾌적한 개인 창고(셀프 스토리지) 찾고 계신다면 미니창고 다락 역삼국기원점 방문해 보시는 걸 추천해 드려요! 본 포스팅은 직접 방문하여 작성한 솔직한 투어...",https://blog.naver.com/d_duo/224318171058,베쥬의 베스트 기록,2026-06-17
e4fbecb062237d0118eab85a6ddf66cd,naver,blog,셀프스토리지,KW1,공간 대여에 대한 수요가 있는지 확인하기 위함,"중랑구 짐보관 개인창고, 미니창고 다락 중랑역점","분들은 셀프로 다락 투어도 가능하다 먼저 미니창고 다락 어플을 설치하고 회원 가입을 진행한 뒤... 미니창고, 셀프스토리지에서 알아봤지만 실제로 어떤 시스템인지 환경은 어떤지 확인하지 못해 궁금했던...",https://blog.naver.com/iamlanie/224317536786,"오늘, 우리",2026-06-16
d411ea077917567e00418cf019e21a09,naver,blog,셀프스토리지,KW1,공간 대여에 대한 수요가 있는지 확인하기 위함,안심이 되었던 수원창고대여 공유창고 셀프스토리지195,그러다 수원창고대여로 알아보다가 공유창고 셀프스토리지195를 알게 되어 직접 이용해봤어요. 처음... 보통 창고라고 하면 어둡고 답답한 공간을 떠올리기 쉬운데 공유창고 셀프스토리지195는 생각보다 훨씬...,https://blog.naver.com/lingu5875/224317432861,링구,2026-06-16
fa26b2679eaab9d5838a945c54836893,naver,blog,셀프스토리지,KW1,공간 대여에 대한 수요가 있는지 확인하기 위함,부천에서 짐 보관 고민이라면? 비움 부천역공유창고로...,심곡동 셀프스토리지를 찾고 계신 분들께 정말 강력 추천합니다! 스마트폰 하나로 뚝딱! 개인 QR코드... 심곡동 셀프스토리지를 알아보시는 분이라면 이 위치 하나만으로도 충분히 선택할 이유가 생기실 거예요...,https://blog.naver.com/michellealsw/224316981347,오늘의 듕pick,2026-06-15
a0abde5bcbf062d1cd2556b6b1fa429f,naver,blog,셀프스토리지,KW1,공간 대여에 대한 수요가 있는지 확인하기 위함,"집이 좁은 게 아니라, 짐이 집을 먹고 있었습니다","""딱이지 창고왕""입구 집이 답답하게 느껴질 때 대부분은 집 크기를 탓합니다. 그런데 실제로는 집이 좁은 게 아니라 짐이 생활공간을 차지하고 있었던 경우가 많습니다. 이럴 때 필요한 건 수납장을 하나 더...",https://blog.naver.com/bsynurse_/224315682316,창고왕,2026-06-15
c2db563f870a8035538f4435765b97df,naver,blog,셀프스토리지,KW1,공간 대여에 대한 수요가 있는지 확인하기 위함,"셀프 스토리지 서비스, 나도 이용해 봤다! - 아이엠박스.","요즘 유행하는 셀프 스토리지 서비스를 활용해, 일단 거실의 박스들을 치워 숨통을 트여 놔야지. 와이프가 내방 가득한 장난감 박스들을 볼 때마다 벼르던 스토리지 서비스를, 이번 이사를 통해 본격적으로...",https://blog.naver.com/tokang2479/224315723831,TokaNG's STORYs,2026-06-14
6c39f42d1b549b2edee303fdf68b25c5,naver,blog,셀프스토리지,KW1,공간 대여에 대한 수요가 있는지 확인하기 위함,미국을 뒤흔든 '셀프스토리지' 열풍과 한국 시장의 미래 전망...,"주는 '셀프스토리지(Self-Storage, 공유창고)'가 가장 핫한 부동산 트렌드로 떠오르고 있습니다. 무려 93조 원 규모로 성장한 미국 시장의 비밀과, 앞으로 대한민국에서 펼쳐질 셀프스토리지가 어떤 방향으로...",https://blog.naver.com/oksunno/224313939819,짐보관을 위한 공유창고 알파박스 셀프스토리지,2026-06-12
2bc7d330531994b87173b6474e74295b,naver,blog,셀프스토리지,KW1,공간 대여에 대한 수요가 있는지 확인하기 위함,심곡동셀프스토리지 공유창고 비움 부천역점 1층이라 짐...,마침 부천역 인근 1층에 접근성 좋은 심곡동셀프스토리지 공유창고 비움 부천역점이 새로 생겼다고... 직접 와서 스토리지 크기를 비교해 보니까 낭비하는 공간 없이 선택하기 수월하더라고요. 주말에 급하게...,https://blog.naver.com/jh_hair00/224304119971,생각날때 적어,2026-06-12
1364e02545bbc5f6036fa0b2cdc0a52f,naver,blog,셀프스토리지,KW1,공간 대여에 대한 수요가 있는지 확인하기 위함,창동역 공유창고다락 투어 후기,"저는 평소 집이 좁아 답답함을 느낄 때마다 물건을 정리해야 할지 버려야 할지 고민이 많았는데, 이렇게 쾌적한 환경의 셀프 스토리지 서비스를 직접 체험해 보니 그 고민이 싹 사라졌어요. 내가 소중히 여기는...",https://blog.naver.com/angkko3/224310312801,우디로그,2026-06-12
fe0a4095b1e12b914a68c20b0e99474e,naver,blog,셀프스토리지,KW1,공간 대여에 대한 수요가 있는지 확인하기 위함,[네모스토리지_고양화정점] 고양시 덕양구 셀프스토리지...,오늘 소개드린 네모스토리지 고양화정점은 덕양구의 최초로 생긴 대형셀프스토리인데요. 대형셀프스토리지답게 전용면적 130평으로 보관룸이 150개가 있어 고객님들의 니즈에 맞춰 6가지 타입의 보관룸에서...,https://blog.naver.com/nemostorage/224312709266,"더 이상,우리집은 창고가 아니다! 네모스토리지",2026-06-11
ebec2ea61f3746ca7b225becac1f16ff,naver,blog,셀프스토리지,KW1,공간 대여에 대한 수요가 있는지 확인하기 위함,미니창고 다락 화성봉담점 셀프스토리지 다락 가격,미니창고 다락 화성봉담점 셀프스토리지 다락 가격 미니 창고 다락 화성봉담점 주소 경기도 화성시... 이웃님들도 셀프스토리지 다락 가격 저렴하니 앱에서 보시고 짐 정리 시작해보세용!,https://blog.naver.com/1014yyyy/224312684180,✔️ 한시간전 봄이오다,2026-06-11
7e50a60953e482203103a3a477a59341,naver,blog,셀프스토리지,KW1,공간 대여에 대한 수요가 있는지 확인하기 위함,셀프 스토리지로 집 공간 넓어진 경험담,"셀프 스토리지로 집 공간 넓어진 경험담 좁은 집안에서 생활하다 보면 어딘가 답답함을 느낄 때가 많았어요. 저도 비슷한 고민이 있었는데, 셀프 스토리지를 이용하면서 공간 활용에 큰 도움이 되었다는...",https://blog.naver.com/lgijluii/224309030660,노른자 일상,2026-06-11
d923a27cd7cebac7ac5aa901170c1f6d,naver,cafe,셀프스토리지,KW1,공간 대여에 대한 수요가 있는지 확인하기 위함,집에 짐이 너무 많아요..;;,애 장난감이랑 계절이불 안쓰는 소형가전까지 베란다에 쌓여있는데 이제 빨래 널 자리도 없네요 ㅋㅋ 버리긴 아깝고 자주 쓰는건 아니라서 짐보관 알아보는중인데 셀프스토리지 이런거...,http://cafe.naver.com/busanmam/743503,부산맘카페ㅣ부산맘 북구강서맘 김해맘...,
04b61c76215d603a04ff0cc7299f8d9c,naver,cafe,셀프스토리지,KW1,공간 대여에 대한 수요가 있는지 확인하기 위함,애월읍 투룸 월세 매물 없어 미치겠네요,애월읍투룸 월세 구하는데 매물이 다나갔다고해서 너무당황스럽네요 짐빼고이사해야할상황이라 마음이너무급한데 빈집이 없어서 정말미치겠어요 읍내랑조금떨어져도 상관없는데 혹시 이부근에 공실있는 빌라나 다가구...,http://cafe.naver.com/dangibang/270822,제주도좋은집찾기 - 제주도 부동산 카...,
e5b8a6d6531e2fa3dd2a09d2ee3d916a,naver,cafe,셀프스토리지,KW1,공간 대여에 대한 수요가 있는지 확인하기 위함,나만의 셀프 스토리지 활용법,"오늘은 나만의 셀프 스토리지를 활용하는 꿀팁을 공유해볼게요. 집이 좁거나 물건이 많아 고민이라면, 셀프 스토리지가 정말 유용해요! 저의 경우, 계절별 의류를 정리해서 따로 보관하기 시작했어요. 이렇게 하면 옷장도...",http://cafe.naver.com/chngup1004/3694,프랜차이즈창업연구소4,
92318395b55d4359a63df3c1faabac8a,naver,cafe,셀프스토리지,KW1,공간 대여에 대한 수요가 있는지 확인하기 위함,"혜택은 네이버페이로 채우고, 공간은 다락으로 넓히고!","셀프스토리지 미니창고 다락입니다. 요즘은 구독 서비스 하나쯤 이용하지 않는 분들이 거의 없죠. OTT부터... 도심형 셀프스토리지 서비스입니다. 계절 의류, 캠핑용품, 골프백, 이삿짐, 사업 재고 등 다양한 물품을 원하는...",http://cafe.naver.com/jihosoccer123/3667774,아프니까 사장이다 [소상공인·자영업...,
8f79a65fbc14c47ea64980538e7469a4,naver,cafe,셀프스토리지,KW1,공간 대여에 대한 수요가 있는지 확인하기 위함,[부동산빅뱅] 6월 9일 오늘의 부동산 뉴스 핫이슈24,"OTT를 통해 드라마를 접하는 시청자층이 넓어지면… 미니창고 다락 ""셀프스토리지 시장, 수요-공급 모두... 세컨신드롬 ▲구조적 트렌드인 셀프스토리지 셀프스토리지 시장이 주목받는 데는 단기 이슈만이 아닌.....",http://cafe.naver.com/p8765/102407,부동산 빅뱅,
4d28c6c944eb52a74aa746db1844abd8,naver,cafe,셀프스토리지,KW1,공간 대여에 대한 수요가 있는지 확인하기 위함,"미니창고 다락 “셀프스토리지 시장, 수요-공급 모두 호황”","미니창고 다락 “셀프스토리지 시장, 수요-공급 모두 호황” < 뉴스 < 중기벤처 < 산업 < 기사본문 - 한스경제",http://cafe.naver.com/1personknowhow/5057,1인 가구 ( 생활 노하우 공유 ),
373a39ee21cb16811996ca5715502d05,naver,cafe,셀프스토리지,KW1,공간 대여에 대한 수요가 있는지 확인하기 위함,[판매완료] 린셰핑 대학교 교환학생 스타터팩 판매합니다!,"8월 9일까지 수령하시면 되고(셀프스토리지 이용), 목록에 있는 물품 외에도 챙겨드릴 수 있는 건 최대한 추가해서 드려요 옾챗이나 쪽지로 연락주세요☺️ https://open.kakao.com/o/splFMivi",http://cafe.naver.com/swedengogo/38226,스웨덴 에브리띵,
9ffada64492e57a511e1260f186cd2df,naver,cafe,셀프스토리지,KW1,공간 대여에 대한 수요가 있는지 확인하기 위함,부동산 정보 | “요즘 지방 아파트보다 오히려 더 인기라는 뜻밖의 공간”,실제로 공유창고·셀프스토리지 관련 시장 규모도 계속 커지고 있다는 분석이 나오고 있습니다. 오늘의 핵심 요약: 최근 부동산 시장에서는 단순 주거보다 ‘공간 부족’을 해결하는 틈새 상품이 관심을 받고 있습니다....,http://cafe.naver.com/cafemakecafebest/42979,세상모든꿀팁 ㅣ영업·창업·부업·투...,
10835af370755603e2f8c9dde2531b3d,naver,cafe,셀프스토리지,KW1,공간 대여에 대한 수요가 있는지 확인하기 위함,"엑스트라스페이스스토리지 주가 전망, 창고 리츠 투자 매력 분석",엑스트라스페이스스토리지 주가 전망 핵심 분석 엑스트라스페이스스토리지: 창고형 리츠의 투자 매력 분석 엑스트라스페이스스토리지(Extra Space Storage)는 미국 최대 규모의 셀프 스토리지(창고형 임대 공간) 리츠...,http://cafe.naver.com/a521107/2115,사마언,
6d634e856e41b44f1e49ce5fb61dbbc5,naver,cafe,셀프스토리지,KW1,공간 대여에 대한 수요가 있는지 확인하기 위함,"셀프 스토리지 ~ 아임엠 박스 , 짐 보관",https://iambox.co.kr/sub/selfStorage/storage_view.php?token=6aRT2b4G2QCiU5fK,http://cafe.naver.com/licensekiller/7410,나는 라이센스 킬러다!,
ac4d52714ff8c775fe93cbd6269e4eb9,naver,cafe,셀프스토리지,KW1,공간 대여에 대한 수요가 있는지 확인하기 위함,"웨스트 메인 셀프 스토리지, 비트코인 담보 재무 확장 위해 자본 조달",,http://cafe.naver.com/btcforever/20082,비트코인⚡️지분전쟁: 시타델,
87214a4b3f9132d89759e42059f243b5,naver,cafe,셀프스토리지,KW1,공간 대여에 대한 수요가 있는지 확인하기 위함,미니창고 다락 X 전북은행 전략적 제휴,속에서 셀프스토리지를 찾는 분들이 꾸준히 늘어나고 있습니다. 왜 다락인가! 다락은 필요한 만큼만 공간을... 특히 처음 셀프스토리지를 접하는 분들은 “정말 필요한 서비스일까?” “내 생활이나 사업에도 활용...,http://cafe.naver.com/jihosoccer123/3639224,아프니까 사장이다 [소상공인·자영업...,
43419048fe524d8f3c304df54bbd1bb0,naver,cafe,셀프스토리지,KW1,공간 대여에 대한 수요가 있는지 확인하기 위함,무인창고(셀프스토리지) 중고 캐비넷 판매하실분 계실까요.?,"안녕하세요. 부산 해운대 장산역에서 현 공실을 활성화 하기 위해, 공유창고를 준비중에 있어요. 혹시 중고 캐비넷 매도 하실분 계실까요.? 혹시 계시면 쪽지 부탁드려요. 현재 전용 43평에 계획중이라, 1m*1m*2.2m...",http://cafe.naver.com/jihosoccer123/3638617,아프니까 사장이다 [소상공인·자영업...,
62ad0707798b900e934f08688f189a9f,naver,cafe,셀프스토리지,KW1,공간 대여에 대한 수요가 있는지 확인하기 위함,모텔건물 지하에 셀프스토리지 운영?,크고 셀프스토리지 시장이 앞으로 유망하다고 하네요? 모텔건물에도 맞을지는 모르겠지만 남는 공간들을 셀프로 짐을 보관하고 비용을 받고 임대료를 받는 구조 이미 미국등은 수십조원의 꽤 큰 시장이라고 합니다....,http://cafe.naver.com/solocristmas/324784,모텔은 아무나 하나 [ NO.1 숙박업 모...,
b66bc71602cf3e215f47426c52ef1afd,naver,cafe,셀프스토리지,KW1,공간 대여에 대한 수요가 있는지 확인하기 위함,[198번째 책] 1.5가구,도심형 셀프 스토리지는 공간의 외장하드 ... 미니창고 다락을 운영하는 세컨신드롬 ... p.362 코퍼런팅(협력 양육) ... 부부로서 관계는 끝났지만 아이의 부모로서 역할은 함께 책임지고 하는 것 ... 자녀 부부와 부모...,http://cafe.naver.com/gedconsulting/33736,GED 미국검정고시 CC 산타모니카칼리지...,
f34ba119864e241eb6ab60f6e644d14b,naver,cafe,셀프스토리지,KW1,공간 대여에 대한 수요가 있는지 확인하기 위함,"[2026 자영업 생존 리포트] ""불황이 아니라, 시장이 통째로 이동 중입니다""","마이크로 서비스 (불편 타격): 셀프 스토리지, 1인 가구 구독형 세탁/청소, 소분화된 고품질 밀키트. 2026 자영업 생존 공식: 과거를 버려야 삽니다 구분 과거의 방식 (Failure) 2026년 생존 방식 (Survival) 타겟 고객 불특정...",http://cafe.naver.com/ksr100/28,디돈케 '디지털연금으로 돈복사하는 케...,
d541dffec76095b5e55294f21130a07b,naver,cafe,셀프스토리지,KW1,공간 대여에 대한 수요가 있는지 확인하기 위함,[한국토지주택공사] 2026년 4월 24일 오늘의 기관 주요 뉴스브리핑,"디지털타임스 | 2026.04.23 15:04 ▶ 원문보기: https://n.news.naver.com/mnews/article/029/0003023396?sid=101 ──────────────────────── • ""셀프스토리지 '미니창고 다락', 업계 첫 누적...",http://cafe.naver.com/pinkbrgd1/3231,공공라운지 ★ 혁신도시 공공기관·공...,
79ce5fa941f8c5a97cf6cddbd12c525f,naver,cafe,셀프스토리지,KW1,공간 대여에 대한 수요가 있는지 확인하기 위함,Safestore Holdings plc - 셀프 창고 리츠,"(Self-Storage, 셀프 스토리지) 전문 부동산 투자신탁(REITs)입니다. 영국 전역과 파리, 바르셀로나... • Lok'nStore (영국): 최근 Shurgard에 인수된 영국의 주요 셀프 스토리지 기업입니다. 한국 유사 사업 기업...",http://cafe.naver.com/hangmansa/1590,기업을 공부하자,
6411002299aeb1a51e3dc3044c5db28f,naver,cafe,셀프스토리지,KW1,공간 대여에 대한 수요가 있는지 확인하기 위함,2026GV80정보즉시출고알아본다면?,"* **짐 보관 서비스:** 짐 보관 서비스는 불가피한 경우에만 이용하고, 단기 보관이 필요하다면 셀프 스토리지 서비스를 활용하는 것이 더 저렴할 수 있습니다. **3. GV80 이사, 이것만은 꼭 기억하세요!** * **이사 전 차량...",http://cafe.naver.com/o2community/435825,★ 기아 타스만 공식 동호회 [타스만 ...,
05270c14025feef15692bbba8df5f555,naver,cafe,셀프스토리지,KW1,공간 대여에 대한 수요가 있는지 확인하기 위함,"셀프스토리지, 공유창고 가격만 보고 고르면 안 되는 이유","이거 모르고 공유창고 쓰면 무조건 후회합니다 셀프스토리지를 고르는 기준, 정말 가격만 보면 될까요? 왜 어떤 공유창고는 항상 비어있을까요? 셀프스토리지를 찾다 보면 이상한 장면을 하나 보게 됩니다. 어떤 곳은...",http://cafe.naver.com/jihosoccer123/3602997,아프니까 사장이다 [소상공인·자영업...,
1726d08edb7976022a7341b4a3c1ce2a,naver,cafe,셀프스토리지,KW1,공간 대여에 대한 수요가 있는지 확인하기 위함,스파크렌트빠른출고알아본다면?,"* **최소한의 짐만 챙기기**: 당장 필요하지 않은 물건은 보관 서비스 (셀프 스토리지 등)를 이용하거나, 가족/친척 집에 맡기는 것을 고려해보세요. * **옷은 압축팩 활용**: 옷은 압축팩을 사용하여 부피를 줄이면 더욱 많은...",http://cafe.naver.com/o2community/432959,★ 기아 타스만 공식 동호회 [타스만 ...,
4087381432b04a9bfebcb43c798223a5,naver,cafe,셀프스토리지,KW1,공간 대여에 대한 수요가 있는지 확인하기 위함,혼족 필독! 7호선 라인 1인 가구 짐 보관 & 셀프 코인 세탁 완전 정복 (내돈내산),"셀프 스토리지 (건대입구역, 어린이대공원역 등) 장점: 비교적 저렴한 가격으로 이용할 수 있다는 점이 가장... 에디터 J의 경험담: 계절 옷이나 잘 안 쓰는 책들을 보관하기 위해 건대입구역 셀프 스토리지를 이용해봤어요....",http://cafe.naver.com/jicheolma/33,지하철마케팅,
d04804e1770d7ce565fad60fe6f28bee,naver,cafe,셀프스토리지,KW1,공간 대여에 대한 수요가 있는지 확인하기 위함,"셀프스토리지 알파박스, 운영 면적 1만㎡ 돌파","셀프스토리지 알파박스, 운영 면적 1만㎡ 돌파 < 핀테크·유통 < 통신·컨슈머 < 기사본문 - 테크월드뉴스- 김승훈 기자",http://cafe.naver.com/1personknowhow/785,1인 가구 ( 생활 노하우 공유 ),
11383f8bb46b71a71e68222a1bf9f205,naver,cafe,셀프스토리지,KW1,공간 대여에 대한 수요가 있는지 확인하기 위함,셀프스토리지 공유창고 미니창고 팝니다,"상품 정보 더보기 〉 상품 정보 셀프스토리지 공유창고 미니창고 팝니다 2,500,000원 시세조회 결제 혜택 N... 상세 셀프스토리지,공유창고,미니창고 매입하시는분 연락주세요 가격제시 받구요 빠르게 처리 바랍니다 ??...",http://cafe.naver.com/joonggonara/1126281689,중고나라,
61558fe3ccd266ffa85deeea18ecf1eb,naver,news,셀프스토리지,KW1,공간 대여에 대한 수요가 있는지 확인하기 위함,"실전 뛰어든 AI 에이전트…""기업성과 열쇠는 '기술·업무 연결'""","박정무 HPE코리아 네트워킹 카테고리 매니저는 AI 에이전트 간 협업과 자율 운영을 가능하게 하는 '셀프... 그는 ""우리는 서버와 스토리지, 네트워크 등 전체 제품 포트폴리오에 PQC 로드맵 구축하는데 주력하고 있다""고...",https://zdnet.co.kr/view/?no=20260617160949,zdnet.co.kr,2026-06-17
13cb4f1e9d8e5f4b1d7c009ab0b61c72,naver,news,셀프스토리지,KW1,공간 대여에 대한 수요가 있는지 확인하기 위함,"HPE코리아 ""SDN, AI로 재정의…자율주행 네트워크가 미래 비전""","""오늘 SDN의 정의를 소프트웨어정의네트워크(Software-Defined Network)에서 셀프드라이빙네트워크(Self Driving... 서버, 스토리지, 네트워크 등 모든 제품 포트폴리오에 PQC 로드맵에 맞춰 업데이트를 진행하고 있다""고...",https://zdnet.co.kr/view/?no=20260617151123,zdnet.co.kr,2026-06-17
b58fd872bd2f17e0e0735d9ed214e2ef,naver,news,셀프스토리지,KW1,공간 대여에 대한 수요가 있는지 확인하기 위함,집보다 뜨거운 창고 투자…1668만 가구가 쓰는 셀프스토리지,미국 가구 13.5%가 창고 빌려 쓴다 “올해 가장 주목해야 할 부동산 자산” 하인즈·브룩필드 등 거물 투자자 뭉칫돈 [땅집고] 미국 부동산 시장에서 임시 물품 보관 창고인 셀프 스토리지(Self-Storage)가 가장 주목받는...,https://realty.chosun.com/site/data/html_dir/2026/06/11/2026061101705.html,realty.chosun.com,2026-06-11
889eb0db90adb62266d38ca81d4ea631,naver,news,셀프스토리지,KW1,공간 대여에 대한 수요가 있는지 확인하기 위함,"웨스트 메인 셀프 스토리지, 비트코인 보유량 14.92개로 확대",오데일리에 따르면 비트코인트레저리스.NET은 X를 통해 웨스트 메인 셀프 스토리지가 비트코인 0.16개를 추가 매입했다고 밝혔다. 이에 따라 이 회사의 비트코인 보유량은 총 14.92개로 늘었다.,https://www.tokenpost.kr/news/breaking/367717,www.tokenpost.kr,2026-06-10
1353938cdaf3a23f060f50a753b8d5e0,naver,news,셀프스토리지,KW1,공간 대여에 대한 수요가 있는지 확인하기 위함,"미니창고 다락 ""셀프스토리지 시장, 수요-공급 모두 호황""","세컨신드롬 | 서울=한스경제 김종효 기자 | 코로나 이후 생겨나기 시작한 공유창고, 이른바 '셀프스토리지'에 대한 수요와 공급이 갈수록 빠르게 커져나가고 있다. 이사 등을 비롯해 가구 이동이 활발하게 이뤄지는 봄철...",http://www.hansbiz.co.kr/news/articleView.html?idxno=843044,www.hansbiz.co.kr,2026-06-08
38a0eaf3a2f6a089452176da8a596a69,naver,news,셀프스토리지,KW1,공간 대여에 대한 수요가 있는지 확인하기 위함,어디 빈 방 없나요?… 룸메이트 찾는 고령층 늘어,"여분의 짐을 보관하기 위해 셀프 스토리지를 임대하고, 추가 수납 공간을 위해 방 안에 선반도 직접 달았지만 장점이 많다고 설명했다. 웨스트 씨는 “나를 이해하고 서로 의지할 수 있는 비슷한 연령대의 룸메이트가...",http://www.koreatimes.com/article/1615934,www.koreatimes.com,2026-06-04
908bcc252a4462bc8ea538d05bc4f5bf,naver,news,셀프스토리지,KW1,공간 대여에 대한 수요가 있는지 확인하기 위함,"웨스트 메인 셀프 스토리지, BTC 보유량 14.767개로 확대",오데일리에 따르면 비트코인트레저리스닷넷은 X를 통해 웨스트 메인 셀프 스토리지가 BTC 0.146개를 추가 매입했다고 밝혔다. 이에 따라 이 회사의 BTC 총 보유량은 14.767개로 증가했다.,https://www.tokenpost.kr/news/breaking/365814,www.tokenpost.kr,2026-06-03
fed75912da15b1f26587e05bd2ea7424,naver,news,셀프스토리지,KW1,공간 대여에 대한 수요가 있는지 확인하기 위함,"세컨신드롬 '미니창고 다락', 업계 최초 옥외 캠페인 성료…결제건수 증...",지난달 미니창고 다락은 셀프스토리지(공유창고)를 경험해 보지 못한 대중들을 겨냥해 '집이 좁아? 다락해!'라는 메시지를 중심으로 한 달 동안 서울 전역에 업계 최초로 옥외 캠페인을 선보였다. 캠페인은 서울 주요...,https://www.pointdaily.co.kr/news/articleView.html?idxno=306879,www.pointdaily.co.kr,2026-06-02
ecb3a8a7b4fa8c36dea3f36de2ee95fd,naver,news,셀프스토리지,KW1,공간 대여에 대한 수요가 있는지 확인하기 위함,GPU 고민 해결사 '베슬AI' ··· 글로벌 톱3 네오클라우드 도약 박차,"뿐만 아니라 GPU를 비롯해 스토리지 및 AI 개발 플랫폼도 즉시 사용할 수 있게 셀프 서비스 형태로 제공돼 유연성도 뛰어나다. 필요할 때 바로 원하는 모델의 GPU를 사용할 수 있고, 소규모 파일럿에서 대규모...",https://www.datanet.co.kr/news/articleView.html?idxno=211927,www.datanet.co.kr,2026-05-26
ab1cdeff0e6a8370d671dac2cdb3d054,naver,news,셀프스토리지,KW1,공간 대여에 대한 수요가 있는지 확인하기 위함,"시놀로지, 엔터프라이즈 스토리지 솔루션 PAS7700 출시","시놀로지가 액티브-액티브 올플래시 NVMe 엔터프라이즈 스토리지 솔루션인 PAS7700을 출시했다고 26일... 또한 셀프-인크립팅 드라이브(Self-Encrypting Drive(SED), WORM(Write Once Read Many), 공유 폴더, 변경 불가능한...",https://www.ddaily.co.kr/page/view/2026052610523862714,www.ddaily.co.kr,2026-05-26
a5fc44744137f4589293813a2edb30ef,naver,news,셀프스토리지,KW1,공간 대여에 대한 수요가 있는지 확인하기 위함,[더벨][thebell desk] 아이엠박스의 초격차 전략,휴식을 겸한 시간이지만 하루에 2만보 이상 걸으면서 도심 속 유휴공간을 채우는 셀프스토리지 시장의 역동성을 확인한다. 지난해 찾은 미국과 일본에선 글로벌 시장의 성장성을 확인할 수 있었다. 광활한 영토를 보유한...,https://www.thebell.co.kr/free/content/ArticleView.asp?key=202605200936477240101029,www.thebell.co.kr,2026-05-26
d16afa8fb65e263776c258f6183e50a3,naver,news,셀프스토리지,KW1,공간 대여에 대한 수요가 있는지 확인하기 위함,"""인프라 줄이고 비즈니스 키웠다""…삼성전자·무신사의 디지털 혁신 경...","셀프 호스팅의 구조적 한계도 존재했다. 컴퓨팅과 스토리지가 같은 노드에 묶여 있어 확장할 때마다 불필요한 비용이 따라왔고, 무거운 쿼리를 돌리려면 외부 컴퓨팅을 별도로 끌어와야 했다. 장애도 수차례...",https://www.ddaily.co.kr/page/view/2026052117041108787,www.ddaily.co.kr,2026-05-22
b7c5579f0a3df61aab32ed15145144d1,naver,news,셀프스토리지,KW1,공간 대여에 대한 수요가 있는지 확인하기 위함,비밀번호 재설정 틈탄 해커들…MS 365·애저 계정 탈취 주의보,"존재하는 셀프 서비스 비밀번호 재설정(SSPR) 프로세스가 이번 자격 증명 도용 캠페인의 핵심 표적이... 더불어 키 볼트에 대한 접근 권한 축소 및 외부 공용 접근 차단, 애저 스토리지 데이터 보호 옵션 적용 등을 긴급...",https://www.digitaltoday.co.kr/news/articleView.html?idxno=667917,www.digitaltoday.co.kr,2026-05-21
5ff8c3e133e7a5c1e55a049b43c18f02,naver,news,셀프스토리지,KW1,공간 대여에 대한 수요가 있는지 확인하기 위함,"BNBAgent SDK, BSC 메인넷 출시","이번 SDK는 신원·신뢰, 비즈니스·호스팅, 셀프 서비스 결제, 메모리·스토리지 등 4개 핵심 모듈로 구성됐다. 개발자는 이를 통해 BNB 체인에서 AI 에이전트를 구축·배포하고 수익화할 수 있다. 초기 파트너로는...",https://www.tokenpost.kr/news/breaking/361064,www.tokenpost.kr,2026-05-19
158082c27a83ae499246be80ae5ac7bd,naver,news,셀프스토리지,KW1,공간 대여에 대한 수요가 있는지 확인하기 위함,"비트고, 홍콩 문 인크와 손잡고 아시아 비트코인 카드 확장…수탁·결제...","비트고는 하이퍼리퀴드(HYPE)에 대해 기관용 수탁, 셀프 커스터디, 스테이킹 지원을 시작했다. 헤지펀드... 콜드 스토리지를 제공한다. 이는 유럽 거래소에서 기관 투자자 보호 기준을 강화하는 흐름과도 맞닿아 있다....",https://www.tokenpost.kr/news/cryptocurrency/360039,www.tokenpost.kr,2026-05-15
5f09d47364956bc65ec3d18e95420ce7,naver,news,셀프스토리지,KW1,공간 대여에 대한 수요가 있는지 확인하기 위함,AX 상설 산학연정 협의체 필요,"이어 2017년, 구글 연구진이 발표한 트랜스포머 아키텍처의 셀프 어텐션 메커니즘은 현대 생성형 AI의... GPU 클러스터, 데이터 가공과 저장을 위한 스토리지, AI 학습에서 검증, 운영, 재학습까지 지원하는 MLOps 환경 등이...",https://www.hdhy.co.kr/news/articleView.html?idxno=34359,www.hdhy.co.kr,2026-05-08
79c78d8a3c4c859210996711e4f14474,naver,news,셀프스토리지,KW1,공간 대여에 대한 수요가 있는지 확인하기 위함,"미니창고 다락, 전북은행과 금융권 고객 겨냥 전략 제휴","홍우태 세컨신드롬 대표는 ""이번 전북은행과의 협업으로 금융권을 통한 신규 고객 유입이 기대된다""며 ""앞으로도 다양한 기관과 협력해 셀프스토리지 대중화에 기여하겠다""고 말했다.",http://www.hansbiz.co.kr/news/articleView.html?idxno=837558,www.hansbiz.co.kr,2026-05-08
460d9a766baf029d95fe0d8294a76f31,naver,news,셀프스토리지,KW1,공간 대여에 대한 수요가 있는지 확인하기 위함,“집은 좁아도 삶은 품격있게”…2040의 기막힌 ‘공간 분리’ 전략,서울 동대문구에서 금천구 가산디지털단지로 출근하는 직장인 한용주(39)씨는 벌써 4년째 송파구 문정동의 무인창고(셀프 스토리지)를 쓰는 장기 이용자다. 4년간의 자취 생활을 접고 본가로 들어가면서 넘쳐나는 짐을...,https://www.hani.co.kr/arti/area/capital/1257480.html,www.hani.co.kr,2026-05-07
5963f0c5cb715fd145daf1dbd6f0c681,naver,news,셀프스토리지,KW1,공간 대여에 대한 수요가 있는지 확인하기 위함,"굿모닝아이텍, VMware 기반 'CAF-G Private Cloud'로 프라이빗 클라우드 ...","단축하고, 셀프서비스 포털과 원클릭 업그레이드를 통해 IT 운영의 수작업을 최소화한다. 아울러 vSAN ESA 기반 스토리지 효율화, 글로벌 중복 제거, 메모리 티어링 기술을 활용해 컴퓨트 및 스토리지 TCO를...",http://www.itdaily.kr/news/articleView.html?idxno=239153,www.itdaily.kr,2026-04-30
9b5258b7a3a58b11baef76f972db6dc8,naver,news,셀프스토리지,KW1,공간 대여에 대한 수요가 있는지 확인하기 위함,"VM부터 AI 워크로드까지 한곳에... 굿모닝아이텍, 프라이빗 클라우드 최...",사용자에게 셀프서비스 카탈로그 기반의 자원 프로비저닝 환경을 제공한다.플랫폼은 인프라 운영 자동화와 템플릿 기반 배포를 통해 서비스 가동 시간을 단축하고 수작업을 최소화한다. 스토리지 효율화 및...,http://www.boannews.com/media/view.asp?idx=143452&kind=3,www.boannews.com,2026-04-30
a1b254367fb750dd5a6c673703724d4e,naver,news,셀프스토리지,KW1,공간 대여에 대한 수요가 있는지 확인하기 위함,"굿모닝아이텍, VM웨어 기반 'SCAF-G 프라이빗 클라우드'로 비용 효율적 ...","단축하고 셀프서비스 포털과 원클릭 업그레이드를 통해 IT 운영의 수작업을 최소화한다. 아울러 vSAN ESA 기반 스토리지 효율화, 글로벌 중복 제거, 메모리 티어링 기술을 활용해 컴퓨트 및 스토리지 TCO를...",https://www.epnc.co.kr/news/articleView.html?idxno=401232,www.epnc.co.kr,2026-04-30
e42eb050bdc1797305b47ba880c5a032,naver,news,셀프스토리지,KW1,공간 대여에 대한 수요가 있는지 확인하기 위함,"굿모닝아이텍, VCF 9 기반 'SCAF-G Private Cloud'로 프라이빗 클라우드 ...","단축하고, 셀프서비스 포털과 원클릭 업그레이드로 IT 운영의 수작업을 줄인다. 비용 절감 측면에서는 vSAN ESA 기반 스토리지 효율화, 글로벌 중복 제거, 메모리 티어링 기술을 활용한다. 이를 통해 컴퓨트와...",https://www.dailysecu.com/news/articleView.html?idxno=206547,www.dailysecu.com,2026-04-30
045a0ae53d39753f181fbc01560f604c,naver,news,셀프스토리지,KW1,공간 대여에 대한 수요가 있는지 확인하기 위함,"세컨신드롬, 공유창고 대중화 위한 '미니창고 다락' 옥외 캠페인 전개",공유창고(셀프스토리지) '미니창고 다락'을 운영하고 있는 세컨신드롬이 5월 한 달 동안 서울 시내 전역을 대상으로 공유창고 대중화를 위한 옥외 캠페인을 진행한다. 사진=세컨신드롬 공유창고(셀프스토리지) '미니창고...,https://www.pointdaily.co.kr/news/articleView.html?idxno=303423,www.pointdaily.co.kr,2026-04-29
d59f9b1719c8724eb2a208bc91fe1574,naver,news,셀프스토리지,KW1,공간 대여에 대한 수요가 있는지 확인하기 위함,"[Tech & Now] 엘리스그룹-마키나락스, 국방·산업 AX 협력 MOU 체결 등","다락해""라는 대표 메시지를 앞세워 셀프스토리지를 경험하지 못한 대중에게 미니창고 다락의 공간 활용 방안을 제시할 계획이다. 특히 1인 가구와 소형 가구의 급증, 전·월세 시장 불안 등으로 주거 공간 부족 문제를...",https://www.ebn.co.kr/news/articleView.html?idxno=1707069,www.ebn.co.kr,2026-04-29
409015aa32953e1fc1c864a2c2dcf819,naver,kin,셀프스토리지,KW1,공간 대여에 대한 수요가 있는지 확인하기 위함,용인 짐보관 해줄 수 있는 곳 없나요?,... 셀프스토리지? 개인창고? 라고 나오던데 쌓여있는 집 안의 계절 용품들을 보관하려고 하는데요 어떻게 해야 할 지... 용인 지역에서 계절 용품을 보관하실 경우 셀프스토리지나 공유창고를 이용하시면 편리합니다. 원하는 기간만큼만...,https://kin.naver.com/qna/detail.naver?d1id=8&dirId=81003&docId=445966603&qb=7IWA7ZSE7Iqk7Yag66as7KeA&enc=utf8,지식iN,
31cb7ac6b82fad1f0f2cd6cf859632db,naver,kin,셀프스토리지,KW1,공간 대여에 대한 수요가 있는지 확인하기 위함,딱 집근처에 창고 같은 곳 없을까요..? 집 짐들 보관하는...,"... 부피가 큰 짐이나 계절용품 등은 집 근처의 셀프스토리지나 짐보관 서비스를 활용하실 수 있습니다. 보관기간은 단기, 장기 모두 가능하며 원하시는 위치나 크기에 따라 다양한 선택이 가능해요. 물건을 깨끗하게 보관할 수 있어 집...",https://kin.naver.com/qna/detail.naver?d1id=8&dirId=80801&docId=422805185&qb=7IWA7ZSE7Iqk7Yag66as7KeA&enc=utf8,지식iN,
69087001241fc0fa3803217c55585422,naver,kin,셀프스토리지,KW1,공간 대여에 대한 수요가 있는지 확인하기 위함,"캠핑 장비 정리, 편안창고 이용해 보신 분들 후기...",... 그래서 편안창고 같은 셀프스토리지를 이용해볼까 고민 중인데요. 실제로 이용해보신 분들 후기가 정말... 그래서 편안창고 같은 셀프스토리지를 이용해볼까 고민 중이시군요. 실제로 이용해본 분들의 생생한 후기를 모아봤어요....,https://kin.naver.com/qna/detail.naver?d1id=10&dirId=100508&docId=492610143&qb=7IWA7ZSE7Iqk7Yag66as7KeA&enc=utf8,지식iN,
0ce3ff6b85b27b69417a021077c20a58,naver,kin,셀프스토리지,KW1,공간 대여에 대한 수요가 있는지 확인하기 위함,"캠핑 장비 보관, 집에서 vs 편안창고 어느 쪽이 더...","... 편안창고 같은 셀프스토리지를 이용하면 편리할 것 같긴... 집에서 보관할지, 아니면 편안창고 같은 셀프스토리지를... 편안창고 같은 셀프스토리지를 이용할 때의 장단점... 같은 셀프스토리지를 이용하는 게 더 효율적일 수 있어요....",https://kin.naver.com/qna/detail.naver?d1id=5&dirId=50503&docId=492610140&qb=7IWA7ZSE7Iqk7Yag66as7KeA&enc=utf8,지식iN,
9c7dda0679f60b496688cd51c7af37f1,naver,kin,셀프스토리지,KW1,공간 대여에 대한 수요가 있는지 확인하기 위함,군대에 가구 들고갈 수 있어요?,"... 제대할 때 개인 이삿짐을 임시 보관하는 경우도 있긴 하지만 , 보통은 개인이 외부의 **사설 창고 대여 서비스(셀프 스토리지)**를 이용해요. 군 복무 기간 동안 집을 비우거나 본가로 돌아갈 때, 많은 분들이 이런 사설 창고를 활용해서...",https://kin.naver.com/qna/detail.naver?d1id=6&dirId=603&docId=491004435&qb=7IWA7ZSE7Iqk7Yag66as7KeA&enc=utf8,지식iN,
ae0a67ba30540d5b1ff9dd1d61e271bb,naver,kin,셀프스토리지,KW1,공간 대여에 대한 수요가 있는지 확인하기 위함,안녕하세요,"... -셀프스토리지 보관창고 -스토리지랩 -미니창고 다락 -스토리박스 -스페이스닷 일반적으로 1개월~몇 년까지 장기 보관 가능 본인이 원할 때 출입 가능하며 크기 선택 가능 합니다. 가전, 가구 갚은 부피가 큰 짐은 월 비용이 조금...",https://kin.naver.com/qna/detail.naver?d1id=6&dirId=61303&docId=489881637&qb=7IWA7ZSE7Iqk7Yag66as7KeA&enc=utf8,지식iN,
99870f9d8c7e1e5c8c0e244a8cdfcbe2,naver,kin,셀프스토리지,KW1,공간 대여에 대한 수요가 있는지 확인하기 위함,이사 전 짐 단순보관 해주는곳이 있을까요?,... 혹은 가격이 어느정도 측정이 될까요? 이사 전 짐 보관은 셀프스토리지나 창고 서비스 이용해보시길 바래요! 가격은 보관 기간과 공간에 따라 달라져요! 가벼운 마음으로 알아보면 좋을 것 같아요,https://kin.naver.com/qna/detail.naver?d1id=8&dirId=81003&docId=489574762&qb=7IWA7ZSE7Iqk7Yag66as7KeA&enc=utf8,지식iN,
e4315ace29b64a8c4511b0c612ee1c2c,naver,kin,셀프스토리지,KW1,공간 대여에 대한 수요가 있는지 확인하기 위함,개인창고/셀프스토리지,"1주일 정도 짐 보관할 곳이 필요한데, 개인창고같은 경우는 미니멈이 보통 1달이더라구요… 하루나 주 단위로 이용할 수 있는 곳도 있는지 궁금합니다 ㅠㅠ",https://kin.naver.com/qna/detail.naver?d1id=8&dirId=81003&docId=488242035&qb=7IWA7ZSE7Iqk7Yag66as7KeA&enc=utf8,지식iN,
655080a5b4c86e8e0d443a855ddb1681,naver,kin,셀프스토리지,KW1,공간 대여에 대한 수요가 있는지 확인하기 위함,"짐보관, 물품보관할만한 셀프스토리지 추천해주세요",제목대로 경기 광주 태전동 쪽에 짐보관이나 물품보관할만한 셀프스토리지 있으면 알려주세요 당장 내일부터 필요한거라 급합니다 ㅜㅜ 이사가면서 작은 짐들좀 보관하려는데 아시는분 있으면 답좀 부탁드리겠습니다 www.keeping....,https://kin.naver.com/qna/detail.naver?d1id=8&dirId=81003&docId=458287816&qb=7IWA7ZSE7Iqk7Yag66as7KeA&enc=utf8,지식iN,
3093669d4a21d9bf83c29608760b5936,naver,kin,셀프스토리지,KW1,공간 대여에 대한 수요가 있는지 확인하기 위함,책을 보관할 서울 근교의 창고를 물색~ 고수님의 도움...,... 하고 통화하는 내내 언성을 높이길래 따지니 고함을 치고 태도 운운하면서 돈 많은 내가 너 따위에게 고객 대접을 해야하냐 라는 마인드 였던 것 같습니다. 요즘 좋은 셀프스토리지 많으므로 잘 알아보고 선택하시길 권해드립니다.,https://kin.naver.com/qna/detail.naver?d1id=8&dirId=81003&docId=146071281&qb=7IWA7ZSE7Iqk7Yag66as7KeA&enc=utf8,지식iN,
5753cb1d6a6ffda71e2a9566eb227c68,naver,kin,셀프스토리지,KW1,공간 대여에 대한 수요가 있는지 확인하기 위함,인테리어 질문이요,"... 만약 보관할 짐이 많고 철거 일정과 겹친다면, 단기 보관창고(셀프스토리지) 이용도 고려해볼 만합니다. 참고로, 오래된 아파트 철거 시에는 석면 여부 확인 철거 시 소음 및 분진 대비 폐기물 분리 등 여러 가지 추가 조건이 따를 수...",https://kin.naver.com/qna/detail.naver?d1id=8&dirId=808&docId=483855405&qb=7IWA7ZSE7Iqk7Yag66as7KeA&enc=utf8,지식iN,
471f19b4d18457d302cd7c1ff8d7a1e1,naver,kin,셀프스토리지,KW1,공간 대여에 대한 수요가 있는지 확인하기 위함,부산 20ft 컨테이너 보관할만한 장소,"... 부산컨테이너보관창고: 셀프 스토리지 형 창고로 개인 보관창고처럼 사용 가능하며 이사도 함께 진행하고 있어요. 실내 고정형과 야외 컨테이너 보관창고의 두 가지 타입으로 이용할 수 있으며 간단한 물건부터 취미용품, 아웃도어...",https://kin.naver.com/qna/detail.naver?d1id=8&dirId=81003&docId=480449290&qb=7IWA7ZSE7Iqk7Yag66as7KeA&enc=utf8,지식iN,
3a9d8331de4328abe7505557f7eaff24,naver,kin,셀프스토리지,KW1,공간 대여에 대한 수요가 있는지 확인하기 위함,셀프 스토리지 이용방법,... 직접 옮기기 힘들어서 일단 셀프 스토리지에서 직접 직원분이 오셔서 짐... 아이엠박스 셀프스토리지의 경우에는 자체적으로 배송서비스를 해주기... 포장해놓으시면 셀프스토리지까지 배송을 해주고 있습니다. 비용의 경우에는 20박스...,https://kin.naver.com/qna/detail.naver?d1id=8&dirId=81003&docId=479078224&qb=7IWA7ZSE7Iqk7Yag66as7KeA&enc=utf8,지식iN,
b158aabaffeabfa511bf20e3e50fb559,naver,kin,셀프스토리지,KW1,공간 대여에 대한 수요가 있는지 확인하기 위함,셀프 스토리지 질문!,"... 두꺼운 이불 등의 짐을 셀프 스토리지에 보관하는데요... 보관하기에는 셀프스토리지가 정말 좋습니다. 그 중에서도... 아이엠박스 셀프스토리지가 정말 좋습니다. 아이엠박스 셀프스토리지를 추천드리고, 답변이 도움이 되셨다면...",https://kin.naver.com/qna/detail.naver?d1id=8&dirId=81003&docId=436543081&qb=7IWA7ZSE7Iqk7Yag66as7KeA&enc=utf8,지식iN,
ed2891964340458b1c462589a087436b,naver,kin,셀프스토리지,KW1,공간 대여에 대한 수요가 있는지 확인하기 위함,휴가 나올때마다 옷 보관할 곳이 있을까요,"... - 셀프 스토리지: '미니창고 다락', '엑스트라스페이스' 등의 셀프 스토리지를 이용해 보세요. - 친구 집: 친구 집에 옷을 보관하는 것도 좋은 방법입니다. - 택배 보관 서비스: 'CU 택배 보관함', 'GS25 택배 보관함' 등의 택배 보관...",https://kin.naver.com/qna/detail.naver?d1id=8&dirId=81003&docId=477697296&qb=7IWA7ZSE7Iqk7Yag66as7KeA&enc=utf8,지식iN,
f8c7f0bebb7b1a447598c2715501f1ca,naver,blog,원룸 짐보관,KW1,공간 대여에 대한 수요가 있는지 확인하기 위함,부평속눈썹연장 더블영래쉬,원룸타입으로 한쪽으로 베드가 두개 마련되어 있어요 . 샵 내부로 들어왔으니 실내화로... 있어서 짐보관 및 옷을 걸어둘 수 가 있어요. 베드에 누워 시술 들어가기 전 테이블에 앉아서 차트 간단하게 작성 후...,https://blog.naver.com/hyoung0224/224316369720,티용 일상*,2026-06-16
d31c6e747e8a49bd2848722792815431,naver,blog,원룸 짐보관,KW1,공간 대여에 대한 수요가 있는지 확인하기 위함,"집이 넓어지는 마법, 스트레스까지 비워낸 셀프스토리지 활용...",때 원룸 보관 이사 대안으로 이보다 좋은 건 없을 거예요. 제가 이용 중인 곳은 입출입도 너무 자유로워서 필요할 때마다 언제든 짐을 넣고 뺄 수 있었어요. 체계적인 짐보관서비스 덕분에 집안의 동선이...,https://blog.naver.com/extra_space_asia/224313076971,엑스트라 스페이스 셀프 스토리지,2026-06-11
c5c08c9d7f88caf3da529e60734ea07d,naver,blog,원룸 짐보관,KW1,공간 대여에 대한 수요가 있는지 확인하기 위함,"배곧 안산 시흥 물품보관 개인창고, 이삿짐·생활용품·재고보관...",☎ 010-****-**** ✅ 원룸 이삿짐보관 실제 후기 이사 일정이 맞지 않아서 약 두 달정보 이삿짐 보관이 필요하여 방문하였습니다. 원룸 이사짐보관 1층의 경우에는 바로 물건을 내려서 입고가 가능하고 2층의...,https://blog.naver.com/lkw021/224312952887,시흥보관창고,2026-06-11
299f193688838256f63c4b7eebc07b0a,naver,blog,원룸 짐보관,KW1,공간 대여에 대한 수요가 있는지 확인하기 위함,원룸 신혼부부 이사 짐보관에 좋은 미니창고 다락 부평구청역점...,"총평 인천 이사짐 보관 찾으시는 분들께 미니창고 다락 부평구청역점 추천드려요! 역 앞이라 도보로 방문하기에도 좋고, 내 짐 크기에 맞는 크기를 골라 쓸 수 있게 다양한 사이즈의 짐보관 서비스를...",https://blog.naver.com/reviewwwww/224309862463,리뷰하는 댕굴 (●'◡'●),2026-06-11
fdbffc3eb0d5764011c46675745cc475,naver,blog,원룸 짐보관,KW1,공간 대여에 대한 수요가 있는지 확인하기 위함,회기역 브라질리언 왁싱샵 추천 아인왁싱 : 15년 경력을 가지신...,"깔끔한 원룸에 온 것 같은 느낌이었용 사장님이 청소도 좋아하시는지 너무 깨끗하더라구욬ㅋㅋㅋ... 방안에 요렇게 배드랑 샤워부스, 짐보관하는 옷장이 있구요 들어온다음 옷갈아입고 호출하면 끝! 저는 이날...",https://blog.naver.com/dobby__7/224311343137,도비,2026-06-10
c4abaa12e05a679b14788dcd0cbf8283,naver,blog,원룸 짐보관,KW1,공간 대여에 대한 수요가 있는지 확인하기 위함,대구 달서구 원룸·소형 주택... 대구짐보관 완벽 해결!,창고에서 보관할 때보다 훨씬 덜해 안심할 수 있습니다. 보관함 사이즈는 짐 규모에 맞게 선택하면... 와룡로짐보관 #달서구원룸짐보관 #달서구원룸계절옷보관 #대구1인가구짐보관 #달서구이삿짐공유창고...,https://blog.naver.com/shal91/224309568749,맛있고 쓸만해,2026-06-08
3223cbc5ec7f3b6c075b6842b2f906f2,naver,blog,원룸 짐보관,KW1,공간 대여에 대한 수요가 있는지 확인하기 위함,송파구 리모델링 이사짐보관 고민 끝 아이엠박스 삼전역점...,다양해서 짐 양에 맞춰 선택할 수 있었고 저는 리모델링 기간 동안 사용하지 않는 물건 위주로 보관했는... 때문에 짐 보관할 곳이 필요한 상황이라면 한 번쯤 알아보셔도 괜찮을 것 같아요. 저는 처음 이용해본...,https://blog.naver.com/emflaxown/224306035330,emflaxown님의블로그,2026-06-04
f63734d687f50a38227d6a1b137d2a96,naver,blog,원룸 짐보관,KW1,공간 대여에 대한 수요가 있는지 확인하기 위함,대구본동·본리동 자취생이 방학 마다 초간단 짐 처리하는...,"보관함 안에 선반을 설치하면 크기가 다른 물건들을 층층이 정리해서 공간을 효율적으로 쓸 수... 방학마다 짐 처리 때문에 고민하는 분들이라면, 원룸 계약 유지 비용이랑 비교해서 대구 달서구 짐보관...",https://blog.naver.com/a202506/224305845485,데일리,2026-06-04
a3e58bc88427724e9540412e1e3a145f,naver,blog,원룸 짐보관,KW1,공간 대여에 대한 수요가 있는지 확인하기 위함,경기 하남/ 감일짐보관 가능한 '공유창고 비움 하남감일점...,또한 원룸이나 투룸 같은 집의 공간이 여유롭지 않은 분들이 옷보관을 하기에도 좋을 것 같은 공유창고 비움 말그대로 집안에 있는 당장에는 쓸모없는 물건들을 비울 수 있는 공간 감일짐보관 가능한 곳...,https://blog.naver.com/dbstmf713/224305819002,지금 사랑하고 있는 것들을 기록하세요,2026-06-04
9058aab6e5edbe186a27d0952d2b34ba,naver,blog,원룸 짐보관,KW1,공간 대여에 대한 수요가 있는지 확인하기 위함,"좁은 집에 무인창고 찾는 2030, 장애인 복지공백과 성남 재개발...","외부에 보관하는 방식이 대안처럼 떠오르고 있다. 원룸이나 오피스텔에 사는 2030세대에게 수납공간은... 그래서 무인창고, 셀프스토리지, 짐보관 서비스는 앞으로도 생활경제 키워드로 계속 커질 가능성이...",https://blog.naver.com/26metal/224305307536,종이신문러의시간리뷰,2026-06-04
72bb207b758a1c46069e5c7e29ed3635,naver,blog,원룸 짐보관,KW1,공간 대여에 대한 수요가 있는지 확인하기 위함,A동 소개,有) 원룸 객실이라 룸 한켠에 이렇게 킹베드 침대가 있어요 여기 누워서 바라보는 통창이 아주... 옷이나 짐보관을 하실 수 있습니다. 통창 유리문이 아니라 이쪽으로도 현관이 있어요 애견패드나 기저귀 탈취제...,https://blog.naver.com/treemolly/224304930700,애견독채펜션 트리몰리,2026-06-03
5e9b8f00ae63e56a256c42120a4e8f4c,naver,blog,원룸 짐보관,KW1,공간 대여에 대한 수요가 있는지 확인하기 위함,안양명학 다락 미니창고 다락 공유창고 다락 이용후기!!,아 특히 아래 물품들은 보관이 안되는 것도 꼭 확인하세요!!! 짐보관이다 보니 부피나 무게가 엄청... 특히 요즘은 혼자사는 분들이 많아서 원룸에서 생활시 특히 여자분들은 옷이 고민되잖아요! 겨울 옷들...,https://blog.naver.com/hot0222/224302648150,Let's be happy everyday with yoohoo.,2026-06-01
2d08d00feb32e1d7900693911803fc3d,naver,blog,원룸 짐보관,KW1,공간 대여에 대한 수요가 있는지 확인하기 위함,원룸이사 고민 줄여준 아이엠박스 삼전역점 이용 후기,부분이 짐 정리와 보관이잖아요. 이번에 아이엠박스 삼전역점 이용해보면서 공간 활용이 정말 중요하다는 걸 다시 느꼈어요. ✔ 원룸이사 ✔ 사무실이사 ✔ 단기 짐보관 ✔ 생활용품 정리 ✔ 개인사업자...,https://blog.naver.com/koreagame07/224300834458,행복한 아기상어 블로그,2026-05-30
b37fdbd7c549c5360201f9f232cd373b,naver,blog,원룸 짐보관,KW1,공간 대여에 대한 수요가 있는지 확인하기 위함,셀프스토리지 아이엠박스 종로평창점을 소개합니다!,"혹은 원룸으로 인해 방이 너무 좁으신 분 2️⃣ 캠핑, 골프, 피규어 등 다양한 취미활동으로 창고가 부족하신 분 3️⃣ 이사 날짜가 안 맞아서 짐보관이 필요하신 분 4️⃣ 온라인 셀러로 재고 보관이...",https://blog.naver.com/iamboxkorea/224300085835,IMBOX,2026-05-29
3f7ca0dab6e21326e0842220f08bff60,naver,blog,원룸 짐보관,KW1,공간 대여에 대한 수요가 있는지 확인하기 위함,"쾌적한 일상을 위한 선택, 셀프 스토르지! 스토르 서울",재고 보관 • 이사 전 단기간 짐 보관 셀프 스토리지를 한 번 사용한 분들은 그 편리함에 꾸준히 이용하게 된다는 특징이 있죠. 물품 보관 공간은 더 필요하고 큰 비용 없이 물품을 분리하여 내 생활...,https://blog.naver.com/storr_storage/224299782601,STORR,2026-05-29
f4dc34e795256e5a2e4aaff8738afcac,naver,blog,원룸 짐보관,KW1,공간 대여에 대한 수요가 있는지 확인하기 위함,가죽잡지꽂이 인테리어 고민중인가요 모던 매거진랙 및...,접어서 보관할 수 있다는 점이 정말 실용적이에요. 좁은 틈새에 쏙 들어가니까 원룸이나 오피스텔처럼... 짐보관 스탠드 접이식 가죽 잡지꽂이 카페 가방보관대 짐보관 스탠드 접이식 가죽 잡지꽂이 카페...,https://blog.naver.com/invoice58/224298480488,invoice58님의 블로그,2026-05-28
a00fe441f0e0480584da02b4ca6cab9a,naver,blog,원룸 짐보관,KW1,공간 대여에 대한 수요가 있는지 확인하기 위함,"합정,당산 공유창고 후기 도심창고 곳간","짐 양에 맞게 공간을 선택할 수 있어서 원룸 자취생처럼 짐이 적은 분들도 부담 없이 이용 가능하고, 사업 재고나 이삿짐처럼 큰 짐 보관이 필요한 경우에도 활용하기 좋아 보였어요. 괜히 큰 공간을 비싸게...",https://blog.naver.com/poohj0401/224297999676,공간 블로그,2026-05-27
fca792a1d255efe04688df057a4d0738,naver,blog,원룸 짐보관,KW1,공간 대여에 대한 수요가 있는지 확인하기 위함,"[아이엠박스 삼전역점] 원룸이사,공유창고로 아주 편리하게 ~!","급하게 짐 보관할 곳이 필요헀는데 다행이 무인창고, 셀프스토리지를 알게되서 편하게 해결했네요 ㅠㅠ... 수월하게 원룸이사할때 사용했구요 다행히 생활공간도 많이나오게 되어서 넘 좋았습니다 짐 공간으로...",https://blog.naver.com/rosarosa5454/224297146578,rosarosa5454님의블로그,2026-05-26
3525e7ace88357ad54c7ef5934f636f0,naver,blog,원룸 짐보관,KW1,공간 대여에 대한 수요가 있는지 확인하기 위함,"수원 짐보관, 개인창고 대여 공간플러스 영통점 솔직 후기","이번 짐 보관 서비스를 이용해봤어요 생각보다 어마무시하게 큰 공간이라 들어가자마자... 굿굿 실제로 계절 이불, 겨울 패딩, 골프백, 캠핑 장비, 자취생 짐, 사업 재고 같은 걸 보관하는 사람들도 많더라구요...",https://blog.naver.com/taetaeland30/224294524569,"태태의 결혼준비, 일상✨",2026-05-23
ca6119807dfcf6dd8f1488ccbb7568f9,naver,blog,원룸 짐보관,KW1,공간 대여에 대한 수요가 있는지 확인하기 위함,[서울/혜화역] 연극 오백에삼십 @ JTN아트홀 3관...,"대극장은 반성하라 물품보관하는 사물함도 있어서 짐보관하고 가벼운 몸으로 ~,, 좌배도도 있네요!... 보증금 500에 월세 30만 원짜리 원룸 빌라를 배경으로 생계형 코미디가 펼쳐지는 무대인데, 디테일이...",https://blog.naver.com/jwithx/224293921049,Archive.,2026-05-22
e564b3f6d77f5dbb7e979b3e6f0ceae3,naver,blog,원룸 짐보관,KW1,공간 대여에 대한 수요가 있는지 확인하기 위함,서울 원룸이사 짐보관 아이엠박스 삼전역점 공유창고 이용 후기,보관하기 좋은 공유창고라는 생각이 들었습니다. 아이엠박스 삼전역점 정보 서울 원룸이사 짐보관... 타입별 사이즈 짐 양에 따라 선택할 수 있는 타입이 다양하다는 점도 좋았습니다. 짐을 잠깐 보관하는...,https://blog.naver.com/mimi_mim_/224293902059,놀고 먹는 블로그입니다만,2026-05-22
58c851b416e5a47b2a0c3067315caf67,naver,blog,원룸 짐보관,KW1,공간 대여에 대한 수요가 있는지 확인하기 위함,공유창고 찾다가 다락 이용해본 후기,이사짐 보관이나 계절옷 보관 용도로 많이 쓴다는 건 알고 있었는데 실제로는 취미용품이나 자취 짐 때문에 이용하는 분들도 진짜 많더라고요. 공유창고 다락 후기들 보다 보면 저처럼 원룸 수납 때문에 시작한...,https://blog.naver.com/surfingtaiji/224292448135,쨘쨔자잔쨔자쟌! 두둥!,2026-05-22
471e9a9d1b0cb2bbe8729c9207b0b40e,naver,cafe,원룸 짐보관,KW1,공간 대여에 대한 수요가 있는지 확인하기 위함,대구 달서구 송현동 옥탑방 투룸 16평 월세 (보200/월15) 조절가능,없고 짐보관 용으로 임대 중입니다 큰방 2개 / 작은 주방 / 욕실 입니다 !!! 투룸 이라고 보셔도 되겠습니다... 연락주세요 원룸 월세보다 더 저렴하게 내놓습니다 ! 너무 짧은 단기 월세는 안될것 같습니다 ~!!...,http://cafe.naver.com/kig/19516913,ㆍ피터팬의 좋은방 구하기ㆍ,
359f58142b6992e5dde798b5af40ec6b,naver,cafe,원룸 짐보관,KW1,공간 대여에 대한 수요가 있는지 확인하기 위함,"사상구 리모델링 짐보관, 이거 진짜 생각보다 큰 문제였어요.","대충 살자고 생각했는데, 짐 보관 때문에 막상 시작도 못하고 있었어요. 사상구 오래된 원룸이었거든요. 전세 만기인데 나가자니 애매하고, 살자니 너무 낡아서. 리모델링 해야겠다는 생각은 했는데, 문제는 짐이었죠....",http://cafe.naver.com/ysmom/116448,마곡맘 모여라 (강서맘 & 마곡맘 대표...,
8ea236fe207dc4a522d3e9dcb702796a,naver,cafe,원룸 짐보관,KW1,공간 대여에 대한 수요가 있는지 확인하기 위함,살고있는 집이 매매 됬는데,않네요 짐보관을하고 얻어놓은 원룸으로 이동한뒤 발표때까지 버틴다. 이게 최선의 방법이겠죠? 돈도없는데 쓸데없이 낭비하는것같아 쓰리긴하지만 더좋은 방법이 생각이 안나네요 휴~~ 좋은 생각있으시면...,http://cafe.naver.com/cafe1535/1795103,복지 아는게 힘,
b59c3e4f5e85fa245330927b08804371,naver,cafe,원룸 짐보관,KW1,공간 대여에 대한 수요가 있는지 확인하기 위함,집에 살면서 인테리어 하면 어디가서 사시나요?,짐보관이며 거주를 어디서 하시는건가요 기간이 2달씩 걸리면?,http://cafe.naver.com/agence/287512,평택과 고덕신도시 내집마련 부동산과...,
b9eec2bd76896845cb44fe0e8e35d4a3,naver,cafe,원룸 짐보관,KW1,공간 대여에 대한 수요가 있는지 확인하기 위함,* 한달만 살집 구하는데 조언부탁드립니다 *,부득이하게 원룸이나 작은 곳이면 큰 짐은 컨테이너에 맡기고 생활도구만 기져갈까도하고요... 주변에 비어있는 집이 있거나 먼저 경험하신 분들의 조언을 진지하게 요청드립니다 부담없이 의견 남겨주세요 감사합니다~,http://cafe.naver.com/gogaeapt/35441,고척동 개봉동 아파트 소유한 사람들의...,
97382cbb7340bc84eee828a2a7fb4286,naver,cafe,원룸 짐보관,KW1,공간 대여에 대한 수요가 있는지 확인하기 위함,짐보관・보관 이사에는 셀프스토리지 미니창고 다락,특히 원룸이나 오피스텔처럼 공간이 한정된 집이라면 짐이 늘어날수록 생활 공간은 점점 줄어듭니다. 집이... 그래서 요즘은 필요 없는 짐을 집 밖으로 분리해 두는 짐보관을 하나의 생활 선택지로 고려하는 분들이...,http://cafe.naver.com/jihosoccer123/3548223,아프니까 사장이다 [소상공인·자영업...,
832eac477c8f4013488b8b0fe0e54ad6,naver,cafe,원룸 짐보관,KW1,공간 대여에 대한 수요가 있는지 확인하기 위함,어머니 집이사 고민인 딸 입니다..경험을 나눠주세요~,"어머니 혼자 거주하시면 원룸 정도여서 되지싶어요 저한테 남동생은 있으나마나한 상태입니다. 전세,월세... 근방으로 집이 안구해지면 단기거주로 있다가 짐보관했다가 적당한 집이 나오면 계약하고 들어갈지.. 저의집...",http://cafe.naver.com/chinosamo/147988,치매노인을 사랑하는 모임,
3a0446295c529e4cba50f6c481d97930,naver,cafe,원룸 짐보관,KW1,공간 대여에 대한 수요가 있는지 확인하기 위함,중랑구 면목동 사가정역 도보 4분거리 투룸 월세/ 완료,"- 짐보관할 공간이 많음. 베란다 1곳, 부엌옆 작은 공간 1곳, 부엌옆 작은공간쪽에 작은창고문이 또있음... 5~6평 원룸도 60~70만원) 이 집컨디션과 이런 넓은 공간에 월세 60이면 혜자임! - 보증금이쌈 (1천만원 고정. 월세 60...",http://cafe.naver.com/kig/19347514,ㆍ피터팬의 좋은방 구하기ㆍ,
74a88b568f23c4d32040a8bb5a7ecb14,naver,cafe,원룸 짐보관,KW1,공간 대여에 대한 수요가 있는지 확인하기 위함,의뢰인 짐정리 짐배달 짐버리기 짐보관 집정리 집청소 since 1996,이사 퇴실 퇴거 짐정리 짐버리기 짐배달 짐배송 짐보관 이민정리 유학정리 방치된집이사 빈집이사 시골집이사 아파트이사 오피스텔이사 원룸이사 투룸이사 쓰리룸이사 포룸이사 모텔이사 기숙사이사 고시원이사...,http://cafe.naver.com/gksmfcodl/134379,전주부동산카페 전북 전주 군산 익산 ...,
9e6d818cbb010e047ac698253d959a09,naver,news,원룸 짐보관,KW1,공간 대여에 대한 수요가 있는지 확인하기 위함,1인가구 대안집 '코리빙 하우스' 차별화 전략 통했나,"획일적인 원룸에서 벗어나 높은 수준의 주거 서비스와 함께 산다는 안정감이 있는 '코리빙 하우스'가... 에피소드의 특징은 가구, 가전 제품 구독 서비스를 제공하며 짐보관도 가능하다. 입주민 및 지역 주민과 교류할...",https://www.cstimes.com/news/articleView.html?idxno=561869,www.cstimes.com,2023-09-26
7db95348aff1eb79d8d36ffd0ce2e98b,naver,news,원룸 짐보관,KW1,공간 대여에 대한 수요가 있는지 확인하기 위함,"[생활 Tip] 좁은 집, 넓게 쓰는 방법은? 나만의 창고 만들기","대개 5평 내지 8평 안에 부엌과 침실, 거실, 서재, 드레스룸, 화장실이 모두 다 들어가 있는 형태의 원룸에서... 최근 몇 년 사이 별도 공간에 짐 보관이 가능한 서비스가 많이 생겼다. 당장 쓰지 않는 짐은 외부 창고에...",http://www.dailypop.kr/news/articleView.html?idxno=63214,www.dailypop.kr,2022-10-05
3bd52efcc292704b4ab5e19dc2fab215,naver,news,원룸 짐보관,KW1,공간 대여에 대한 수요가 있는지 확인하기 위함,[르포] 보름간 살아본 청신호 1호 '정릉 하늘마루'는,"침대나 옷장 등 가구를 들이지 않았기 때문일 수도 있지만, 베란다를 빨래건조나 짐보관 장소로 이용할 수 있다는 건 분명한 장점이라는 생각이 들었다. 주변 비슷한 크기의 원룸은 베란다 등 서비스공간이 없는...",http://www.ajunews.com/view/20200903094158074,www.ajunews.com,2020-09-04
fb933886d54ec6e7326eedb0c9e2d79b,naver,news,원룸 짐보관,KW1,공간 대여에 대한 수요가 있는지 확인하기 위함,"이사도 간편하게, 이삿짐 보관 서비스로 셀프스토리지 각광","가령 1인 가구들이 주로 택하는 주거 형태는 원룸, 오피스텔, 셰어하우스 등의 소형 주거 공간인데, 이러한 주거 공간들은 많은 짐을 들여놓을 수 없을 뿐 아니라 이사도 잦기 때문에 이삿짐보관에 대한 고충도 상당하다....",http://www.todaykorea.co.kr/news/view.php?no=261998,www.todaykorea.co.kr,2019-05-27
f6ebe052d3a75bb3b79df5bfc6f24c9e,naver,news,원룸 짐보관,KW1,공간 대여에 대한 수요가 있는지 확인하기 위함,"㈜라이뷰 짐보관 서비스 ‘아이엠박스’, 대학생들에 어필","㈜라이뷰 남성훈 대표는 “1인 가구를 위한 짐보관 서비스뿐만 아니라 원룸이사 서비스도 함께 진행하고 있다”며, “주거 문제를 조금이나마 해소하는데 도움이 되었으면 좋겠다”고 말했다. 한편, ㈜라이뷰는 ‘고객과...",http://www.dailysecu.com/?mod=news&act=articleView&idxno=35247,www.dailysecu.com,2018-06-11
5cc2d63a33b54a2ad15c3c2ccde91a30,naver,news,원룸 짐보관,KW1,공간 대여에 대한 수요가 있는지 확인하기 위함,"아이엠박스, 1인 가구 맞춤형 주거서비스 제공","짐보관 서비스를 주력으로 하는 기업 ㈜라이뷰(대표이사 남성훈)의 아이엠박스가 최근 짐보관 / 원룸이사 사업을 시작으로 1인 가구 맞춤형 서비스로 시장경쟁에 나선다고 밝혔다. 아이엠박스 관계자는""1인 가구에게...",http://www.hemophilia.co.kr/news/articleView.html?idxno=4188,www.hemophilia.co.kr,2018-02-27
87fa2873932520d99a7ca325af1ceddc,naver,news,원룸 짐보관,KW1,공간 대여에 대한 수요가 있는지 확인하기 위함,"마타주, LogisALL로부터 전략적 투자 유치","짐보관 서비스 마타주를 제공하는 마타컴퍼니가 글로벌 종합 물류 기업 LogisALL산하 한국파렛트풀㈜로부터... 마타주는 모바일 앱을 통해 손쉽게 짐을 맡기고 찾아 쓸 수 있는 생활 편의 서비스로, 원룸 및 오피스텔 등에...",http://www.klnews.co.kr/news/articleView.html?idxno=116505,www.klnews.co.kr,2017-12-06
6ec11e66ebd66d4c60492632e4a1d200,naver,news,원룸 짐보관,KW1,공간 대여에 대한 수요가 있는지 확인하기 위함,"로지스올-마타컴퍼니, 전략적 투자 유치 업무협약 체결","로지스올 ""B2C 사업 가능성 볼 수 있는 상생모델 구축"" 짐보관 서비스 마타주를 제공하는 마타컴퍼니는... 마타주는 모바일 앱을 통해 손쉽게 짐을 맡기고 찾아 쓸 수 있는 생활 편의 서비스로, 원룸 및 오피스텔 등에...",http://www.ksg.co.kr/news/main_newsView.jsp?bbsID=news&bbsCategory=KSG&categoryCode=all&backUrl=main_news&pNum=115775,www.ksg.co.kr,2017-12-06
712eaa4eae8e47530ae5a38a08f6b554,naver,news,원룸 짐보관,KW1,공간 대여에 대한 수요가 있는지 확인하기 위함,"짐보관 서비스 마타주, 로지스올 산하 기업으로부터 전략적 투자 유치","짐보관 서비스 마타주를 제공하는 마타컴퍼니는 글로벌 종합 물류 기업 로지스올(LogisALL) 산하 한국파렛트풀... 마타주는 모바일 앱을 통해 손쉽게 짐을 맡기고 찾아 쓸 수 있는 생활 편의 서비스로, 원룸 및 오피스텔 등에...",http://platum.kr/?p=92345,platum.kr,2017-12-06
13666743767c241f33ae62b4ef31d864,naver,news,원룸 짐보관,KW1,공간 대여에 대한 수요가 있는지 확인하기 위함,집보다 나은 짐보관 서비스 '마타주',이주미 마타컴퍼니 대표는 도시의 오피스텔이나 원룸에 거주하는 이들이 공간 부족으로 겪는 불편함을 덜어주기 위해 온디맨드 짐 보관 서비스를 만들어냈다. 이름은 '마타주'. 다소 '아재스러운' 느낌의 서비스 이름은...,http://www.asiae.co.kr/news/view.htm?idxno=2017071413262231329,www.asiae.co.kr,2017-07-24
e1352ca62a1b8336dab6c34f9f2dabf0,naver,news,원룸 짐보관,KW1,공간 대여에 대한 수요가 있는지 확인하기 위함,꼭 필요한 곳에 필요한 서비스를 제공하다. 기숙사 짐보관 오호캠퍼스 ...,"위한 짐보관 서비스인 오호 캠퍼스 행사를 진행하고 있다. 2015년 여름부터 시작해 5번째 행사를 진행하고 있는 오호(Oho)는, 방학 동안 대학생 기숙사/원룸 짐을 보관해주는 서비스이다. 올 해는 서울에 위치한 17개...",http://mbn.mk.co.kr/pages/news/newsView.php?category=mbn00007&news_seq_no=3254076,mbn.mk.co.kr,2017-06-15
af527b90506f45902b7822fedfab2233,naver,news,원룸 짐보관,KW1,공간 대여에 대한 수요가 있는지 확인하기 위함,이케아 구매대행 '아이엠박스'… 도심형 보관 업계 최초로 광주광역시 ...,"짐보관 서비스를 제공하는 아이엠박스가 도심형 보관업계 최초로 광주광역시에 진출한다고 19일 밝혔다.... 원룸, 오피스텔 등 주거 공간이좁은 사람들이 주 고객이다. 특히 1인 가구 주거 비율이 높은 강남구, 관악구...",http://www.asiatoday.co.kr/view.php?key=20170119001748176,www.asiatoday.co.kr,2017-01-19
4b666ddf93a039d1cf34bc53f80ad212,naver,kin,원룸 짐보관,KW1,공간 대여에 대한 수요가 있는지 확인하기 위함,천안 공유창고 알아보고 있는데요,... 가격대 괜찮고 안심하고 맡길 수 있는 곳 알려주세요 안녕하세요 공유창고 가치공간 천안쌍용점을 추천해드립니다 원룸이삿짐보관정도면 가치공간 쌍용점의 라지 사이즈가 적합하실거같구요 가격과 기간은 보증금없이 원하는기간 단...,https://kin.naver.com/qna/detail.naver?d1id=8&dirId=81003&docId=463030554&qb=7JuQ66O4IOynkOuztOq0gA==&enc=utf8,지식iN,
13c8ceba9e4954584dbd51c195d5eb14,naver,kin,원룸 짐보관,KW1,공간 대여에 대한 수요가 있는지 확인하기 위함,부동산월세 계약.미납.구속,... 10월말까지 짐보관하다가 나가고싶다고 하시는데 10월말에 세입자가 구속된상태에서 짐을 뺐는데 나중에나와서... 월세로 원룸을 계약한 사람은 제 3자인 제가 계약자이고 실거주자는 아는 동생이었는데 한달 전에 구속이...,https://kin.naver.com/qna/detail.naver?d1id=4&dirId=4020202&docId=426191265&qb=7JuQ66O4IOynkOuztOq0gA==&enc=utf8,지식iN,
dafa5630ea1296bf5f61da54f99216b5,naver,kin,원룸 짐보관,KW1,공간 대여에 대한 수요가 있는지 확인하기 위함,청주 공유창고 괜찮은 곳 있을까요?,"... 청주공유창고 알파박스는 흥덕점과 서원점 2곳이 있습니다. 당연하게 주요 짐보관을 하시는 분들은 -캠핑장비보관, 낚시장비 보관 -건축용 공구 및 자재보관 -원룸이사짐 -계절용품 보관 찾아오시는길",https://kin.naver.com/qna/detail.naver?d1id=8&dirId=81001&docId=462882751&qb=7JuQ66O4IOynkOuztOq0gA==&enc=utf8,지식iN,
6d84b23b6c2d80ce8882b8c6b196ac80,naver,kin,원룸 짐보관,KW1,공간 대여에 대한 수요가 있는지 확인하기 위함,"인천청라, 인천북항 쪽 무인 공유창고 있을까요?","... 인천송도아메리칸타운점은100평의 대형 셀프스토리지입니다. 당연하게 주요 짐보관을 하시는 분들은 -캠핑장비보관, 낚시장비 보관 -건축용 공구 및 자재보관 -원룸이사짐 -계절용품 보관 찾아오시는길",https://kin.naver.com/qna/detail.naver?d1id=12&dirId=1204&docId=467553073&qb=7JuQ66O4IOynkOuztOq0gA==&enc=utf8,지식iN,
e140d573881dc76bc62e0d1a84317f69,naver,kin,원룸 짐보관,KW1,공간 대여에 대한 수요가 있는지 확인하기 위함,부산짐보관,"... 가격은 한달단위고, 다양한 크기가 있습니다. 당연하게 주요 짐보관을 하시는 분들은 -캠핑장비보관, 낚시장비 보관 -건축용 공구 및 자재보관 -원룸이사짐 -계절용품 보관 찾아오시는길",https://kin.naver.com/qna/detail.naver?d1id=8&dirId=81003&docId=430524077&qb=7JuQ66O4IOynkOuztOq0gA==&enc=utf8,지식iN,
8b7ebf5f58182971ce001d3b1ef3a13c,naver,kin,원룸 짐보관,KW1,공간 대여에 대한 수요가 있는지 확인하기 위함,대전 이사 6개월,"... 대전유성점은 알파박스의 직영점으로 100평의 대형 셀프스토리지입니다. 당연하게 주요 짐보관을 하시는 분들은 -캠핑장비보관, 낚시장비 보관 -건축용 공구 및 자재보관 -원룸이사짐 -계절용품 보관 찾아오시는길",https://kin.naver.com/qna/detail.naver?d1id=8&dirId=81002&docId=468590022&qb=7JuQ66O4IOynkOuztOq0gA==&enc=utf8,지식iN,
07aeefae2dd88a8ea9b8ae20eb4ee5d1,naver,kin,원룸 짐보관,KW1,공간 대여에 대한 수요가 있는지 확인하기 위함,대학 자취 VS 기숙사,"... 방빼야하기도해서 짐보관에 어려움이 있다면 값싼 자취방을 잡고 알바를 병행하는것도 괜찮다고 봅니다 자취방은... 괜찮은 원룸을 추천받고 싶다면 해당대학의 웹사이트, 에브리타임에서 한번 찾아보시길 바랍니다 싼곳은 월...",https://kin.naver.com/qna/detail.naver?d1id=11&dirId=110411&docId=459172349&qb=7JuQ66O4IOynkOuztOq0gA==&enc=utf8,지식iN,
9f6d7eaefea823da984090086e82e1f2,naver,kin,원룸 짐보관,KW1,공간 대여에 대한 수요가 있는지 확인하기 위함,원룸2층 누수가 발생했는데 1층이 오랫동안 이야기...,부모님 원룸에 2층 보일러배관이 터졌다해서 그걸 수리해줬는데 며칠 있다가 1층에서 천장물이 샌다고 말해서 갔더니... 공사기간동안 짐보관도 해야한다하고요 근데 세입자가 공사기간동안 모텔 잡아달라해서 모텔비도 달라하고...,https://kin.naver.com/qna/detail.naver?d1id=6&dirId=60202&docId=458860285&qb=7JuQ66O4IOynkOuztOq0gA==&enc=utf8,지식iN,
39e65bfe67937c9264f46480fe6907aa,naver,kin,원룸 짐보관,KW1,공간 대여에 대한 수요가 있는지 확인하기 위함,월세집 곰팡이 누수,누수로인해 결로 곰팡이가 천장에 피었는데 월세집이 원룸이에요.. 고시텔정도로 협소.. 이럴경우 도배시 짐을 다 빼서 보관해야하는데 임대인이 도배비 곰팡이제거 짐 옮기고 수리기간 짐보관 책임지나요? 월세삭감도 논의 될수 있나요?...,https://kin.naver.com/qna/detail.naver?d1id=4&dirId=4020202&docId=450231070&qb=7JuQ66O4IOynkOuztOq0gA==&enc=utf8,지식iN,
e66c9b6e872c2c03ce12edbabbcb8834,naver,kin,원룸 짐보관,KW1,공간 대여에 대한 수요가 있는지 확인하기 위함,서울에서 물품보관,... ⑤ 원룸 짐 보관이 필요할 때 ⑥ 해외 단기나 장기로 나가게 돼서 짐 보관이 필요할 때 ⑦ 사업하다가 사무실 짐 보관이 필요할 때 ⑧ 위탁판매하면서 창고 공간이 부족할 때 ⑨ 캠핑용품 둘 공간이 부족할 때 ⑩ 레저용품 둘...,https://kin.naver.com/qna/detail.naver?d1id=8&dirId=81001&docId=440543628&qb=7JuQ66O4IOynkOuztOq0gA==&enc=utf8,지식iN,
573d6cf7d17b0036f6b7ba75e3579eee,naver,kin,원룸 짐보관,KW1,공간 대여에 대한 수요가 있는지 확인하기 위함,스키 용품 보관 어떻게 하시나요?,... ⑤ 원룸 짐 보관이 필요할 때 ⑥ 해외 단기나 장기로 나가게 돼서 짐 보관이 필요할 때 ⑦ 사업하다가 사무실 짐 보관이 필요할 때 ⑧ 위탁판매하면서 창고 공간이 부족할 때 ⑨ 캠핑용품 둘 공간이 부족할 때 ⑩ 레저용품 둘...,https://kin.naver.com/qna/detail.naver?d1id=8&dirId=81003&docId=439935370&qb=7JuQ66O4IOynkOuztOq0gA==&enc=utf8,지식iN,
4f766af1989c4fae1ca5ab81deb839db,naver,kin,원룸 짐보관,KW1,공간 대여에 대한 수요가 있는지 확인하기 위함,"집에 안 쓰는 책이랑 CD, 피규어 물건 보관하고 싶은데...",... ⑤ 원룸 짐 보관이 필요할 때 ⑥ 해외 단기나 장기로 나가게 돼서 짐 보관이 필요할 때 ⑦ 사업하다가 사무실 짐 보관이 필요할 때 ⑧ 위탁판매하면서 창고 공간이 부족할 때 ⑨ 캠핑용품 둘 공간이 부족할 때 ⑩ 레저용품 둘...,https://kin.naver.com/qna/detail.naver?d1id=8&dirId=80602&docId=439526047&qb=7JuQ66O4IOynkOuztOq0gA==&enc=utf8,지식iN,
43515f68d9dafae3fad7788634aeaec6,naver,kin,원룸 짐보관,KW1,공간 대여에 대한 수요가 있는지 확인하기 위함,짐 맡길만한 곳,... ⑤ 원룸 짐 보관이 필요할 때 ⑥ 해외 단기나 장기로 나가게 돼서 짐 보관이 필요할 때 ⑦ 사업하다가 사무실 짐 보관이 필요할 때 ⑧ 위탁판매하면서 창고 공간이 부족할 때 ⑨ 캠핑용품 둘 공간이 부족할 때 ⑩ 레저용품 둘...,https://kin.naver.com/qna/detail.naver?d1id=12&dirId=12021607&docId=439188280&qb=7JuQ66O4IOynkOuztOq0gA==&enc=utf8,지식iN,
04bf7f3009b4dde14a996cc6750eac99,naver,kin,원룸 짐보관,KW1,공간 대여에 대한 수요가 있는지 확인하기 위함,아기용품 보관할곳 있나요??,... ⑤ 원룸 짐 보관이 필요할 때 ⑥ 해외 단기나 장기로 나가게 돼서 짐 보관이 필요할 때 ⑦ 사업하다가 사무실 짐 보관이 필요할 때 ⑧ 위탁판매하면서 창고 공간이 부족할 때 ⑨ 캠핑용품 둘 공간이 부족할 때 ⑩ 레저용품 둘...,https://kin.naver.com/qna/detail.naver?d1id=5&dirId=50503&docId=439053459&qb=7JuQ66O4IOynkOuztOq0gA==&enc=utf8,지식iN,
b3cddb0049f4778cb0b4ac5c8b796d6f,naver,kin,원룸 짐보관,KW1,공간 대여에 대한 수요가 있는지 확인하기 위함,어떤 이미지가 떠올리나요?,... ⑤ 원룸 짐 보관이 필요할 때 ⑥ 해외 단기나 장기로 나가게 돼서 짐 보관이 필요할 때 ⑦ 사업하다가 사무실 짐 보관이 필요할 때 ⑧ 위탁판매하면서 창고 공간이 부족할 때 ⑨ 캠핑용품 둘 공간이 부족할 때 ⑩ 레저용품 둘...,https://kin.naver.com/qna/detail.naver?d1id=6&dirId=61303&docId=438457903&qb=7JuQ66O4IOynkOuztOq0gA==&enc=utf8,지식iN,
3065907c15cade4c123d39fab240309a,naver,kin,원룸 짐보관,KW1,공간 대여에 대한 수요가 있는지 확인하기 위함,짐을자유롭게 맡기고 찾고할수있는곳이있나요??,... ⑤ 원룸 짐 보관이 필요할 때 ⑥ 해외 단기나 장기로 나가게 돼서 짐 보관이 필요할 때 ⑦ 사업하다가 사무실 짐 보관이 필요할 때 ⑧ 위탁판매하면서 창고 공간이 부족할 때 ⑨ 캠핑용품 둘 공간이 부족할 때 ⑩ 레저용품 둘...,https://kin.naver.com/qna/detail.naver?d1id=8&dirId=81003&docId=438779221&qb=7JuQ66O4IOynkOuztOq0gA==&enc=utf8,지식iN,
b03767570e5d4dba202da66228e7ef10,naver,kin,원룸 짐보관,KW1,공간 대여에 대한 수요가 있는지 확인하기 위함,서울 짐 옮겨주는 서비스,... ⑤ 원룸 짐 보관이 필요할 때 ⑥ 해외 단기나 장기로 나가게 돼서 짐 보관이 필요할 때 ⑦ 사업하다가 사무실 짐 보관이 필요할 때 ⑧ 위탁판매하면서 창고 공간이 부족할 때 ⑨ 캠핑용품 둘 공간이 부족할 때 ⑩ 레저용품 둘...,https://kin.naver.com/qna/detail.naver?d1id=8&dirId=81303&docId=437849385&qb=7JuQ66O4IOynkOuztOq0gA==&enc=utf8,지식iN,
474a19278e54b976d7c431750ebbafa2,naver,kin,원룸 짐보관,KW1,공간 대여에 대한 수요가 있는지 확인하기 위함,짐옮기려그러는데,... ⑤ 원룸 짐 보관이 필요할 때 ⑥ 해외 단기나 장기로 나가게 돼서 짐 보관이 필요할 때 ⑦ 사업하다가 사무실 짐 보관이 필요할 때 ⑧ 위탁판매하면서 창고 공간이 부족할 때 ⑨ 캠핑용품 둘 공간이 부족할 때 ⑩ 레저용품 둘...,https://kin.naver.com/qna/detail.naver?d1id=12&dirId=12060721&docId=438876387&qb=7JuQ66O4IOynkOuztOq0gA==&enc=utf8,지식iN,
ef71500f9fd99c7fbb32715f918873b6,naver,kin,원룸 짐보관,KW1,공간 대여에 대한 수요가 있는지 확인하기 위함,아트윈씨어터 짐보관,... ⑤ 원룸 짐 보관이 필요할 때 ⑥ 해외 단기나 장기로 나가게 돼서 짐 보관이 필요할 때 ⑦ 사업하다가 사무실 짐 보관이 필요할 때 ⑧ 위탁판매하면서 창고 공간이 부족할 때 ⑨ 캠핑용품 둘 공간이 부족할 때 ⑩ 레저용품 둘...,https://kin.naver.com/qna/detail.naver?d1id=3&dirId=31101&docId=438569394&qb=7JuQ66O4IOynkOuztOq0gA==&enc=utf8,지식iN,
3c4fc3b11a2aee34342ac4c967e6f917,naver,kin,원룸 짐보관,KW1,공간 대여에 대한 수요가 있는지 확인하기 위함,원룸 짐 보관,... ⑤ 원룸 짐 보관이 필요할 때 ⑥ 해외 단기나 장기로 나가게 돼서 짐 보관이 필요할 때 ⑦ 사업하다가 사무실 짐 보관이 필요할 때 ⑧ 위탁판매하면서 창고 공간이 부족할 때 ⑨ 캠핑용품 둘 공간이 부족할 때 ⑩ 레저용품 둘...,https://kin.naver.com/qna/detail.naver?d1id=8&dirId=81003&docId=438356353&qb=7JuQ66O4IOynkOuztOq0gA==&enc=utf8,지식iN,
d0d8390c70bf8e19cc10bbd72acfe9c4,naver,kin,원룸 짐보관,KW1,공간 대여에 대한 수요가 있는지 확인하기 위함,군생활동안 짐보관 관련,지금 저는 원룸 월세 생활을 하며 자취를 하고 있습니다. 나이는 올해 21살이고 부모님과는 사정상 초등학교때 부터 헤어져서 쉼터생활을 해왔습니다 이제 곧 올해 10월달즘 군대를 가게 되었는데 전부터 계속 짐을 둘곳이 없어서...,https://kin.naver.com/qna/detail.naver?d1id=8&dirId=81003&docId=421909970&qb=7JuQ66O4IOynkOuztOq0gA==&enc=utf8,지식iN,
5323edf72e7c0194ebccba0d12543eb4,naver,kin,원룸 짐보관,KW1,공간 대여에 대한 수요가 있는지 확인하기 위함,짐보관서비스 이용해 보신 분 계실까요? 잠실이나...,안녕하세요 이번에 잠실 쪽 원룸으로 이사를 가는데 새집인 만큼 깔끔하게 쓰고 싶어서 짐보관 서비스를 이용해보려고 합니다 옷상자 5개 겨울옷 20개 + 캠핑용품 정도 맡겨두려고 해요 지금은 구로 쪽 살고 있는데 이사하는 곳이...,https://kin.naver.com/qna/detail.naver?d1id=8&dirId=81003&docId=423423031&qb=7JuQ66O4IOynkOuztOq0gA==&enc=utf8,지식iN,
b927cde93dd6fab0888afae2f05a3341,naver,kin,원룸 짐보관,KW1,공간 대여에 대한 수요가 있는지 확인하기 위함,장기간 짐보관 서비스 관련질문,지금 저는 원룸 월세 생활을하며 자취를 하고있습니다 나이는 20 부모님과는 사정상 헤어지게되었구요 곧 내년즈음에 군대를 가게되는데 방에 있던 짐들을 어디 맡길곳이 없어 고민입니다 찾다보니 짐보관 서비스라는 것도 있더군요...,https://kin.naver.com/qna/detail.naver?d1id=8&dirId=81003&docId=401764483&qb=7JuQ66O4IOynkOuztOq0gA==&enc=utf8,지식iN,
ba1f576548bdf3d17003332a63340ac8,naver,kin,원룸 짐보관,KW1,공간 대여에 대한 수요가 있는지 확인하기 위함,여주 이삿짐 보관,여주에서 4월 1일-5일까지 짐보관 후 5일에 수원근처로 이삿짐 이송이 되는 곳을 찾습니다 있다면 가격이 어떻게되는지도 궁금합니다 짐은 1톤 안에 다 들어가고 큰 책상 1. 침대 퀸 사이즈 한개그 외 책 등 있습니다 여주ㅡ수원원룸이사...,https://kin.naver.com/qna/detail.naver?d1id=8&dirId=81003&docId=385486453&qb=7JuQ66O4IOynkOuztOq0gA==&enc=utf8,지식iN,
f65a0d2e983d8bf8264f56866c9be7d6,naver,kin,원룸 짐보관,KW1,공간 대여에 대한 수요가 있는지 확인하기 위함,"수도관 동파로 인한 집안 침수우려, 집주인에게 보상",... 주방 환풍기의 경우 거의 토해낸다고 표현할 정도로 많이 나옵니다..원룸인지라 수면중에 물싸대기 맞는걸... 이에 짐보관에대해서도 임대인의 부담으로 해야하는 것이 맞습니다. ★ 위 질문과 관련해서 궁금한점이 있으시면...,https://kin.naver.com/qna/detail.naver?d1id=6&dirId=60213&docId=378307479&qb=7JuQ66O4IOynkOuztOq0gA==&enc=utf8,지식iN,
f63734d687f50a38227d6a1b137d2a96,naver,blog,자취방 짐보관,KW1,공간 대여에 대한 수요가 있는지 확인하기 위함,대구본동·본리동 자취생이 방학 마다 초간단 짐 처리하는...,보관함 안에 선반을 설치하면 크기가 다른 물건들을 층층이 정리해서 공간을 효율적으로 쓸 수... 대구방학짐보관 #대구자취방학짐 #달서구공유창고 #달서코아루더리브 #대구기숙사짐보관 #대구기숙사짐정리,https://blog.naver.com/a202506/224305845485,데일리,2026-06-04
398f465200db2a2a33d033d1c935b3dc,naver,blog,자취방 짐보관,KW1,공간 대여에 대한 수요가 있는지 확인하기 위함,겨울옷 보관할만한곳 가산 물품보관 편안창고,괜찮겠지만 자취방이나 작은 집에서는 사실 쉽지 않잖아요!!! 사실 저희 3베이 룸에서도 계절옷... ㅋㅋㅋ 그만큼 믿을 수 있는 짐보관 서비스랍니다 예년보다 빠르게 더워진 올 여름 겨울옷 보관할만한곳...,https://blog.naver.com/im_didi/224297362897,둘나래네 온라인집들이,2026-05-27
3525e7ace88357ad54c7ef5934f636f0,naver,blog,자취방 짐보관,KW1,공간 대여에 대한 수요가 있는지 확인하기 위함,"수원 짐보관, 개인창고 대여 공간플러스 영통점 솔직 후기","짐 맡기는 창고” 느낌보다는 개인 보관 서비스에 가까운 느낌?? 무튼 좋아요 접근성, 무인 운영의 편리함, 깔끔한 내부 환경, 다양한 사이즈 구성까지 전반적으로 무난하게 만족도가 괜찮은 편입니다 자취방이...",https://blog.naver.com/taetaeland30/224294524569,"태태의 결혼준비, 일상✨",2026-05-23
c26406474dfb7556e60c12bdbaefb302,naver,blog,자취방 짐보관,KW1,공간 대여에 대한 수요가 있는지 확인하기 위함,"철제프레임 슈퍼싱글 후기, 좁은 원룸 추천 짐보관 가능","넘게 사용해보니 조립도 비교적 간단하고 이사할 때 부담도 덜할 것 같아서 원룸, 자취방 가성비 프레임으로 추천하는 제품 언제 또 이사 가게 될지 모르는 자취 생활에는 이런 가벼운 프레임이 확실히 편한 듯하다",https://blog.naver.com/ddogu-/224289130858,또 다른 하루 구석구석,2026-05-19
af2528b4238746ba52e21087f345d4f7,naver,blog,자취방 짐보관,KW1,공간 대여에 대한 수요가 있는지 확인하기 위함,미니창고 다락 수원경희대점 단기 장기 짐보관 자취방 짐빼는법...,"하는데, 자취방에서 잠시 짐을 뺄 일도 있고 방이 대부분 넓은 편이 아니기 때문에 짐을 따로 보관할 곳이 필요해질 때도 꽤 많은데요! 경희대 국제캠퍼스(수원) 근처에 미니창고다락이라는 공유 짐보관 장소가...",https://blog.naver.com/soyo5130/224287209244,물고기 다이어리,2026-05-16
da48146227786a1902ebf52afdfaccb2,naver,blog,자취방 짐보관,KW1,공간 대여에 대한 수요가 있는지 확인하기 위함,2026 Diary | 2025년은 잊어버려주세요,2026년 2월 2026.02.17 러너의 새해는 20.26km를 뛰어야 시작된다 본가에서 기깔진 설날을 보내고 자취방에... 역시 메이저급 대회라서 그런가 사람들이 정~~~말 많았다 여유롭게 온 줄 알았는데 짐보관 트럭이 엄청...,https://blog.naver.com/miiing_gaeng/224282010023,흙흙 모래모래 자갈자갈,2026-05-11
a9647e053f669b3fe4ab7f1a4b0e2b43,naver,blog,자취방 짐보관,KW1,공간 대여에 대한 수요가 있는지 확인하기 위함,"[목동짐보관] | 목동... 목동창고, 양천구짐보관, 양천구공유창고",특히 계절용품이나 자주 안 쓰는 짐 정리할 때 정말 유용하겠더라구요 이런 분들께 추천! * 자취방 좁아서 공간 부족한 분들 * 계절 옷 / 캠핑용품 보관할 곳 찾는 분들 * 집 공간이 부족한 분 * 이사 준비...,https://blog.naver.com/lablang_s2/224268467410,VITA DOLCE MODERATO,2026-04-28
ba1e666c1584c30f57d2189b2406c39f,naver,blog,자취방 짐보관,KW1,공간 대여에 대한 수요가 있는지 확인하기 위함,집이 2배 넓어 보이는 인테리어 팁 3가지! 따라만 하면...,"평택 짐보관, 평택 셀프창고, 평택 무인창고를 찾고 계셨다면 여기가 정답! 이런 분들께 특히 추천드려요 이사를 앞두고 계신 분 자취방이 좁아서 수납이 고민인 분 온라인 쇼핑몰 재고 보관이 필요한 분 캠핑...",https://blog.naver.com/zerospace-/224260342914,제로스페이스,2026-04-21
214c081350230611c5d1e4c7e3d9950d,naver,blog,자취방 짐보관,KW1,공간 대여에 대한 수요가 있는지 확인하기 위함,"여유, 미니창고로 만들 수 있습니다 — 평택 짐보관 완전 가이드","캐비넷 형태의 소형 물건 보관함으로 계절 옷, 책, 소형 짐 등을 딱 맞게 보관할 수 있어요. 필요한 크기만큼만 쓰고, 그만큼만 비용을 내면 돼요. ✅ 평택 내 접근성 — 죽백동 위치, 언제든 방문 OK 평택 짐보관...",https://blog.naver.com/zerospace-/224251046143,제로스페이스,2026-04-13
124e888291bbc9d9075fc0d93006035a,naver,blog,자취방 짐보관,KW1,공간 대여에 대한 수요가 있는지 확인하기 위함,부산이삿짐 보관 고민 해결! 수영구창고 ‘스페이스박스’,"부산이삿짐 보관뿐만 아니라 계절용품 정리, 자취방이나 원룸 공간 확보 등 일상적인 공간 부족 문제를 해결하기 위해 찾아주시는 경우도 많습니다. 이러한 흐름 속에서 부산짐보관 서비스는 단순한 보관을...",https://blog.naver.com/spacebox-2/224244207841,스페이스박스,2026-04-07
e2987503a68edc5a9cac28b8fa3513b3,naver,blog,자취방 짐보관,KW1,공간 대여에 대한 수요가 있는지 확인하기 위함,대구 북구 직장인 짐보관 & 이삿짐보관] 아침에 출근할 때 문...,차도 없는 뚜벅이라 택시 잡고 짐 싣고 할 생각만 해도 벌써 피곤하더라고요. 그러다 인스타에서... 대구물품보관 #대구배송형짐보관 #배송형짐보관 #DoorToDoorService #대구자취방짐정리 #대구박스문앞수거...,https://blog.naver.com/yuna202411/224227804589,따뜻한 차 한잔,2026-03-24
709105feb9071680f97c7c0941ed5b06,naver,blog,자취방 짐보관,KW1,공간 대여에 대한 수요가 있는지 확인하기 위함,자취 초보 대학생의 봄맞이 셀프스토리지 이용 꿀팁 : 짐도...,"그런데 자취방 문을 열고 들어서면, 어쩐지 방이 지난 학기보다 더 좁아진 것 같습니다. 이상한... 단기로 짐보관 서비스를 사용하는 것도 좋은 방법이죠. 자취를 하면서 깔끔하게 산다는 것은 결국 선택의...",https://blog.naver.com/storhubkorea/224220865140,셀프 스토리지 스토어허브,2026-03-18
e04815a3818127a1a6f4b94a39d9def8,naver,blog,자취방 짐보관,KW1,공간 대여에 대한 수요가 있는지 확인하기 위함,암막커튼 무타공암막커튼으로 완성한 우리집 셀프인테리어!...,공간 짐 보관용 보호가 필요한 분 ✔ 무타공설치 + 방수 기능까지 원하는 분 ✔ 분위기와 실용성 둘 다 챙기고 싶은 분 ✔ 자취방 꾸미는 분 ✔ 아기방 인테리어 고민 중인 분 ✔ 무타공으로 깔끔하게 설치하고...,https://blog.naver.com/ddalgiya84/224184716016,상큼발랄도시,2026-02-15
2fff715de10b878181bfc64d14741982,naver,blog,자취방 짐보관,KW1,공간 대여에 대한 수요가 있는지 확인하기 위함,마곡동 짐보관 양천향교역 창고 캐리박스 마곡점 사용법&후기,복학하고 자취방 왔는데 짐 때문에 기절하는 줄 알았어요. 전공 서적에 옷까지 꽉 차서 발 디딜 틈도... 양천향교역짐보관 중 최고예요. 나중에 짐 뺄 때 확인해보니 먼지 하나 없이 보관 상태도 너무 좋아서...,https://blog.naver.com/eunae0111/224172843045,Happy binbin,2026-02-05
30c14d452b0f5e13a317525544977b72,naver,blog,자취방 짐보관,KW1,공간 대여에 대한 수요가 있는지 확인하기 위함,셀프스토리지는 무엇인가요?! 공유창고/셀프스토리지란!,"쉽게 설명드리자면, ""독립된 소규모 창고 임대사업"" 으로 개인이나 기업이 임대료를 내고 물품을 자유롭게 보관할 수 있도록 일정 크기의 공간을 임대해주는 짐보관 서비스!라고 생각하시면 됩니다. 말그대로...",https://blog.naver.com/nemostorage/224145112545,"더 이상,우리집은 창고가 아니다! 네모스토리지",2026-01-13
d626949d1c68b606080f986c28af4ed0,naver,blog,자취방 짐보관,KW1,공간 대여에 대한 수요가 있는지 확인하기 위함,"이대 짐보관, 요즘 가장 많이 이용하는 이유｜회사 재고 보관...","이유로 짐보관을 시작하시는 경우가 많아지고 있습니다. 1. 자취방이 좁아져 생활 짐을 정리해야 하는... 인근 짐보관·재고 보관 공간입니다. 열려라창고 이대점 이대·신촌 인근 필요한 기간만큼, 필요한...",https://blog.naver.com/beong-in-ho/224131651734,열려라창고 이대점,2026-01-02
96a5f4ac27c4c361a6950f2bbbc5f72d,naver,blog,자취방 짐보관,KW1,공간 대여에 대한 수요가 있는지 확인하기 위함,짐보관 아이엠박스 사용 후기,"저는 본가에서 가기때문에 당장 필요한 짐 + 짝꿍의 자취방짐을 보관할 곳이 필요했습니다. 이삿짐... 환불도 받았어요 잠깐 짐보관이 필요하거나 집에 계절가전, 캠핑용품이 많으면 쓰기 좋을 것 같습니다!",https://blog.naver.com/laila_b/224125427939,현생기록,2025-12-28
38e84ae0be0e50e871f0d7c2601a3a15,naver,blog,자취방 짐보관,KW1,공간 대여에 대한 수요가 있는지 확인하기 위함,서울 집정리 짐보관 옷 이불보관 스토어허브 셀프스토리지...,"장기간 짐 보관이 필요한 분들에게도 최적이죠. XXS (약 0.15평): 소형 짐 XS (약 0.18평): 취미용품, 소중한 물품, 계절용품 보관에 적합 S (0.42평) / M (약 0.87평): 원룸 이사, 자취방 리모델링 짐 (1톤 화물짐 정도) L...",https://blog.naver.com/redmilkb/224107279562,소소한 살림,2025-12-12
807eaaaecac82c78b4a3384f51a1d340,naver,blog,자취방 짐보관,KW1,공간 대여에 대한 수요가 있는지 확인하기 위함,짐보관서비스 아이엠박스 캠핑 짐보관 후기 (짐보관비용...,"짐보관비용이 부담될 때 ✔️ 캠핑용품, 계절용품, 취미용품이 너무 많을 때 ✔️ 사무실 서류나 재고품을 보관할 곳이 필요할 때 ✔️ 장기 출장, 유학, 해외체류 중 짐을 맡겨야 할 때 ✔️ 원룸·자취방처...",https://blog.naver.com/donggri_house/224080936439,Boucle Home,2025-11-19
2440390df533b5b126410b64983b8e6f,naver,blog,자취방 짐보관,KW1,공간 대여에 대한 수요가 있는지 확인하기 위함,평택 짐보관으로 홈스타일링 완성기,"이사 짐, 선물 박스, 사용하지 않는 물건들이 나뒹굴면 공간의 완성도가 급락합니다. 평택 짐보관으로... 소형창고에 보관하는 게 정답입니다. 필요한 만큼만 꺼내면 되고, 자취방이나 원룸은 깔끔한 생활...",https://blog.naver.com/zerospace-/224073071648,제로스페이스,2025-11-12
02f5e3ecce07eb21deb30ad48d0f56f2,naver,blog,자취방 짐보관,KW1,공간 대여에 대한 수요가 있는지 확인하기 위함,반값택배 괜찮을까?,단기 보관하고 싶은 분 * 사무실 문서나 재고 정리에 공간이 필요한 분 특히 자취방에서 공간이 부족한 분들께는 정말 유용할 것 같아요. 요즘은 짐보관 택배가 트렌드처럼 자리 잡는 느낌도 들더라고요....,https://blog.naver.com/welb0/224061929046,미래를 읽는 블로그,2025-11-02
002023704622575eb11f5af6fe29d2d2,naver,blog,자취방 짐보관,KW1,공간 대여에 대한 수요가 있는지 확인하기 위함,LH 국민임대 29형 7~9평 자취방 원룸 공간분리하기 가구배치,짐보관은 침대 아래 공간에 하면 된다. 그리고 살까말까 고민했던 리클라이너 미니소파를 살까 했지만 퀸사이즈 침대와 큰사이즈의 테이블이 이미 집에서 상당한 공간을 차지하고 있어서 아무리...,https://blog.naver.com/wkdtjf1004/224058116498,나는 오늘,2025-10-29
4045c32cd5466fbf55cc8763de188cc3,naver,cafe,자취방 짐보관,KW1,공간 대여에 대한 수요가 있는지 확인하기 위함,화성남양 개인창고 안쓰는 짐보관 여기에서,"화성남양 개인창고 안쓰는 짐보관 여기에서 저는 책을 좋아해서 꾸준히 사 모으는 편이에요. 문제는 자취방이라는 공간 자체가 그리 넉넉하지 않다는 점이었어요. 처음에는 작은 책장 하나로 충분했는데, 몇 년 사이 책이...",http://cafe.naver.com/purpleon/102,우리동네 사람사이 생활정보 [피플링크...,
c949a93f86c1c1def52ac80093f2ce04,naver,cafe,자취방 짐보관,KW1,공간 대여에 대한 수요가 있는지 확인하기 위함,예랑이 자취방 뺐어요~,자취방의 짐들이 그대로 본가로 들어간지라 예랑이 본가가 난장판이 되었네요...ㅎ 원래 컨테이너로 짐보관을 하려다가 그 비용도 만만치 않아 다 들고 들어왔어요ㅎㅎ 이사 비용도 아끼고자 며칠동안 직접 다 날랐습니다....,http://cafe.naver.com/b00k2012/1303599,다이렉트웨딩카페-제이웨딩 결혼준비싸...,
a9dc8bea0dd51413d15db24fb3f4c0cb,naver,cafe,자취방 짐보관,KW1,공간 대여에 대한 수요가 있는지 확인하기 위함,삼성동 짐보관서비스 안심하고 맡길 수 있는 캐리박스,"삼성동 짐보관서비스 안심하고 맡길 수 있는 캐리박스 대학생활을 마치고 본가로 내려가게 되었는데, 자취방에 있던 책, 옷, 생활용품들을 당장 집으로 옮기기엔 너무 많았어요. 특히 4년간 생활하면서 하나둘씩 쌓인 생활...",http://cafe.naver.com/naturerpg/2197,❤️병의원 정보모아❤️,
f9ffad0df644e55a3b1f17025fe54869,naver,cafe,자취방 짐보관,KW1,공간 대여에 대한 수요가 있는지 확인하기 위함,First full marathon,친구 자취방에서 자게되어 마음을 놓고 늦잠을 자고 바쁘게 부랴부랴 택시를 타고 7:30쯤 도착해서 10km 짐보관 장소에 있다가 건너편에 있다는 사실을 알고 부랴부랴 풀 짐보관 장소로 부랴부랴 가서 7:40넘어서 짐...,http://cafe.naver.com/runningmaniac/192189,슈파인더 놀이터,
fee4681c2d3201f5e1450f12298791c4,naver,cafe,자취방 짐보관,KW1,공간 대여에 대한 수요가 있는지 확인하기 위함,JTBC marathon,친구 자취방에서 자게되어 마음을 놓고 늦잠을 자고 바쁘게 부랴부랴 택시를 타고 7:30쯤 도착해서 10km 짐보관 장소에 있다가 건너편에 있다는 사실을 알고 부랴부랴 풀 짐보관 장소로 부랴부랴 가서 7:40넘어서 짐...,http://cafe.naver.com/wonderfulharang/10144,광주 러닝플랫폼 하랑 (HARANG),
660c705581a0d89db7b72d136321b31f,naver,cafe,자취방 짐보관,KW1,공간 대여에 대한 수요가 있는지 확인하기 위함,1회차 로케이션,"세리 자취방 주소 인천검단LH단지 3606동 708호 - 화장실, 발코니가 넓고 곳곳에 창고가 있어 짐보관 용이 - 주방 (취사 취식 가능) - 복도식 입구 - 벽걸이식 모니터라 옮길 수 X -> 미술 세팅 필요 - 아기자기한 느낌의...",http://cafe.naver.com/santainjune/34,6월의 산타,
73b9b41a34133cc4808754b857d862f2,naver,cafe,자취방 짐보관,KW1,공간 대여에 대한 수요가 있는지 확인하기 위함,세리 자취방 / 인천검단LH단지 3606동 708호,"주소 인천검단LH단지 3606동 708호 장점 - 화장실, 발코니가 넓고 곳곳에 창고가 있어 짐보관 용이 - 주방 (취식 가능) - 복도식 입구 - 마포&여의도 로케에 비해 깔끔한 분위기 단점 - 침대와 창문(발코니)이 나란히 있어...",http://cafe.naver.com/santainjune/17,6월의 산타,
6d43af8703566515ec1bc84e8d98ac0d,naver,cafe,자취방 짐보관,KW1,공간 대여에 대한 수요가 있는지 확인하기 위함,자취 침대 어떻게 해결하셨나요,찾아보니 대충 플라스틱 쪼가리 프레임 쓸수도 있고(5만원 이하) 쉽게 처리 가능한 종이로 된 프레임 쓰기도 하더라구요(페이퍼팝) 여러분은 자취할때 침대 어떻게 하셨나요 자취방 알아본다고 스트레스많이받았는데 이젠...,http://cafe.naver.com/tigercave/72961,짬타수아 호랑이굴,
a01a3d79f92003b64c7e8039d0538306,naver,cafe,자취방 짐보관,KW1,공간 대여에 대한 수요가 있는지 확인하기 위함,서울 자취생을 위한 원룸구하기 체크리스트✅,서울 자취생들은 원하는 조건의 자취방을 구하기 위해 많은 걱정이 있을 것입니다. 현직 중개인이 전하는... 베란다 있는 집 베란다 여부: 베란다가 있다면 짐보관이나 세탁물 건조에 유용합니다. 8. 등기부등본과...,http://cafe.naver.com/pony10/257989,■인테리어에반하다■ 아파트 카페 욕...,
04a8ea90b98da7129d89842b06e11501,naver,cafe,자취방 짐보관,KW1,공간 대여에 대한 수요가 있는지 확인하기 위함,"풀무원 최근 유동비율 81%. 전기대비 연결재무제표 영업이익 50% 증가, 그 이전은 감소. 전기대비 재무제표...",괄도네넴띤·노니&깔라만시...이색 네이밍 열전 - 산업경제뉴스 http://www.biznews.or.kr/news/article.html?no=8554 ???송고시간 :2019-02-26 [혼족꿀팁] 작고 소중한 내 자취방이 넓어지는 짐보관 서비스 비교!...,http://cafe.naver.com/jurinban/4030,주린이의 반란 (주반),
9662eb48bedeff8d0dbbba57a3eb0d2b,naver,cafe,자취방 짐보관,KW1,공간 대여에 대한 수요가 있는지 확인하기 위함,우송대원룸 <100/19>,임대정보 확인해 보시죠 ~~ 우송대 주변 원룸 - 투룸등 학과별 맞춤형 자취방을 구해 드리고 있는 캠퍼스... 짐보관 및 여러 용도로 사용하시면 너무 좋겠네요 난방은 개별 - 도시가스를 사용하고 있습니다. 구조는 주방과...,http://cafe.naver.com/2010myhobby/7588,『대사모』대전을 사랑하는 사람들의 ...,
64ab4a0950abc8fd29b119bc960bc118,naver,cafe,자취방 짐보관,KW1,공간 대여에 대한 수요가 있는지 확인하기 위함,신혼집 결정 및 결정이유~,12월 본식에 예랑이 자취방이 내년1월까지여서 9월 추석이 끝나자마자 집을 알아보기 시작했어요.예랑이... 되었고 계단식구조아파트라서 양쪽베란다가 있어서 짐보관도하고 공기도 잘 통해서 더욱 마음에 들었던거 같아요~,http://cafe.naver.com/directwedding/2015049,다이렉트 결혼준비,
6d7663e94c75fbcf116a2fac5cfa9379,naver,cafe,자취방 짐보관,KW1,공간 대여에 대한 수요가 있는지 확인하기 위함,짐보관 서비스라는데 어떨꺼 같아요??,"자취방 짐 때문에 이것저것 찾아보고 있는데 월 10,000원이면 꽤 저렴한거 같거든요 혹시 이용해보신 룸메님 있으신가용??",http://cafe.naver.com/cosmania/22363356,카페 파우더룸 [ 화장품.뷰티.쇼핑.일...,
5446df266199f1fbbad4ec1059fe1fcb,naver,cafe,자취방 짐보관,KW1,공간 대여에 대한 수요가 있는지 확인하기 위함,짐보관 서비스를 이용해봤어요! 이용후기 남깁니다용~ㅎㅎㅎ,"com/slimpanda 올 여름에 자취방을 이사 해야 해서 짐을 정리하다 보니 옷이 왜 이렇게 많고... 또 겨울 옷은 왜 이렇게 부피가 큰지.. 겨울 옷을 어떻게 해야 할지 고민을 하고 있었는데, 학교 선배가 짐보관 서비스??...",http://cafe.naver.com/slimpanda/374591,◈모두의 좋은방구하기◈원룸/전세월세...,
b6cc77dde13379be937e3ab95fcf5088,naver,cafe,자취방 짐보관,KW1,공간 대여에 대한 수요가 있는지 확인하기 위함,우송대학교원룸 자취 ~,"우송대학교원룸 자취 ~ 우송대학교원룸 자취방을 찾고 계시나요 ?? 학과에 맞는 맞춤형 방을 구해 드리고... 화장실과 베란다 사진 짐보관,빨래 ... 등 장점이 많은 베란다 너무 편리할듯 합니다. 이상 우송대학교원룸...",http://cafe.naver.com/2010myhobby/6062,『대사모』대전을 사랑하는 사람들의 ...,
22f19d6cc247671bee0c8a1d97c76811,naver,cafe,자취방 짐보관,KW1,공간 대여에 대한 수요가 있는지 확인하기 위함,채광굿! 방큰 산격동원룸 실내체육관 부근 원룸 아주 넓게나온 수영장문5분 큰베란다,경대자취방에 대한 상세한 정보제공카페!! 산격동 경북대 수영장문과 실내체육관이 가까운 방이 정말 넓은 경북대원룸 입니다. 채광이 아주 좋아서 방이 환하며 방이 아주 크게 나왔어요~ 베란다도 아주 커서 짐보관하...,http://cafe.naver.com/hellohellooneroom/3543,♥경북대원룸 헬로원룸-대구경북대원룸...,
967b1d502fc011352ca63d806714bf7a,naver,cafe,자취방 짐보관,KW1,공간 대여에 대한 수요가 있는지 확인하기 위함,"[나눔] 에이스 침대 프레임 (싱글) (1,000원)",원래 서랍형2단침대 였는데 좁은 자취방에서 아래 짐보관이 가능해서 위 프레임만 사용했습니다. 직접가져가시면 됩니다 [연락방법] 번개장터에서만 구매가능한 [나눔] 에이스 침대 프레임 (싱글)을 구매하세요!,http://cafe.naver.com/musicstar2/17514888,"★ 캠핑 그리고 차박 [글램핑 캠핑장,...",
b0720360d01552b36d660cf1173e6412,naver,cafe,자취방 짐보관,KW1,공간 대여에 대한 수요가 있는지 확인하기 위함,"200/40,넓디넓은 테라스가 있는 경북대원룸 큰방,경북대 솔로문,후문 가까운 경대원룸,주방완벽분리된 대현...","경대자취방에 대한 상세한 정보제공카페!! 200/40,넓디넓은 테라스가 있는 경북대원룸 큰방, 경북대 솔로문... 방과 주방사이에 왕큰 테라스가 있어서 빨래널기에 최적이며, 고기굽어먹기도 딱!^^ 자전거등 짐보관도...",http://cafe.naver.com/hellohellooneroom/3143,♥경북대원룸 헬로원룸-대구경북대원룸...,
47528c40767d0471ad1cc7e367f70e5b,naver,cafe,자취방 짐보관,KW1,공간 대여에 대한 수요가 있는지 확인하기 위함,안동과학대원룸 풀옵션자취방 있어요~,방마다 개인발코니가 있어서 세탁 및 짐보관이 편리하구요..철저한 단열과 린나이보일러설치로 난방비걱정도 잡았답니다.무려 10평형의 넓은 구조로 기존 자취방들과는 비교할 수 없을정도의 공간을 자랑합니다. 학교와...,http://cafe.naver.com/andong1004/326,"안동원룸1004▶임대,매매,교환정보공유...",
6f1eec3ee9f662a05408bd7ec61e57ea,naver,cafe,자취방 짐보관,KW1,공간 대여에 대한 수요가 있는지 확인하기 위함,"완전 통베란다 대현동 투룸 300/38 동대구시장,대구공고사거리 인접(경대정문주변)","원룸,투룸,쓰리룸,고시텔,리빙텔,자취방,월세,전세,임대,매매 상세한 정보제공 카페!! 유쾌한 헬로원룸... 주방 뒷편으로 제대로된 베란다가 있어서 빨래널기도 , 짐보관하기도 아주 용이한 통베란다가 있어서 완전...",http://cafe.naver.com/hellohellooneroom/1678,♥경북대원룸 헬로원룸-대구경북대원룸...,
949507882e602b3a3be091ad77179331,naver,cafe,자취방 짐보관,KW1,공간 대여에 대한 수요가 있는지 확인하기 위함,신촌동원룸 연세대 자취,연세대 자취 방으로서 신촌동원룸은 연세대학교 바로근처에 위치하고 있습니다. 새로 리모델링을하여... 바닥까지 방하고 똑같게 깔끔하게 되어있어 여기 신촌동원룸은 짐보관할수 있는 공간이 충분하게 확보되어...,http://cafe.naver.com/sonbobu0026/491,부동산모아 서대문 신촌점 ▶ 신촌역 ...,
c3a62d67779ac6273dd8942cdc3bd7aa,naver,cafe,자취방 짐보관,KW1,공간 대여에 대한 수요가 있는지 확인하기 위함,"포항신축,포항풀옵션원룸,포항오거리근처 신축 원룸소개",전 투룸사는데 제 자취방 보다 넓음. . ㅋ 13평이래욯 냉장고도 큼직하군요. 티비도 올해 새로나온 엘이디... 몰아서 한번에 빠셔도 되요/ㅋㅋㅋ 세탁실 맞은편에 큰 수납장이 설치 되어있어용 계절에 따라 짐보관하기...,http://cafe.naver.com/yysyys7777/12239,파랑새가 전하는 좋은방구하기[직거래...,
9180381d09ded77d8afd412a3cbe9032,naver,cafe,자취방 짐보관,KW1,공간 대여에 대한 수요가 있는지 확인하기 위함,포항 북구 오거리 신축 풀옵션 원룸/포항 원룸소개,전 투룸사는데 제 자취방 보다 넓음. . ㅋ 13평이래욯 냉장고도 큼직하군요. 티비도 올해 새로나온 엘이디... 몰아서 한번에 빠셔도 되요/ㅋㅋㅋ 세탁실 맞은편에 큰 수납장이 설치 되어있어용 계절에 따라 짐보관하기...,http://cafe.naver.com/slimpanda/160314,◈모두의 좋은방구하기◈원룸/전세월세...,
3b0c524fef86f90b2b3268066a0c0da5,naver,news,자취방 짐보관,KW1,공간 대여에 대한 수요가 있는지 확인하기 위함,기숙사 짐 가지러 가고 개강 후 가져다주는 기숙사 짐보관 서비스 관심,이번 서비스 오픈을 통해 방학 기간 기숙사나 자취방의 짐보관을 고민하던 학생들의 불편함이 크게 해소될 것으로 기대된다. '방학동안 마타주'는 7월 7일까지 마타주 앱을 통해 간편하게 주문할 수 있다. 사용자가 픽업...,http://www.fntoday.co.kr/news/articleView.html?idxno=322893,www.fntoday.co.kr,2024-06-14
7db95348aff1eb79d8d36ffd0ce2e98b,naver,news,자취방 짐보관,KW1,공간 대여에 대한 수요가 있는지 확인하기 위함,"[생활 Tip] 좁은 집, 넓게 쓰는 방법은? 나만의 창고 만들기",ⓒgettyimagesbank 사회초년생들에게 처음 주어지는 자취방은 그리 크지 않다. 대개 5평 내지 8평 안에 부엌과... 최근 몇 년 사이 별도 공간에 짐 보관이 가능한 서비스가 많이 생겼다. 당장 쓰지 않는 짐은 외부 창고에...,http://www.dailypop.kr/news/articleView.html?idxno=63214,www.dailypop.kr,2022-10-05
9eaa169708bc02b62b9a1978151951bd,naver,news,자취방 짐보관,KW1,공간 대여에 대한 수요가 있는지 확인하기 위함,[혼족꿀팁] 작고 소중한 내 자취방이 넓어지는 짐보관 서비스 비교!,"좁아 터진 내 자취방, 보관해야 할 물건은 많은데 공간이 부족하다면? 이럴때 필요한 게 바로 짐보관 서비스! 부피 큰 겨울옷부터 버리기 아까운 책들까지 모두 맡길 수 있는 서비스예요. 정말 편리하죠? 하지만 막상...",http://www.dailypop.kr/news/articleView.html?idxno=45117,www.dailypop.kr,2020-05-28
de56a5964081b7cba679fed48080f018,naver,news,자취방 짐보관,KW1,공간 대여에 대한 수요가 있는지 확인하기 위함,"WNBA 시애틀 스톰, 제니 부체크 신임 감독 선임","라디오,자취방 바퀴벌레,맥주 세관,애프터 블로우,현대카드 신차구매,파란닷컴,육군 레이다,루시드드림... 차단,난바역 짐보관,올뉴카니발 9인승 세금,쏠캘린더,왕좌의게임 다이어울프 종,논슬립 옷걸이,",http://52btcoin.com/clien.php,52btcoin.com,2015-01-21
fe786051cd1844e2afbd714de25a3b92,naver,kin,자취방 짐보관,KW1,공간 대여에 대한 수요가 있는지 확인하기 위함,대학 자취 VS 기숙사,... 학교마다 다르겠지만 학기중이라면 항상 기숙사는 열려있습니다 근데 또 가끔 밤늦게 오면 안열어주거나 점호해서 없으면 벌점먹여서 내보내는 경우도 있고 학기 끝나면 방빼야하기도해서 짐보관에 어려움이 있다면 값싼 자취방을...,https://kin.naver.com/qna/detail.naver?d1id=11&dirId=110411&docId=459172349&qb=7J6Q7Leo67CpIOynkOuztOq0gA==&enc=utf8,지식iN,
31bf66b0965bc69cf85a7f0106ea7b2e,naver,kin,자취방 짐보관,KW1,공간 대여에 대한 수요가 있는지 확인하기 위함,친구 집 (자취방?,... 안하면 돈계속 나가나요? 집주인이 알아서빼나요? 제가 방을 빼두 되나요? (짐보관 집주인이 방 빼는데 짐을 안챙겨 가면 어떻게 되나요? (저말고 챙겨갈 사람 없습니다.) 친구가 해결해야할 일 같습니다...,https://kin.naver.com/qna/detail.naver?d1id=8&dirId=81003&docId=452862889&qb=7J6Q7Leo67CpIOynkOuztOq0gA==&enc=utf8,지식iN,
0263c722b255f49d758369d252ed11a7,naver,kin,자취방 짐보관,KW1,공간 대여에 대한 수요가 있는지 확인하기 위함,자취방법률문제,1.대학교 자취방 방을 계약함 (계약서없음) 보증금20 2.미리 새 자취방에 박스채 짐을 넣어두고 방값은 개강날준다함... 년새 320 반년새170 점유 (방에 짐보관) 로 볼수 있을므로 빼박이네요... 방값전부 줘야 함.(질문자님 짐때문에...,https://kin.naver.com/qna/detail.naver?d1id=6&dirId=60212&docId=353647283&qb=7J6Q7Leo67CpIOynkOuztOq0gA==&enc=utf8,지식iN,
46d049e94cd811db4c2272f52f935614,naver,kin,자취방 짐보관,KW1,공간 대여에 대한 수요가 있는지 확인하기 위함,18년 11월에 전세 자취방을 얻어,18년 11월에 1년 전세계약으로 자취방을 얻어 살고있는 대학생입니다. 6월 초 윗집의 수도가 터져 천장과 벽을타고... 짐같은 경우에는 요즘 짐보관 서비스도 워낙 잘 되어 있어서 쉐어하우스 추천드려요 https://cafe.naver.com/wkwmd789...,https://kin.naver.com/qna/detail.naver?d1id=8&dirId=80801&docId=330539136&qb=7J6Q7Leo67CpIOynkOuztOq0gA==&enc=utf8,지식iN,
30c7ca66efce62bb398de1f8f0c51482,naver,kin,자취방 짐보관,KW1,공간 대여에 대한 수요가 있는지 확인하기 위함,주말에만 서울가서 자취를하고싶어요!!,... 연계약이 주로인데다가 고시텔같은경우 달단위는 가능하지만 일주일에 2일만 잘수있는 자취방을구하는건 힘들죠.. 서울에서 방구하는것도 굉장히 비쌉니다. 주말만서울에서왔다갔다 한다면 짐보관을 해줄수있는곳을 한번 알아보세요,https://kin.naver.com/qna/detail.naver?d1id=11&dirId=110205&docId=272901808&qb=7J6Q7Leo67CpIOynkOuztOq0gA==&enc=utf8,지식iN,
74e5f26fbeb5aa58838b76d0e67dce8f,naver,cafe,방학 방 빼기,KW2,공백기의 존재를 확인하기 위함,"서울 대학가 원룸 시세, 다른곳도 이정도 하나요?",방이 거의 없기도 하고 후문 라인으로 거의 시세는 비슷한거 같긴하던데 방학에도 월세를 매달 부담할거 생각하니 너무 비싼가도 싶고 도보거리가 조금 멀어지더라도 다른곳 찾아보러 다시 올라갔다와야하나 싶기도...,http://cafe.naver.com/suhui/29404252,"수만휘-수능,공부,입시,재수,편입,기출...",
aed5ffd4a96f8c60d303db2d88c32c59,naver,cafe,방학 방 빼기,KW2,공백기의 존재를 확인하기 위함,"[채너리] 6복 7계, 2분기 계획","[T] 방학기간 중 하루 통으로 비우고 0호기에만 집중해보기. (카페에서) 이전에 정리해뒀던 내용 다 읽고, 현재 해야되는 일들 정리 Case 나누고 비용 계산 (바로 전세빼기, 나중에 빼기) 2. 사임, 최임 발표 (100%) [K] 지역...",http://cafe.naver.com/wecando7/11557836,월급쟁이부자들 (직장인 재테크 부동산...,
24d0524d260468e399e72d44599b8c37,naver,cafe,방학 방 빼기,KW2,공백기의 존재를 확인하기 위함,지방 입주장에서 전세를 뺐습니다 [탕],"되어 방학을 앞두고 이동할 수도 있지만 쉽게 구할 수 없을 수 있으니 적극적을 움직이라는 동료, 선배분들의 말에 현장으로 내려가 50여 곳을 직접 얼굴을 보고 매물을 전달을 드렸습니다. 그리고 주변 생활권에 문자광고...",http://cafe.naver.com/wecando7/11556711,월급쟁이부자들 (직장인 재테크 부동산...,
30d411b59cfd14b22343f1801dcb4a62,naver,cafe,방학 방 빼기,KW2,공백기의 존재를 확인하기 위함,"[슬로우레터] 중앙일보의 경고, “국민의힘 한 방에 훅 갈 수 있다.”",여성가족부 폐지 대신 힘빼기. - 윤석열 정부 2년 반 동안 곳곳에서 백래시가 벌어졌다. - 김현숙(전... 무기계약직이라 방학에는 그나마 수입이 끊긴다. - 권정란(울산 학교비정규직 노조 국장)은 “취사 소음으로 청력이...,http://cafe.naver.com/siheungcitylove/6923,정왕동 사는 이야기 (네이버카페),
356183b0dbf5b309b905ce71e0989dee,naver,cafe,방학 방 빼기,KW2,공백기의 존재를 확인하기 위함,인서울 대학교 원룸시세요...,"저렴해야 빼기 쉬우니까, 주인에게 조언은 안해주는것 같구요.... 몇일전 신촌쪽인가?? 새 오피스텔인지 원룸인지 월세가 165만원이라는 기사를 본적도 있는것도 같구요... 암튼 이번 신입생은 다 입주마쳤고, 여름방학에...",http://cafe.naver.com/knbro/244063,임대 사업자 모임,
18e2bcc74ca8b77f358478029375628f,naver,news,방학 방 빼기,KW2,공백기의 존재를 확인하기 위함,깨지지 않는 ‘한국의 유리천장’: 슬로우레터 3월7일.,"여성가족부 폐지 대신 힘 빼기.K-엔비디아, 50조 원 들여 국민 펀드 만들자.“전쟁 난 줄 알았다.”오물풍선... 무기계약직이라 방학에는 그나마 수입이 끊긴다. 권정란(울산 학교비정규직 노조 국장)은 “취사 소음으로...",https://slownews.kr/130536,slownews.kr,2025-03-07
2e2cd3e2695f3e911058769350a0a3dd,naver,news,방학 방 빼기,KW2,공백기의 존재를 확인하기 위함,"‘하숙집이 사라진다’ 코로나19에, 원룸에 밀려 사라지는 하숙집",방을 빼기 시작했다. 대학생 손님 발걸음 뚝…대학 임대업 비상 △15일 오후 2시 홍익대학교 인근 원룸촌이... 그는 “겨울 방학이 지나고 코로나가 여전하면 상황은 같을 것”이라며 “특히 이번 겨울 방학 시즌 사회적...,https://magazine.hankyung.com/job-joy/article/202102109518d,magazine.hankyung.com,2021-02-10
bdab2b755242471e764a4a52584ddf67,naver,news,방학 방 빼기,KW2,공백기의 존재를 확인하기 위함,[르포] “나가는 사람은 있는데 들어오는 사람이 없다”… 지쳐가는 대...,"먼저 빼기 시작한 건 서울 학생들""이라고 말했다. 강남이나 잠실 등지 학생들이 강북권 학교까지의 통학... 이문동 원룸주인 김 씨는 ""지난 겨울방학 방을 구하자마자 코로나19가 터져, 임대 계약을 취소하지도 못한 채 방을...",https://biz.chosun.com/site/data/html_dir/2020/11/06/2020110600711.html?utm_source=naver&utm_medium=original&utm_campaign=biz,biz.chosun.com,2020-11-06
aeb745e4de5ff8c121ab1e2ccc6dbdf6,naver,news,방학 방 빼기,KW2,공백기의 존재를 확인하기 위함,대학가 비대면 수업 무기한 연장...본가에 머무는 자취생 월세는 어쩌나...,다시 말해 방학을 보내는 동안 본가에 가서 방을 비웠어도 계약 기간이기 때문에 월세는 줄어들지 않는다.... 그렇다고 해서 자취방에 있는 짐을 빼기에도 난감한 건 마찬가지다. 나 같은 경우 자취 생활을 위해 처음 챙긴...,http://www.civicnews.com/news/articleView.html?idxno=28286,www.civicnews.com,2020-04-06
60ff5fb7c42c24463fe5fe3badde6fcc,naver,news,방학 방 빼기,KW2,공백기의 존재를 확인하기 위함,[포토뉴스]대학 종강 앞두고 기숙사 방 빼기,도내 대학들이 1학기 종강을 앞둔 가운데 19일 강원대 춘천캠퍼스에서 기숙사생들이 방학동안 방을 비우기 위해 짐을 집으로 보내고 있다.,http://www.kwnews.co.kr/view.asp?aid=212061900106&s=501,www.kwnews.co.kr,2012-06-20
f1f69e402a90b944ee0ff6c5f0e50de2,naver,kin,방학 방 빼기,KW2,공백기의 존재를 확인하기 위함,월세 수수료 물어내야하나요?,... 방학때 사정이 생겨 12월 중순으로 방을 빼야하는 상황이라 방 빼기 한달전에 연락해서 미리 방 좀 뺄 수 있냐고 얘기했습니다. 집주인이 원래 계약은 6개월 더 연장 아니었냐고 나갈거면 다른 사람 구해놓고 나가든가 수수료 50만원을...,https://kin.naver.com/qna/detail.naver?d1id=4&dirId=4020202&docId=490330036&qb=67Cp7ZWZIOuwqSDrubzquLA=&enc=utf8,지식iN,
83f97d47d88fcc97172008f4323c1e38,naver,kin,방학 방 빼기,KW2,공백기의 존재를 확인하기 위함,원룸 방 빼기,"... 계약만료전에 방을 빼려면 주인에게 이야기하고, 부동산에 이야기하고, 따로 광고할 때 있으면 광고해서 세입자를 찾아보는게 빠릅니다 물론 계약만료전까지 방이 나가지 않는다면 방세는 고스란히 감당해야하구요 요즘 방학이고...",https://kin.naver.com/qna/detail.naver?d1id=8&dirId=80902&docId=450671767&qb=67Cp7ZWZIOuwqSDrubzquLA=&enc=utf8,지식iN,
3f09dad29faaaf0baaa0f63a3f90806f,naver,kin,방학 방 빼기,KW2,공백기의 존재를 확인하기 위함,원룸 방빼기의 어려움,"... 근데, 방이 잘 생각보다 잘 안빠져서 그런데, 방학은 다 끝나가고, 어떻게 해야할까 고민이네요. 월세만큼 불러서 빼버릴까요? 월세만큼 불러도 바로 안오네요. 하~아, 진짜 힘들어요. 대부분 어떻게 해서 빼나요? 언제쯤 뺄 수...",https://kin.naver.com/qna/detail.naver?d1id=4&dirId=4020202&docId=440545635&qb=67Cp7ZWZIOuwqSDrubzquLA=&enc=utf8,지식iN,
e1c4ff0541c66e692f743083a3734d11,naver,kin,방학 방 빼기,KW2,공백기의 존재를 확인하기 위함,원룸 방 빼기,"... 여기다 외대 밑이고,책상도 있고,보증금 100,웡세 30 이어서 싸고 컨디샨도 괜찮아서 될것 같은데, 공인 중개사를 잘못 만났는지,진짜 방 한번 빼기 힘드네요. 다른 공인중대사를 통해 구해도 힘드네요. 어떻게 하면 좋을까요? 방학...",https://kin.naver.com/qna/detail.naver?d1id=4&dirId=4020202&docId=440581292&qb=67Cp7ZWZIOuwqSDrubzquLA=&enc=utf8,지식iN,
d9e672aaa1fe5c0b8cf1a47e1902d9c5,naver,kin,방학 방 빼기,KW2,공백기의 존재를 확인하기 위함,자취방 계약 만료전 방빼기,자취방을 20년 2월10일 200/30으로 1년 계약을했는데 코로나로 학교도 못가는 자취집에 거의 살아본적이 없어서 (°̥̥̥̥̥̥̥̥-°̥̥̥̥̥̥̥̥ ) 2학기 방학하자마자 방을 뺄려고하는데 가능할까요? (계약만료되기 3-4개월 전에...,https://kin.naver.com/qna/detail.naver?d1id=4&dirId=4020202&docId=362106351&qb=67Cp7ZWZIOuwqSDrubzquLA=&enc=utf8,지식iN,
a726d8198a767ad8fba4648ad2d92730,naver,kin,방학 방 빼기,KW2,공백기의 존재를 확인하기 위함,계약기간 지난 대학가 원룸 12월말에 방빼기 가능할까요?,"... 임대인이 1,2월 방학기간 중 손해를 본다는 이유로 거절한다면 어떻게 해야하죠? 1년을 계약했다면 계약서대로 1년을 주장하거나 주택임대차보호법의 규정을 들어서 2년을 주장할 수 있습니다. 즉, 1년 또는 2년을...",https://kin.naver.com/qna/detail.naver?d1id=4&dirId=4020202&docId=338696365&qb=67Cp7ZWZIOuwqSDrubzquLA=&enc=utf8,지식iN,
a3dce05122641818a0dc2d169b166bf9,naver,kin,방학 방 빼기,KW2,공백기의 존재를 확인하기 위함,원룸인테리어 계획 중인데 버릴가구요 ㅠ,... 그래서 마침 요즘 학교 방학기간이기도 해서 셀프인테리어에 대해 이것저것 알아보고 있습니당ㅎㅎ 근데 제가 원래... 드릴게요~~ '빼기'라고 폐기물수거 어플이 따로 있는거 모르셨죠! 저도 처음에는 이런 것도 해준다고?하면서...,https://kin.naver.com/qna/detail.naver?d1id=5&dirId=50501&docId=335195492&qb=67Cp7ZWZIOuwqSDrubzquLA=&enc=utf8,지식iN,
547b904cc957db51695fffe19ee852c7,naver,kin,방학 방 빼기,KW2,공백기의 존재를 확인하기 위함,월세 계약이 약 2달정도 남았는데요,... 보니 방학동안에는 본가에 올라와 살고있었습니다 근데 집주인에게서 먼저 전화가 와 지금 방을 빼고싶으면 빼도 된다고 하여 빼기로 결정했는데 문제는... 와 방 빼고싶으면 빼라 방을 구하려면 지금 나가는게 낫다고 하여 뺀 것인데...,https://kin.naver.com/qna/detail.naver?d1id=4&dirId=4020202&docId=318582879&qb=67Cp7ZWZIOuwqSDrubzquLA=&enc=utf8,지식iN,
20765691e28f41aacabfbb68d18ad301,naver,kin,방학 방 빼기,KW2,공백기의 존재를 확인하기 위함,자취해보신분들 답변주세요! 저는 룸메,"... 방을 빼기로 해서 집세를 6월달까지 납부했습니다. 그 이후 7월달 부터는 룸메가 온전히 집세를 다냈구요~ 저는 6월 말에 자취방에서 나갔습니다. 저희가 대학생이라 7월, 8월이 방학기간이었는데 제룸메도 7월 8월 동안은 자취방에...",https://kin.naver.com/qna/detail.naver?d1id=6&dirId=60801&docId=310305453&qb=67Cp7ZWZIOuwqSDrubzquLA=&enc=utf8,지식iN,
e5ca38fb81e980828a88b50ef4db825a,naver,kin,방학 방 빼기,KW2,공백기의 존재를 확인하기 위함,쉐어하우스 입주를 하고 싶습니다. 회,"... (그때 방 계약이 끝나서요ㅜ.. 같이 사는 애들이 있어서 먼저 빼기 너무 그렇고ㅜㅜ) 1. 입주 기간.. 저때 가능할까요? 1년간 살펴보니, 특정 시즌 (방학 등) 공실이 거의 없긴 하더라구요.. 2. 보증금이 월세의 2~3배던데.. 보증금 올리고...",https://kin.naver.com/qna/detail.naver?d1id=8&dirId=810&docId=304109059&qb=67Cp7ZWZIOuwqSDrubzquLA=&enc=utf8,지식iN,
3283437bda81aa78ff558f5bb3a5939c,naver,kin,방학 방 빼기,KW2,공백기의 존재를 확인하기 위함,원룸 배수관 막힘 문제,... 그리고 제방에서 이게 나왔다는대 상식적으로 이해가안됩니다 제가 넣지도 않았는대 이게 어뜨케 나왔는지 제가 이방에서 1년살았는대 전에 쓰던 사람이 넣은것이 지금 올라올수도있는건가요 참고로 제가 방학전에 방을 빼기전에는...,https://kin.naver.com/qna/detail.naver?d1id=6&dirId=602060202&docId=299115299&qb=67Cp7ZWZIOuwqSDrubzquLA=&enc=utf8,지식iN,
3631c4c739304c1edaf1da03c623b6be,naver,kin,방학 방 빼기,KW2,공백기의 존재를 확인하기 위함,대학교 한학기만 생활할 원룸 구할수있을까요?,타지로 대학올러가는 학생인데요 학기중엔 자취하고 방학땐 집에와서 알바하며 돈모으고를 반복하려 계획중인데 직빵등에 올라온 원룸들 3~4달 살다가 방빼기 가능한가요? 보통 원룸이 1년이상 살아야되나요? 불가능하다면...,https://kin.naver.com/qna/detail.naver?d1id=4&dirId=4020202&docId=292299783&qb=67Cp7ZWZIOuwqSDrubzquLA=&enc=utf8,지식iN,
33e8abd79b03e74c25438e67446779f5,naver,kin,방학 방 빼기,KW2,공백기의 존재를 확인하기 위함,자취방 만료전 방빼기,"자취방 만료전 방빼기 자취방 계약만료가 18년2월입니다 17년7,8월 방학이어서 집을 비운상태고 7월초에 주인한태 냉장고가 고장난거같아 확인을 부탁드렸으나 별다른답이 없었습니다 그러고 난후 8월20일경에 주인이 갑자기전화와서...",https://kin.naver.com/qna/detail.naver?d1id=4&dirId=4020202&docId=283482577&qb=67Cp7ZWZIOuwqSDrubzquLA=&enc=utf8,지식iN,
6820695d02d54216aa10870d769c4dda,naver,kin,방학 방 빼기,KW2,공백기의 존재를 확인하기 위함,원룸 방 뺴는데 한달치 월세를 달라고 하는데 어떡하나요 ?,... 근데 방학때 피치못할 사정으로 서울로 올라가야해서 방을 급히 빼면서 새로운 입주자를 구하고 6월 24일에 입주자분이 들어오시기로 하고 저는 6월 22일에 방을 빼기로 했습니다. 하지만 원룸 이모분께서 방을 뺀다 하더라도...,https://kin.naver.com/qna/detail.naver?d1id=4&dirId=402&docId=279059606&qb=67Cp7ZWZIOuwqSDrubzquLA=&enc=utf8,지식iN,
38bfdae0365be79a73e65008b13d14a5,naver,kin,방학 방 빼기,KW2,공백기의 존재를 확인하기 위함,자취방 곰팡이 문제로 2달만에 나가려고 합니다.,"... 봐주세요!ㅜㅜ 2016년 12월 10일 입주하여 2017년 12월 25일까지 계약하여 500만원을 내고, 다른 학생들과 달리 방학... 방을 빼기로 결심했고, 주인집에게 얼마를 다시 돌려 받을 수 있는 건지가 궁급합니다!! 전문가 님들 제발...",https://kin.naver.com/qna/detail.naver?d1id=6&dirId=60202&docId=269984483&qb=67Cp7ZWZIOuwqSDrubzquLA=&enc=utf8,지식iN,
30c59b1032b1d33ae48b3edad45c8d4e,naver,kin,방학 방 빼기,KW2,공백기의 존재를 확인하기 위함,월세방빼기,... 제게 방학동안 기숙사 신청을 하지말고 월세방에 사라고하시고 한달 연장하겠다고 하였습니다 저는 그래서... 혹시나 보증금을 방 빼는 날 반환해주지 않는다면 방빼지 마세요. 나중에 머리 아픈 상황이 올 수 있습니다. 꼭 보증금 다...,https://kin.naver.com/qna/detail.naver?d1id=4&dirId=4020202&docId=266750321&qb=67Cp7ZWZIOuwqSDrubzquLA=&enc=utf8,지식iN,
10c1f3d61b47390dbeb6350be17ce090,naver,kin,방학 방 빼기,KW2,공백기의 존재를 확인하기 위함,자취방 빼기,... 한 방)부모님반대에 억지로 짐싸서 나온거라 사정들은 아주머니께서 보증금 없이 월세 23만원에 살라고 하셨고 계약서는 쓰지않았습니다. 입주 후에 보증금을 50만원이라도 줄 수없냐는 말에 겨울까지 살게되면 방학때 벌어서...,https://kin.naver.com/qna/detail.naver?d1id=6&dirId=60202&docId=261516225&qb=67Cp7ZWZIOuwqSDrubzquLA=&enc=utf8,지식iN,
415ee12e0cc9b3452dd41e1f802628ed,naver,kin,방학 방 빼기,KW2,공백기의 존재를 확인하기 위함,대학교 기숙사에대해,... 주말되거나 대학교방학하면 기숙사에서 방 안빼도되져?? 당연히 주말이나 방학때도 기숙사에 있고싶으면... 방학 때 짐빼기 싫으시면 월세내는 원룸을 가셔야 합니다... 3. 기숙사에 티비가있으면 마음대로봐도되는건가요?? 기숙사는...,https://kin.naver.com/qna/detail.naver?d1id=11&dirId=110502&docId=260074056&qb=67Cp7ZWZIOuwqSDrubzquLA=&enc=utf8,지식iN,
f0f0400b01c5d4b79f495d30581a0190,naver,kin,방학 방 빼기,KW2,공백기의 존재를 확인하기 위함,월세 선불상태에 주인이 함부로 가구교체한경우,... 그런데 방학이 되어 본가에 가있는동안 연락 한번없이 침대(2대였는데) 1대빼기 + 책상 약하거 부실한걸로 바꿔놓는등.. 가구를 교체했더라고요.. 이런경우 어떤 죄가 성립되나요.. 들은바로는 어쨋든 1년계약동안 방주인은 제가되서...,https://kin.naver.com/qna/detail.naver?d1id=6&dirId=60202&docId=257485476&qb=67Cp7ZWZIOuwqSDrubzquLA=&enc=utf8,지식iN,
f2b63c04e12ee1e8363f73640e41c237,naver,kin,방학 방 빼기,KW2,공백기의 존재를 확인하기 위함,부동산 원룸 계약 중 방 빼는거 ...,... 학교 떄문에 천안을 오는거라서 방학 떄는 불필요한거 같아서 방을 뺄라고 하는데 계약은 1년으로 잡았습니다..... 그래서 방 빼기 한달전에 연락 해달라고해서 연락 하고 방 주인쪽에도 연락을 했는데.. 오늘 방 주인한테 전화 와서 방...,https://kin.naver.com/qna/detail.naver?d1id=4&dirId=402&docId=254464525&qb=67Cp7ZWZIOuwqSDrubzquLA=&enc=utf8,지식iN,
ed852e4fb7882bbd2ace7e6ea68995eb,naver,kin,방학 방 빼기,KW2,공백기의 존재를 확인하기 위함,원룸 계약서 작성,"... 00월00일 부터는 방학이라 방을 뺄거 같습니다~ 라고. 방뺄때는 정산을 해야... 됨""을 방 주인에게 알립니다. 정산 영수증 등 필요 청소 상태 등으로 불량시 청소용역 등 비용으로 4~5만원 빼기도 하는데 이건 보증금에서 정산 하셔두...",https://kin.naver.com/qna/detail.naver?d1id=8&dirId=809&docId=246396653&qb=67Cp7ZWZIOuwqSDrubzquLA=&enc=utf8,지식iN,
b6c6b7314c6f5211026373ea364426ea,naver,blog,대학교 방양도,KW2,공백기의 존재를 확인하기 위함,4주차_21.09.29,교수님 죄송해요 조경이란 무엇인가 대학교 1학년때는 더 잘 설명했던 것 같은데 조경은 기본적으로... 보는 방양도 이해하고 있어야 함 정전 영영전 별묘 4칸을 중심으로 제례를 이해해야 종묘를 이해 할 수...,https://blog.naver.com/sham65/222520875615,Who,2021-09-29
940bebedf42d2f96a20fdeffe84f375b,naver,blog,대학교 방양도,KW2,공백기의 존재를 확인하기 위함,놀고 묵기도 결코 숩지 않은 것이 이 돈으로 시작해 돈으로...,"근데 한국정부 참 엉성하다 여전히..아니 무슨 박정희 전두환시대도 아니고 아직도 방양도 제대로... 그러고는 부산대학교 전자통신멜, 기다리는 사촌의 메일콜도 없고, 집팔려는 친구녀석은 들어온 오퍼가 머...",https://blog.naver.com/gopaul777/50088681312,上善若水  GRACE only from God  笑傲江湖,2010-05-20
843ba789cb411376c5d71d80ee72d02e,naver,kin,대학교 방양도,KW2,공백기의 존재를 확인하기 위함,대학생 원룸계약 월세 양도 (내공100),"제가 지금 대학교 인근 원룸에 계약을 해서 살고 있습니다. 2011. 2. 26 ~ 2012. 2. 26 조건으로, 보증금 200에 한달에 월... 그래서 계약 끈나는 내년 2.26일 저는 그대로 사장님께 200만원 받고 50만원 방양도한사람안테 다시 돌려줄려고...",https://kin.naver.com/qna/detail.naver?d1id=4&dirId=4020202&docId=134799676&qb=64yA7ZWZ6rWQIOuwqeyWkeuPhA==&enc=utf8,지식iN,
4e650fde69f2e51016e875b47871a8e6,naver,blog,자취방 양도,KW2,공백기의 존재를 확인하기 위함,5월의 이모저모,"그리고 진차 서윗한 우리아빠 서울올때마다 자취방에 들려서 뭐라도 챙겨주고가는 ,, 근데 아빠가오면... 해산물파스타였나 양도 많고 맛있었다 #버터향에이슬 이요..? 버터떡 유행끝났으니 얼른 나가주세요 .....",https://blog.naver.com/rxbeeca/224319739881,암옹이의 서울 자취라이프,2026-06-18
6a8f2f6e8028c46c2d0a7fc90a4ad49d,naver,blog,자취방 양도,KW2,공백기의 존재를 확인하기 위함,탈취제 추천 집안 냄새 고민 줄여준 고체탈취제 사용기,"소파나 커튼처럼 자주 세탁하기 어려운 곳은 뿌리는 양도 조절해야 하고, 바닥에 미세하게 내려앉는... 또 작은 원룸이나 자취방처럼 공간이 넓지 않은 곳에서도 활용하기 좋았어요. 향이 강한 제품은 방 전체를...",https://blog.naver.com/warrant565/224318635565,무친 건강맨 세나,2026-06-17
2cf390a74970b14cf379621c0a3d3356,naver,blog,자취방 양도,KW2,공백기의 존재를 확인하기 위함,블로그 하면 갓생 살 수 있다며? 그래서 옴,전 자취방에서 sleepover 하기 ♡ 특별히 김치우동을 좋아하는 언니를 위해 미리 사둔 비밀의 무기가... 전 특히 저 김치말이 국수가 너무 맛있었는데 양도 양이지만 메밀면이 너무 쫄깃.. ♡ᵎᵎᵎ 집에서 한그릇...,https://blog.naver.com/minsdaily__/224319045764,민서의 배부른 하루,2026-06-17
eb9a81bb20ae3bcbd9f910460821d401,naver,blog,자취방 양도,KW2,공백기의 존재를 확인하기 위함,"장인가구 큐비 500 3단서랍 슬림 틈새옷장, 좁은 방에 딱인 이유","원룸이나 자취방처럼 가구를 많이 두기 어려운 공간에서는, 큰 수납보다 작은 틈을 살리는 방식이 더... 수납 가구는 들어가는 양도 중요하지만, 꺼내 쓰는 방식이 편한지가 더 오래 남습니다. 먼저 보면 좋은...",https://blog.naver.com/qr9_1l/224318925850,qr9_1l님의 블로그,2026-06-17
728cc36cb6021bac5ff4fc4d6418c958,naver,blog,자취방 양도,KW2,공백기의 존재를 확인하기 위함,직장인 자취방 필수템! 위니아 클라쎄 드럼세탁기...,"직장인 자취방 필수템! 위니아 클라쎄 드럼세탁기 WDA908SWD(AK) 8kg 4개월 실사용기 안녕하세요 여러분!... 이불 빨래도 거뜬히 하고, 일반 빨래 양도 충분히 들어가서 좋더라고요. 건조 기능까지 있으니 빨래가...",https://blog.naver.com/ccenting59142/224318866257,ccenting59142님의 블로그,2026-06-17
f5c60d02bc9ff809c76c8ef47a482cdd,naver,blog,자취방 양도,KW2,공백기의 존재를 확인하기 위함,오르테 미니밥솥 ORJ-3001A 1인 가구 필수템 및 캠핑 활용...,특히 192mm 정도의 아담한 사이즈는 좁은 자취방 선반이나 캠핑 짐 꾸러미 사이에도 쏙... 오르테 ORJ-3001A Q&A Q : 3인분 정도의 양도 충분히 가능한가요? A : 0.3L 용량으로 1인에서 2인 정도가 한 끼 먹기에 가장...,https://blog.naver.com/tamitamo/224315019020,타모의 스마트 라이프,2026-06-17
6358479fb2f9bf32a0d2db7e77347bc9,naver,blog,자취방 양도,KW2,공백기의 존재를 확인하기 위함,"AS] 플럭스 3kg 삶는 세탁기, 3달 사용 후기 | 자취방 필수템?","[5년 무상 AS] 플럭스 3kg 삶는 세탁기, 3달 사용 후기 | 자취방 필수템? 안녕하세요 여러분! 오늘은 제가... 매번 큰 세탁기를 돌리기엔 양도 너무 적고, 그렇다고 손빨래하자니 엄두가 안 나고… 그러다가...",https://blog.naver.com/rlagywn101204/224318748685,rlagywn101204님의 블로그,2026-06-17
34a0050c85d138e4024ba6a60e4dcf13,naver,blog,자취방 양도,KW2,공백기의 존재를 확인하기 위함,6월은 푸른색 체크 무늬가 좋아◝(⌒ᗜ⌒)◜♬♪♪,3차는 돼지김재찌개 자취방ㅋㅋ 얼마나 예쁘게 잘해놓고 사나 보자 ;;;ㄷㄷ 한 명 더 있었으면 조질... 저건 두부 튀김인데 맛났당 그리고 토마토 닭볶음탕ㅋㅋ 진자 맛있었는데 양도 너무 많고 저 뚝배기가 ㄹㅇ...,https://blog.naver.com/seunggul6303/224318698547,깨어 있는 모든 시간은 미끄러운 경험☔️,2026-06-17
eb357c378c7f98d0d1fd90bf7a4aeca2,naver,blog,자취방 양도,KW2,공백기의 존재를 확인하기 위함,향에 예민한 자취생이라면 팔로산토 1kg 벌크가 답,구분 생각할 점 어울리는 경우 사용 빈도 자주 쓸수록 벌크의 의미가 커집니다 공간 정리를 자주 하는 편 공간 크기 작은 방에서는 적은 양도 충분할 수 있습니다 원룸이나 자취방 환기 환경 향이 머무는 느낌이...,https://blog.naver.com/jjyours/224318667278,jjyours님의 블로그,2026-06-17
791666c026a424b72a4a36b4dc8078d2,naver,blog,자취방 양도,KW2,공백기의 존재를 확인하기 위함,빈아! 야구보러 온 거야? 왜 온 거야? 따지러 온 거야? 야구보러...,"제목 밈 모르는 친구들을 위한 영상 부산으로 이사 전 자취방 정리하고 본가 한달살이 엄마 사랑먹고... 표 양도받다 어쩌다 어떤 분과 같이 옴ㅎ 둘이 와서 조금 더 재밌었던 야구장,, 근데 경기가 노잼임 또...",https://blog.naver.com/timbi3/224318514419,비나이다,2026-06-17
c085c598394f5b4c4cde9abac21002f5,naver,blog,자취방 양도,KW2,공백기의 존재를 확인하기 위함,"세상에! 13개월 쓴 반숙계란 비타민B 반숙란, 왜 이제...","20개입으로 양도 넉넉해서 좋더라고요. 처음 딱 열었을 때, 세상에…! 포장도 얼마나 꼼꼼하게 되어... ➡ 아침 시간이 늘 부족해서 간단하게 건강한 식사를 하고 싶은 직장인 분들 ➡ 자취방에서 간편하게...",https://blog.naver.com/chlthdb29364/224318437874,chlthdb29364님의 블로그,2026-06-17
66717f2789d3d2b55ae0bdda1a91004f,naver,blog,자취방 양도,KW2,공백기의 존재를 확인하기 위함,낭만부부 치즈 떡볶이 밀키트 2봉 구매 후 3달 사용 솔직 후기,"자취방에서 혼밥할 때도, 친구들이랑 홈파티 할 때도, 언제나 든든하게 제 곁을 지켜준 떡볶이랍니다.... 떡 양도 푸짐해서 두 명이서 먹어도 충분해요. 돈 아깝다는 생각 전혀 안 들어요. 2. 옛날 국물 떡볶이 맛...",https://blog.naver.com/tjfrpxor61393/224318390669,tjfrpxor61393님의 블로그,2026-06-17
9e36577ad9be843a369bff1db97ba8b5,naver,blog,자취방 양도,KW2,공백기의 존재를 확인하기 위함,자취방 원룸 제습기 용량 저소음 넥스코,여름에는 빨래의 양도 평소보다 많은데 건조기가 따로 없어서 건조 기능이 있는 원룸 자취방제습기 알아보고 계신다면 에어큐브 미니로 수건이나 속옷처럼 매일 나오는 세탁물은 쉽게 건조할 수 있고요. 장마철...,https://blog.naver.com/ckwldud1/224318350026,★ 무지개의 달콤한 세상 ★,2026-06-17
3032338cafcb38e52ca84f2db40328eb,naver,blog,자취방 양도,KW2,공백기의 존재를 확인하기 위함,세상에! 오파오 미니세탁기 3개월 써보니 속옷 양말 삶은 효과...,"특히 아기 옷은 늘 깨끗하게 관리해주고 싶은데, 매번 세탁기 돌리기엔 양도 적고 번거롭잖아요. 또... 자취방에 사는 1인 가구 분들! 빨래통 차지 많이 하지 않고 위생적으로 속옷이나 양말 관리하고 싶다면...",https://blog.naver.com/ccentuting98085/224318304220,ccentuting98085님의 블로그,2026-06-17
310a4d499c870402758ef61c6a45bfe4,naver,blog,자취방 양도,KW2,공백기의 존재를 확인하기 위함,"[직딩일기]시차 적응 성공, 출근 적응은 실패한 직장인_6월...","사서 자취방에서 먹으려고 하는데, 어플로 주문할 수 있다니 진짜 세상 참 좋아졌다 출근하기 실타... 친절하고 양도 많아서 좋았어요 저녁 미친듯이 신선하고 갑오징어가 달달해요(소주 필수) 100m 멀리서...",https://blog.naver.com/superhero29/224317966649,Curiosity,2026-06-16
dbffb8de17867e9de8378456dccd47eb,naver,blog,자취방 양도,KW2,공백기의 존재를 확인하기 위함,오공삼무선생 (오월이라는 뜻),양도 진짜 많아서 볶음밥 못 먹을 정두.. 강추합니당~ 짱맛~ 키티에서 광기가 보인다 ㅋㅋㅋㅋㅋ이거... 내 특강 메이트) 이 특강 재밌어서 (+밥을 잘 줘서) 3차까지 전부 신청해서 들음 ㅋㅋ … 자취방 화장실에서...,https://blog.naver.com/lsh051112/224317940674,승갱로그,2026-06-16
4be31e5cbeb82a3ad68e6ccd69ac7047,naver,blog,자취방 양도,KW2,공백기의 존재를 확인하기 위함,새남맥스 제습제 30개입 6개월 실사용 후기: 옷장 습기 끝!...,"생각보다 저렴하고 양도 많은데?"" 하는 마음에 바로 장바구니에 담고 결제 버튼을 눌렀답니다. 제 옷장... 분 ▶ 자취방이나 원룸처럼 공간이 협소해서 큰 제습기 놓기 어려운 분 처음엔 17,700원이라는 가격이 좀...",https://blog.naver.com/lmode32281/224317921662,lmode32281님의 블로그,2026-06-16
a59d0b31d4717c3b0fa3f7a93023e1e0,naver,blog,자취방 양도,KW2,공백기의 존재를 확인하기 위함,남들이 s/s 시즌을 외칠 때 나홀로 w/s 시즌을 외치다.,남구리 자취방으로 택배 보냈다 - 강릉 티각태각 추천 황금고구마 무조건 추천 ★★★★★ 우릴 기다렸던 음식들.. 나는 오징어순대가 먹어보고 싶었고 오빠는 강릉 어쩌구 5천원 닭껍질 튀김 장염 걸리고...,https://blog.naver.com/rladnjswl14/224317608325,One_dairy,2026-06-16
cc2bd15c3ad82439381a702c8272f602,naver,blog,자취방 양도,KW2,공백기의 존재를 확인하기 위함,"세상에! 3개월 쓴 키친아트 미니 전기밥솥, 이건 진짜 갓성비...","자취방에 큰 밥솥 둘 공간도 없고, 그렇다고 매번 사 먹자니 돈도 아깝고, 그렇다고 라면만 먹을 수도... 3인용이라 양도 딱 적당하고, 사용 시간도 짧아서 전기세 부담이 확 줄었어요. 예전 같으면 밥솥 켜놓는 것...",https://blog.naver.com/smokeless37558/224317268657,smokeless37558님의 블로그,2026-06-16
a9631649beb919057c5b4910d2d42685,naver,blog,자취방 양도,KW2,공백기의 존재를 확인하기 위함,"오르테 미니 밥솥 ORJ-3001AN 3개월 실사용기, 왜 이제야...","바로 '오르테 미니 밥솥 아이보리 캠핑 소형 ORJ-3001AN'인데요, 자취방에서 혼밥족으로 살아온 지 어언... 적은 양도 딱 알맞게! 1~2인 가구에 최적화된 용량이라, 밥을 남기거나 버릴 걱정이 없어요. 딱 먹을...",https://blog.naver.com/beover18666/224317177000,beover18666님의 블로그,2026-06-16
881a9c7f31c02636fd28ddf3dc95c84f,naver,blog,자취방 양도,KW2,공백기의 존재를 확인하기 위함,하이얼 AWM11DMW 드럼세탁기 3개월 써본 솔직 후기,"기존에 쓰던 세탁기는 너무 크고, 빨래 양도 적은데 세탁 돌리기가 뭔가 아깝더라고요. 특히 자취방은 공간이 좁은 편이라 수납도 신경 쓰였거든요. 인스타 피드를 넘기다가 우연히 이 소형 드럼세탁기...",https://blog.naver.com/conduit44022/224317038969,conduit44022님의 블로그,2026-06-16
2e073579795a7a8576564abc548b2994,naver,blog,자취방 양도,KW2,공백기의 존재를 확인하기 위함,좁은 자취방에서 샌드백모래 클래식 9kg 며칠 써본 느낌,"좁은 자취방에서 샌드백모래 클래식 9kg 며칠 써본 느낌 다묘 가정에서 먼지 날림 없는 프리미엄... 응고가 빠르고 단단하게 되다 보니 소모되는 모래 양도 생각보다 적어서, 결과적으로는 교체 주기가 길어지는...",https://blog.naver.com/stopwtch13763/224316932007,stopwtch13763님의 블로그,2026-06-15
dcc0a0eff12243e2e1142282b8380d91,naver,blog,자취방 양도,KW2,공백기의 존재를 확인하기 위함,위글로우 / 울산달동왁싱,관리 후에 집에서 할 수 있는 홈케어제품도 판매 하고있어서 좋더라구요 편한 자취방 느낌의 관리실... 체모양도 줄고 모도 가늘어져 한번한번 할수록 통증이 줄어든다고 해요 ! 진정팩까지 한 후에 끝난...,https://blog.naver.com/dmsquf48600/224316924308,나의 하루를 담다,2026-06-15
25abd072fc211fc58e923981081bb878,naver,blog,자취방 양도,KW2,공백기의 존재를 확인하기 위함,영원할 듯했던 그늘 속에,꽃 선물은 준비한 마음까지 전해져서 더 뜻깊은 것 같다 꽃 하나 뒀다고 분위기 살아나는 자취방... 직원분들도 친절하시고 양도 푸짐하고 진짜 맛있었다 집 근처에도 있어서 자주 갈 것 같은 예감이 든다...,https://blog.naver.com/990615-/224316791947,A Dream I Dreamed,2026-06-15
e10f9c2a67506b7161b26ce3107ad4f0,naver,blog,자취방 양도,KW2,공백기의 존재를 확인하기 위함,중년의 위기,고기가 연하고 국물이 담백해서 그냥 후루룩 마셔버렸다네요 근데 양도 되게 많았던 기억.. 같이 내어... 어머니께서 자취방으로 한 박스를 보내 주셨다구 카라향을 나눔 해주셨어요 먼가 동숲 주민이 된 거...,https://blog.naver.com/cyanotypefilm/224316754208,세모와 동그라미,2026-06-15
5f58b9fda141967bedf426b8cd75aff1,naver,blog,자취방 양도,KW2,공백기의 존재를 확인하기 위함,260604 - 0614 갑자기,ㅋㅋ 양도 적지 않아서 두 끼로 나눠먹음 9 6월 13일 이번 올영세일에 산 뮤드 글로스 맘에 들어서 원래... 갑자기 자취방 구조를 바꿔야겠단 생각이 들었다 사실 며칠 전부터 한 생각이긴 했는데 ㅋㅋㅋ 7시 좀...,https://blog.naver.com/zxcvasd0702/224316716742,미랭,2026-06-15
8fe2d710b42d0937d07ace61b2f626c0,naver,blog,자취방 양도,KW2,공백기의 존재를 확인하기 위함,오뚜기 작은밥 150g (30개) 솔직 후기: 6개월 써보니 알겠더라!,밥 양도 150g이 딱 한 끼에 적당해서 남길 걱정이 없어요. 처음엔 데우면 밥알이 딱딱해질까 봐... 부피 차지 많이 안 해서 자취방에 두고 쓰기 딱이에요. 밥솥 보온 기능처럼 전기세 걱정도 없고요! 이런...,https://blog.naver.com/catchfish40361/224316633092,catchfish40361님의 블로그,2026-06-15
349590c5bb2c3ca708ae2ebdcb569387,naver,blog,자취방 양도,KW2,공백기의 존재를 확인하기 위함,배수구 막힘 고민 끝! 1+1 살림백서 펑 배수구 세정제 3개월...,"▶ 자취방 배수구 관리가 어려우신 분 ▶ 화장실 세면대 물 빠짐이 느리다고 느끼시는 분 ▶ 싱크대... 처음엔 9,900원에 두 통이면 너무 싼 거 아닌가 싶기도 했는데, 막상 써보니 성능도 좋고 양도 많아서 정말...",https://blog.naver.com/ntionlistic89196/224316491410,ntionlistic89196님의 블로그,2026-06-15
0abe7f78201ec0e8dd2a083c299b9348,naver,blog,자취방 양도,KW2,공백기의 존재를 확인하기 위함,냉동 볶음밥 나트륨 함량 직접 비교해보니 충격적이네요,요즘 자취방에서 삼시 세끼 다 챙겨 먹는 게 진짜 보통 일이 아님을 뼈저리게 느끼고 있음. 지난... 솔직히 냉동 볶음밥만 단독으로 먹으면 양도 좀 아쉽고 영양 불균형도 심한 편인데 이렇게 채소와 단백질을...,https://blog.naver.com/soyune1004/224316469855,오늘의 건강식탁,2026-06-15
fe2143f4d6816bcb1095c6295abc1fc6,naver,blog,자취방 양도,KW2,공백기의 존재를 확인하기 위함,"LG 믹서기 2개 비교, 4달 써보고 느낀 갓성비 이유",4.5리터 스텐 용량이라 온 가족이 먹을 양도 한 번에 갈 수 있겠더라고요. 레드랑 화이트 중에... 자취방에서 간단하게 스무디나 요거트 섞어 마시기 딱 좋은 사이즈라 매일 손이 가요. 복잡한 기능 없이...,https://blog.naver.com/creen58061/224316467191,creen58061님의 블로그,2026-06-15
c88ea833a8602da184a80cec3a1935e9,naver,blog,자취방 양도,KW2,공백기의 존재를 확인하기 위함,(공구)접이식캠핑카트 장보기카트 추천 / 짐운반카트 생활용품...,아파트나 자취방처럼 수납공간이 한정적인 곳에서는 이런 부분이 중요하게 느껴지더라구요. 또 캠핑을... 장보는 양도 많아지고 온라인 쇼핑으로 받은 택배도 자주 이동하게 되잖아요. 이럴 때 카트 하나 있으면...,https://blog.naver.com/rara017/224313262923,꿍이네 데일리,2026-06-15
4e3ca95367ad9ce8ff5e0440b9ff4d04,naver,blog,자취방 양도,KW2,공백기의 존재를 확인하기 위함,택배 상자가 쌓이지 않게 관리하는 방법,"자취방에 택배 상자가 계속 쌓인다면, 정리 습관부터 바꿔보세요 혼자 생활하다 보면 온라인 쇼핑을... 상자가 많아질수록 정리해야 할 양도 늘어나기 때문에 더욱 미루게 되는 악순환이 생길 수 있습니다....",https://blog.naver.com/dailyspooninfo/224315446786,정보한스푼님의 블로그,2026-06-15
43996b43804dc69ccce35fb94a214c09,naver,blog,자취방 양도,KW2,공백기의 존재를 확인하기 위함,자취생 밑반찬 고민 해결해 준 국내산 메추리알 장조림 실온...,우연히 보관도 편하고 양도 넉넉한 실속 있는 제품을 알게 되어서 한 번 먹어보기로 결정했습니다. 제품... 안 그래도 좁은 자취방 냉장고에 반찬통 들어갈 자리가 부족했는데 펜트리에 넣어두고 먹을 수 있어서...,https://blog.naver.com/ksbpori/224316030861,썬케이’s 트렌드픽,2026-06-15
7abe444203dc2579f086dcff00a8721e,naver,blog,자취방 양도,KW2,공백기의 존재를 확인하기 위함,EP18: 포말(泡沫),"자취방 첫 손님 올해 초에 신림으로 이사를 했습니다. 사실 지금 사는 동네에는 성당 사람들 빼면 아는... 제발!!!""을 외치며 돈을 털린 김야옹씨(57세) 결국 내가 뽑아주고 경품도 아빠에게 양도했습니다. 내가...",https://blog.naver.com/oliverver_/224315993519,30대 대학원생의 비망록,2026-06-15
afb28b15055eec9f06bf260e36f82c91,naver,blog,자취방 양도,KW2,공백기의 존재를 확인하기 위함,미니파이브 미니건조기 5KG 직접 써본 솔직 사용기,"바로 '미니파이브 미니건조기 5KG'인데요, 신혼집에 놓을까 자취방에 놓을까 고민하다가 결국 저의 작은... 옷도 많지 않고, 빨래 양도 많지 않은데 매번 세탁기에서 꺼내 건조대에 널고, 또 걷는 게 여간 귀찮은...",https://blog.naver.com/richer95837/224315946921,richer95837님의 블로그,2026-06-15
2248c38b90a71ccf54b91992b7cda5a0,naver,blog,자취방 양도,KW2,공백기의 존재를 확인하기 위함,환자는 도파민을 줄여야해,이건 너나 가져 하고 ㅈㅅ양에게 양도 ??: 저게 누군데.씹덕아 야. 니네 그렇게 말하지마 ㅡㅡ... 자취방 오던길에..우웁.. 욱.. 울면서 빵먹구 다 했어. 응 걱정시킨 사람들 많아서 미안하네 그래두 밥 먹을 수...,https://blog.naver.com/0902lsa/224315920800,.,2026-06-15
0be97260b82c768463fa70c46cabddd5,naver,blog,자취방 양도,KW2,공백기의 존재를 확인하기 위함,[신상 포켓몬빵] 연세우유빵 비켜! GS25 포켓몬 30주년 한정판...,"바로 자취방으로 업어왔습니다! 가격은 3,200원으로 양산형 편의점 빵 치고는 꽤 헤비한 편인데요... 크림의 양도 압도적으로 빵빵하고, 맛의 밸런스 역시 빵집 크림빵들의 뺨을 사정없이 갈기는 훌륭한...",https://blog.naver.com/tpwhd669/224315379407,오늘도우당탕,2026-06-14
0a4b662748ef9206ad0f85517cb96328,naver,blog,자취방 양도,KW2,공백기의 존재를 확인하기 위함,"후우,,,,,후.. ..불면은 .. 구멍이 뚫리는 .. ☁️",수현이가 양도해준 루피 퍼즐 들고와서 엄마랑 맞추고 놀았당 왜냐면 나 월요일 연차 ㅎㅎ ㅋㅋ ㅎㅎ... 민주 자취방에서 해 질 때까지 누워있었음 셋이. ㅋㅋㅋㅋㅋㅋㅋㅋㅋㅋ 이게 서른이다 ..~ 날씨가 너무...,https://blog.naver.com/dltmfvka/224315238322,이슬로그:D,2026-06-14
3ae8803932e7aca3da146957757a9eb1,naver,blog,자취방 양도,KW2,공백기의 존재를 확인하기 위함,오타쿠는 말하는 걸 좋아한다,5/3 자취방 귀가 미쿠넨도하나샀어요 씹덕이라면 미쿠 넨드로이드는 가지고있어야되니까 씨발...!!!!!!!!!... 먹어봤는데 양도 딱 적당하고 맛있엇어요 다먹고 칼국수끓여먹으면ㄹㅇ극락 밥 다먹고 엄마랑 카페옴...,https://blog.naver.com/yul0610_/224315050611,안녕하세요,2026-06-13
1164faef9c5652b59ffd38f0cd860123,naver,blog,자취방 양도,KW2,공백기의 존재를 확인하기 위함,설연휴 세부로 도망치기,주섬주섬 자취방에서 출발하기 아후 춥당ㅋ 빈 집은 엄마아빠 놀러왔다가시라고해듐 잘 있다가... 개마시따 양도 개많음 새우 남겨서 싸감 근데도 많아서 남김.. 세부 친구랑 오시라 아까 따수운 인사 받은...,https://blog.naver.com/dodorang-562/224315043477,sumtimessundays,2026-06-13
e8e5c006ebc47b205bf1e229cd8ca4e5,naver,blog,자취방 양도,KW2,공백기의 존재를 확인하기 위함,테팔 팝솥 미니밥솥 자취생 만족도,크기부터 활용성까지 하나씩 살펴보겠심다ㅎㅎ [#작은 공간에 딱 맞는 사이즈] 자취방이나 원룸은 주방... [*1인용부터 2인용까지 활용도 굿] 혼자 먹는 밥은 물론이고 둘이 먹을 정도의 양도 충분히 조리가...,https://blog.naver.com/ttt7442/224311707057,윤대표,2026-06-13
340452aaf80812ba97f204c87b0be0f3,naver,blog,자취방 양도,KW2,공백기의 존재를 확인하기 위함,연휴맞이 울산 방문,한국 자취방은 냉장고가 너무 작고 신선도 유지가 잘 안되어 먹을 수 있는 게 제한될 수밖에 없다. 심지어 난 먹는 양이 적어서 많이 사버리면 버리는 양도 만만치 않기 때문에 먹고 싶다고 막 살 수가 없다....,https://blog.naver.com/lidia1207/224314397345,별의 별 이야기,2026-06-13
5da55f6b2affe14a2b087228cc315836,naver,blog,자취방 양도,KW2,공백기의 존재를 확인하기 위함,소중한건 그렇게 더 빛나는거야,"돼서 양도함… 약속도 깨고 너무 속상했다 근데 그 와중에ㅜㅋㅋㅋㅋㅋㅋㅋㅋㅋ 인증 보냈는데 내... 제 자취방에 와줫어요 ㅈㄴ감동,,, 자취방에서 와인드업 봤는데 연기력이고스토리고뭐고얼굴로압살함...",https://blog.naver.com/gwoo777/224314394133,｡o♡o｡+｡o♡o｡+｡o♡o｡+｡o♡o｡+｡o♡o｡+,2026-06-13
b2d193165e9945469a7fcc23e8a3c0a0,naver,blog,자취방 양도,KW2,공백기의 존재를 확인하기 위함,왜 원룸 자취엔 1~2인용 전기밥솥이 더 실속 있을까?,원룸과 자취방에서는 1~2인용처럼 소량 취사가 되는 밥솥이 더 실속 있고 공간도 밥 양도 맞추기 쉽습니다. 밥을 자주 남기지 않고 간단하게 돌리고 싶을 때 이런 전기밥솥이 먼저 떠오르더라구요. 원룸 자취용...,https://blog.naver.com/obviously55b/224314362496,obviously55b님의 블로그,2026-06-12
d72cc8baca04bb2ff25d31c120b5c7e7,naver,blog,자취방 양도,KW2,공백기의 존재를 확인하기 위함,"하이, 감자 많이 먹어라. (♡)",원래 내 방이었는데 ;;;;;;) 여기 말이랑 양도 있고 신기한 곳이었어.. 04시에 출근해서 13시에 퇴근한 날... (왜냐면 자취방에서 20분이면 걸어감 ..) 여기 밀크티도 팔아 ㅜㅜ ♡ 개맛잇음 흔한 밀크티맛이 아냐...,https://blog.naver.com/lynn_-/224314291275,ふわふわの雲,2026-06-12
97ba17015de2dea4a77e1a0db04f23dd,naver,blog,자취방 양도,KW2,공백기의 존재를 확인하기 위함,원룸 냉장고 추천 찾는다면 쿠잉 레트로 REF-D121 소형냉장고...,원룸 냉장고 추천 찾는다면 쿠잉 레트로 REF-D121 소형냉장고 후기 요즘 자취방이나 홈카페 공간 꾸미는... 특히 혼자 생활하다 보면 보관하는 식재료 양도 많지 않은데 굳이 큰 냉장고가 필요할까 싶더라고요....,https://blog.naver.com/smh6215/224313174474,맹훈이일루와,2026-06-12
d402e9cb4e6cf3c052c3b76382a91f48,naver,blog,자취방 양도,KW2,공백기의 존재를 확인하기 위함,"현대큐밍 WFE908TWA8 통돌이세탁기, 자취방 필수템 등극!","자취방에 딱 맞는 이 컴팩트한 사이즈의 세탁기를 무려 6개월 넘게 사용해보니, 정말 왜 진작 안 샀나... 8kg 용량이라 혼자 사는 저에게는 빨래 양도 충분하고요. 3. 직관적인 조작법: 세탁 코스나 설정 방법이...",https://blog.naver.com/agusywd85vul/224313774596,마음의 꽃 한 송이,2026-06-12
478aeffbd211f37c009a2117e72a5361,naver,blog,자취방 양도,KW2,공백기의 존재를 확인하기 위함,"마리슈타이거 스프레이 밀대걸레, 3개월 써보니 왜 2만개 넘게...","▶ 자취방이나 좁은 공간에 사는 분들 좁은 공간에서 큰 청소기 돌리기 부담스러울 때, 이거 하나면... 분사되는 물 양도 적당하고, 걸레질도 부드럽게 잘 돼요. 묵은 때나 얼룩도 잘 닦이는 편이에요. 물론 아주...",https://blog.naver.com/protsis51954/224313738622,protsis51954님의 블로그,2026-06-12
cf98c1b1d7d8d4bbab0b45bb37c6a4b5,naver,blog,자취방 양도,KW2,공백기의 존재를 확인하기 위함,"아이폰 16 프로 액정필름, 6개월 써보니 이런 장점이?",양도 혼자 먹기 딱 좋을 만큼 넉넉해서 든든했어요. 특히 닭뼈 같은 이물질 없이 깔끔하게 나와서 더... 분 ▶ 자취방에서 간단하게 맛있는 한 끼를 해결하고 싶은 분 편의점 도시락보다 질 좋은 간편식을 찾는...,https://blog.naver.com/lcsm1dvj/224313539605,lcsm1dvj님의 블로그,2026-06-12
d91267cbb3f39dc08b8743f0544d3302,naver,blog,자취방 양도,KW2,공백기의 존재를 확인하기 위함,LG 오브제 건조기 22kg RD22ES 찾아 보셨나요? LG 트롬...,"◆자취방, 원룸, 혹은 갓난아기 옷처럼 소량의 빨래를 자주 하는 분들께 매일 나오는 소량의... 최고급 오브제컬렉션 디자인은 물론, 각 기기의 뛰어난 성능이 결합되어 넉넉한 빨래 양도 문제없이...",https://blog.naver.com/celluloid57756/224313459239,celluloid57756님의 블로그,2026-06-12
3276472a9f0d03311bbed75673ca3026,naver,blog,자취방 양도,KW2,공백기의 존재를 확인하기 위함,십덕질만 가득한 나날...⋆⁺₊⋆,"푸하하하하하하하하하하하하하하하하 자취방 오자마자 바로 붙여줌 문꾸 하느라 요즘 마그넷에도... (원가보단비싸지만,) 양도받앗어요♡♡♡♡ 운학이 따라 산 반지 부끄러워서 잘 낄 수 있을지는 한번 봐야 됨...",https://blog.naver.com/793933/224313195783,ㅇㅇㅇ,2026-06-11
4b0125f5fad88dd21e75f072f9b57c46,naver,cafe,자취방 양도,KW2,공백기의 존재를 확인하기 위함,남자 입장에서 이러면 기분 ㅈ같음?,님이 부동산 중개인 없이 에타 통해서 자취방 양도받기로 해서 집 보러 왔는데 양도해주기로 한 사람(여자)가 집 볼 동안 현관문 열어두는 거,http://cafe.naver.com/pnmath/4016348,포만한 수학 연구소,
1b5a9aa5ffc16d2425abd9f2753d98c7,naver,cafe,자취방 양도,KW2,공백기의 존재를 확인하기 위함,"주방 싱크대 멀티탭 거치대, 물 튀는 걱정 줄여준 의외의 필수템!","먼지 쌓이는 양도 줄어드는 느낌이었구요. 주방 싱크대 멀티탭 거치대 3번, 선 정리가 의외로 잘 됩니다 자취방 주방 보면 전선이 은근 많습니다. 전자레인지, 전기포트, 밥솥, 커피머신, 에어프라이어까지... 정신 차려보면...",http://cafe.naver.com/lusi7878/2221,루시 &lt;생활용품 정보 커뮤니티&gt;,
689175997810478fa92c2e16f465690a,naver,cafe,자취방 양도,KW2,공백기의 존재를 확인하기 위함,자녀가 대학에 재학하며 부모가 직접 운영하는 사무실의 사무원으로 근무하고 급여를 받은 경우 세법상 독립...,"대학 근처의 자취방이나 별도의 주거지에 거주하면서 발생한 임대차계약서, 월세 송금 내역이 자녀 본인의... 그러나 만약 학업 등의 이유로 실제 상시 근무가 어려웠음에도 급여 형태만 맞추어 둔 것이라면, 향후 양도소...",http://cafe.naver.com/greentto86/2634,법하는삼성회장,
3cb8264e946c6f80ed3a57081ec02188,naver,cafe,자취방 양도,KW2,공백기의 존재를 확인하기 위함,대학생 딸 안심하고 보낼 수 있는 여성 전용 쉐어하우스,"여성전용 쉐어하우스 양도합니다 대학생 자녀분 자취방을 알아보고 계신 부모님들께 추천드립니다 ✔ 위치 : 각원사길 30-1 ✔ 상명대학교, 호서대학교 인근 ✔ 여성 전용 쉐어하우스 ✔ 계약기간 : ~ 2027.02.24 ✔ 객실...",http://cafe.naver.com/camsbaby/1025165,"천아베베(천안맘,아산맘)",
724481c82a9dddb48d6a9029a2deb537,naver,cafe,자취방 양도,KW2,공백기의 존재를 확인하기 위함,"나사렛, 단대천안, 상명대 자취방 양도",통학할 수 있는 거리는 아닌 것 같고 방학기간에 자취방 양도 받고 싶은데 아시다시피 제가 남의 학교 에타에 들어갈 수 있는 방법이 없어서요ㅠㅠ 혹시 제가 도움을 받을 수 있을까요..? 실습이라 집에서는 잠만 잘 것...,http://cafe.naver.com/suhui/29544927,"수만휘-수능,공부,입시,재수,편입,기출...",
7eafd1d6aab9f1d4cad5131aa31b6fd9,naver,cafe,자취방 양도,KW2,공백기의 존재를 확인하기 위함,"와,,, 정리해서 보니까 가격이 상당하네요...","자취방의 절반이 피규어로 가득차게 생겼습니다 ㅋㅋ 살려주시라요... 아래는 추후 구매할 친구들인데, 뭐... 어떻게든 안되겠습니까? ㅋㅋㅋㅋ 이대로 쭉 유지해서 가면 내년 2분기 쯤이면 아래 사진처럼 거진 구성...",http://cafe.naver.com/figurenoliter/11263,피규어 놀이터,
0a5b7a2fc5f823eacbe57c482b98dba9,naver,cafe,자취방 양도,KW2,공백기의 존재를 확인하기 위함,[세 번째 휴가] 드디어 50% 뚜러따. | 말랑이 사러 동묘 나들이,31 이 때 부 터 복귀가 점점 다가오고 있다는 걸 실감합니다 ㅜ 저는 먼저 자취방으로 왔구 뒤따라 꾸나가 제... 찐득해요 ★★✩ 여기 들기름이 진짜 美味 양도 많구 완전 맛있게 먹었어요! 요 가게 바로 앞에 불이 조금...,http://cafe.naver.com/komusincafe/5199374,"곰신카페(고무신)-육군,공군,해군,해병...",
28faf71c7767ddbb5e976989f01e18b5,naver,cafe,자취방 양도,KW2,공백기의 존재를 확인하기 위함,✨✨계명대 원룸✨✨2학기 복학 준비 ✅지금부터 보셔야 합니다. 깨끗하고 좋은방은 지금부터~,"맞는 자취방” 찾으려는 분들 많죠? 그런데 계명대 원룸은 좋은 방일수록 빨리 빠집니다. 특히 강창역... 현재 사용 중인 침대는 기존 세입자가 따로 구매한 제품인데, 상태가 좋아 원하시면 저렴하게 양도 가능합니다...",http://cafe.naver.com/dgmom365/7310328,"대구맘 365 - 결혼, 임신, 출산, 육아...",
616aba87d93033b934601e7e3114f037,naver,cafe,자취방 양도,KW2,공백기의 존재를 확인하기 위함,여수 순살 국내산 손질 바다장어 붕장어 아나고 후기,"특히 자취방이나 전세집에서는 연기나 냄새도 걱정이고, 먹고 나서 남은 뼈 쓰레기 처리하는 것도 보통... 팩마다 2미씩 총 7팩(14미) 구성이라 양도 넉넉해서 한 번 사두면 냉동실에 정리템처럼 넣어두고 하나씩 꺼내 먹기...",http://cafe.naver.com/livingwellpeople/139,잘사는 사람들,
1718137787dc84ff516b629caa7b05b7,naver,cafe,자취방 양도,KW2,공백기의 존재를 확인하기 위함,광흥창역 도보 5분 여성전용 쉐어하우스 양도,"쉐어하우스에서 지내는 동안 위치도 정말 편하고, 집도 조용하고 깔끔해서 계속 여기서 살까?라는 생각을 하던 중에 원하던 자취방 계약을 하게 되어 양도 올리게 되었습니다! 집 구조 : 6명이 30평대 아파트에 같이 사는...",http://cafe.naver.com/kig/19518908,ㆍ피터팬의 좋은방 구하기ㆍ,
3eaed08a41d632816aec4e3e76da0d0a,naver,cafe,자취방 양도,KW2,공백기의 존재를 확인하기 위함,"애드크로스 신통방통 욕실청소왕 주방청소왕 다목적 세정제 총평, 청소 시간 단축에 최고","넉넉한 용량과 실용성, 청소 필수템으로 자리 잡았어요 500ml 용량 6개 세트로 구매하니 양도 넉넉하고 정말 든든했어요. 특히 자취방이나 좁은 공간에서는 청소용품을 여러 개 둘 필요 없이 하나로 충분해서 공간 절약...",http://cafe.naver.com/polobabystort/7323,★★ 베이비스토리★★,
b67e2348062f99e7314e80cf91223ae9,naver,cafe,자취방 양도,KW2,공백기의 존재를 확인하기 위함,Arturia KeyLab 61 MK3 판매합니다,정보 자취방블루스 상품 더보기 〉 채팅하기 구매하기 상품 상세 !!! Essential 버전 아닙니다 !!! 방에... 구매시 받은 가상악기도 양도해 드립니다. 010-4칠6오-8이7팔 https://ringoshop.kr/amp/product/detail.html?product_no...,http://cafe.naver.com/joonggonara/1129793076,중고나라,
690a65f644be6949ed2db5b72c755b28,naver,cafe,자취방 양도,KW2,공백기의 존재를 확인하기 위함,집들이 선물로 한우 사가는거 오바임??,내용 → 친구가 자취방 이사해서 다음주에 집들이 가는데 뭐 사갈까 고민하다가 그냥 고기로 통일하자... 머리 아픔 둘이서 구워먹기 좋은걸로 추천좀ㅠㅠ 양도 잘 모르겠어 500그람이면 충분한가? (둘 다 마른편) 아 그리고...,http://cafe.naver.com/wjsansaudwjd/30250,육해공 직거래 장터 - 소/돼지/닭/생선...,
b8c73e839cfb1e2290358922c3b263b0,naver,cafe,자취방 양도,KW2,공백기의 존재를 확인하기 위함,1+1 살림백서 천연 지수81% 샴푸 500ml 약산성 퍼퓸 1+1 500ml 정수리냄새 샴푸 후기 사용감 정리,"가장 많이 쓰는 건 물론이고, 자취하는 집에서 양도 넉넉해서 더 맘에 들었어요. 처음 개봉했을 때 느꼈던... 몇 가지 아쉬운 점과 참고할 만한 점 구성품이 크기 때문에, 자취방에선 용량이 좀 넘치는 것 같기도 하고...",http://cafe.naver.com/kangseokorea/1525,서울 강서 가이드 서울 강서를 사랑하...,
366968d13da4da5dc2347fe47226cd15,naver,cafe,자취방 양도,KW2,공백기의 존재를 확인하기 위함,삼성 세탁기 ww90j3000kw 완전 역대급 세일!,"콤팩트함 속 스마트한 공간 활용 ""소형 세탁기""라고 하면 왠지 모르게 성능이 부족할 것 같고, 빨래 양도... 원룸이나 자취방에서는 마치 가구처럼 어느 곳에 두어도 어색함 없이 공간을 빛내주는 단독 설치...",http://cafe.naver.com/ourman/333863,필리핀 세부 캡슐트레블 - 자유여행/맛...,
7cef66c753c18c50df1e760643c9f0c6,naver,cafe,자취방 양도,KW2,공백기의 존재를 확인하기 위함,애슐리 주먹밥 김치콘치즈 데리참치마요 10개 실사용 리뷰,양도 삼각김밥보다 더 많아서 가성비가 말도 안 되는 수준이에요ㅎㅎ 냉동이라 유통기한도 넉넉하고 급할 때 꺼내먹기 딱 좋거든요. 자취생한테 이런 게 진짜 갓성비 아이템이에요. 자취방 냉동실에 이거 없으면...,http://cafe.naver.com/uouv96/8825,오늘도 달린다 ㅣ영업·창업·부업 ㅣ...,
c92d1eff763d971b166e7474bd40d726,naver,cafe,자취방 양도,KW2,공백기의 존재를 확인하기 위함,[완료] 월세 27만원 / 태평역 3분 채광 좋은 1인실 (10만원 지원),"제가 5월 30일에 자취방으로 이사하게 되어, 6월 한 달간 단기로 지내실 여성분을 찾고 있습니다! 긴급 양도 사유 및 혜택 운영상의 사정으로 해당 쉐어하우스가 6월 말까지만 운영하게 되었습니다. 상황에 따라 7월...",http://cafe.naver.com/kig/19508537,ㆍ피터팬의 좋은방 구하기ㆍ,
2545bc45e3b4f52070ad64f029c8fb81,naver,cafe,자취방 양도,KW2,공백기의 존재를 확인하기 위함,모리앤 분갈이세트로 집사가 인정한 식물맞춤 핵꿀조합,"모리앤 분갈이세트로 집사가 인정한 식물맞춤 핵꿀조합 우리 집 식물 자취방을 꾸며봐요 모리앤 분갈이 3종... 모리앤 분갈이 3종 세트에 들어있는 다용도배양토가 8L나 돼서 양도 진짜 푸짐하고, 세척마사토도 깨끗하게...",http://cafe.naver.com/bonmamon/846,봉마몽,
3c28a3dc0966365322682941ef75b917,naver,cafe,자취방 양도,KW2,공백기의 존재를 확인하기 위함,(창작)컴퓨터 규칙,(첫 작품이라 모자란 부분이 있을 수 있습니다.) 난 독립을 하게 되면서 본가에 있는 짐을 자취방에 옮기게... 난 깨달았다 이미 늦었다는 것을 8.이제품을 사용할 때 ₩^@&₩^₩ 현상이 발생하면 양도하세요. 그게 너의...,http://cafe.naver.com/semomi1/5191,세상의 모든 미스테리 : 세모미 팬카페,
7d066e089c6f23387c117ccab7d2fe38,naver,cafe,자취방 양도,KW2,공백기의 존재를 확인하기 위함,5월 포켓몬 콜라보 잘 보내고 계신가요? 저는 최악입니다.,시작하자마자 강남에서 친구꺼까지 포함해 총 2개를 구매했고 친구가 저에게 키캡키링만 양도하여 본가인... 05월 01일 구매를 했고 저는 확인 당시는 대전에 있으며 자취방 위치는 경기도 남양주이기에 강남까지 환불을...,http://cafe.naver.com/pokegeneration/3007839,지금은 포켓몬 시대!,
f6f97e2141b96a9680d115b2b1c838c1,naver,cafe,자취방 양도,KW2,공백기의 존재를 확인하기 위함,"60L 제습기, 여름 장마철 완벽 해결사!","많은 양도 제거할 수 있어서 시간을 절약할 수 있었답니다. 가격은 124,000원인데, 가성비도 괜찮은 것 같아요. 물론 비싼 제품도 있지만, 저의 작은 원룸에서는 이 정도면 충분하다는 생각이 들어요. 여름철 자취방에서...",http://cafe.naver.com/grfsmh/618,그래피티 스매시,
7bd6a45707fd7934353139d16a4a1f8e,naver,cafe,자취방 양도,KW2,공백기의 존재를 확인하기 위함,(질문) 혼자 수술하시는 분들 주변 원룸/오피스텔 어떻게 구하셨나요 ??,"살면서 연장하려고 합니다 주변에 원룸이나 오피스텔을 구해야하는데 어떻게 해야할 지 조언 부탁드립니다 ! 혼자는 처음이라 근처 부동산을 갈지, 자취방처럼 앱으로 구할지, 그것도 아니면 양도를 받을지 궁금하네요 ㅠ",http://cafe.naver.com/osyim/36050,키수술카페 사지연장술 속성연장 프리...,
c46bb7e38aa54cc03514d63869bd7224,naver,cafe,자취방 양도,KW2,공백기의 존재를 확인하기 위함,주방이 넓어지는 마법! 라임키친 올 304 스텐 식기건조대 사용기,4인 가족 설거지 양도 생각보다 넉넉하게 수납되어 실용적인 식기건조대 추천 아이템이었어요. 칼꽂이도... 자취할때부터 그릇 욕심이 많아서 그릇을 많이 썼는데 자취방은 부엌이 좁아서 식기 건조를 할 공간도...,http://cafe.naver.com/dbsinforest/535,"모여봐요, 정보의 숲",
a77d2c45de2f0ce73998e2a3d9888ed8,naver,cafe,자취방 양도,KW2,공백기의 존재를 확인하기 위함,광주로 이사가고 싶어요ㅜ,⊙ 비하 · 비아냥 · 비난 · 논란글 금지 ⊙ PC기준 3줄 미만 및 성의없는 글 무통보 삭제(사진은 3줄인정안됩니다) ⊙ 2군호랑이이상 모든 등급 = 양도·판매·교환·나눔게시판 제외 하루 5개까지 가능...,http://cafe.naver.com/kiawin/1327970,V13을 위하여 응원하는 타이거즈,
6e9be4ee954fd24f8863928ce8966ead,naver,cafe,자취방 양도,KW2,공백기의 존재를 확인하기 위함,"코멧 일회용 변기 클리너 대용량 브러쉬 24입 + 핸들 +전용고리 세트, 혼합색상, 1개 리뷰 청소 스트레스를...","세정액 양도 부족하지 않아 중간에 멈추지 않고 한 번에 끝내기 편했습니다. 짧게 청소해도 깔끔함과... 자취방, 아이 있는 집, 치과 같은 다중 이용 공간까지 폭넓게 쓰인다는 후기가 인상적이었습니다. 11,590원에 37% 할인...",http://cafe.naver.com/15802/38957,갤럭시s호핀 공식1호 사용자모임 SHW-...,
93d3e6cff7fe4ac2ab34d692065e10a1,naver,cafe,자취방 양도,KW2,공백기의 존재를 확인하기 위함,서문 근처 자취뱡 양도합니다!,"안녕하세요, 로스쿨 1학년 때부터 졸업 때까지 3년간 불만 없이 사용한 자취방 양도를 위해 글을 올립니다. 개인 사정으로 변시 이후 이제서야 방을 빼게 되었는데, 만족도가 높은 방이었어서 기왕이면 로스쿨...",http://cafe.naver.com/yslysl/3143,연세대학교 법학전문대학원,
c87a8fbf48d1092dd7086679e9ce0d71,naver,cafe,자취방 양도,KW2,공백기의 존재를 확인하기 위함,LG 2도어 냉장고 / 1~2인 가구 추천 / 이사 정리,"냉장고 양도합니다. 깔끔한 화이트 색상이라 어느 공간에나 잘 어울리고, 1~2인 가구나 자취방에서 사용하기 좋은 사이즈입니다. 약 25만 원 정도에 구매했고, 이사 정리로 저렴하게 내놓습니다. 단기간 사용한...",http://cafe.naver.com/joonggonara/1128735948,중고나라,
7736968443c90c722d3a201bda29be53,naver,cafe,자취방 양도,KW2,공백기의 존재를 확인하기 위함,오늘 먹은 거 자랑하기~!!,양도 많고 너무 맛있는 가게인데 자취방이랑도 가까워서 종종 갈 듯 합니다ㅎㅎ 그리고 저녁은!! 짠 텐동 한상 먹었습니다 카츠랑 고민하다가 소바도 먹고 싶어져서 미니 소바를 같이 주는 텐동 한상을 시켰답니다...,http://cafe.naver.com/myomyohouse/8,묘묘하우스,
dd827dcbdcf01f51ea41d84642da6c8b,naver,cafe,자취방 양도,KW2,공백기의 존재를 확인하기 위함,"코멧 일회용 변기 클리너 대용량 브러쉬 24입 + 핸들 +전용고리 세트, 혼합색상, 1개 리뷰 청소 스트레스를...",세정액 양도 부족하지 않아 중간에 멈추는 불편이 없었어요. 짧게 문질렀는데도 결과가 보여서 만족감이... 자취방부터 치과 같은 업무 공간까지 활용도가 높다는 점도 인상적이었어요. 한 번 써보고 나니 여러 개 쟁여두고...,http://cafe.naver.com/wedstory95/47211,신랑신부결혼이야기-결혼준비/웨딩홀/...,
9a33dbc7096db051d48dc0430bb7dc42,naver,cafe,자취방 양도,KW2,공백기의 존재를 확인하기 위함,[여성전용/전입신고 가능] 성남 태평역 도보 3분 거리 쉐어하우스 1인실 양도합니다. (한달도 가능),1년 6개월 동안 살다 자취방으로 이사 가게 되어 급하게 세입자를 찾습니다! 다른 룸메분들도 모두 1년 이상 거주하실 정도로 룸메분들 다 좋으시고 집 컨디션도 만족스러웠습니다. • 위치 : 성남시 수정구 수인분당선...,http://cafe.naver.com/ilovesharehouse/50493,아이러브쉐어하우스[셰어하우스운영홍...,
41a96088dcffe6151ae7e9480a655c42,naver,cafe,자취방 양도,KW2,공백기의 존재를 확인하기 위함,사무실 제습기 화장실 습기 제거 목욕탕 원룸 자취방 요약핵심집약,"사무실 제습기 화장실 습기 제거 목욕탕 원룸 자취방 요약핵심집약 습기 문제 해결! 사무실 제습기 사용... 사무실 크기에 딱 맞는 크기로, 하루에 제습할 수 있는 양도 충분했어요. 큰 사무실이 아니라면 이 정도면...",http://cafe.naver.com/moviedowncow/3301,IBM 투자 그룹 ▶ NO.1 수익재테크,
65cd2975543d449ad7ea21377d220b11,naver,cafe,자취방 양도,KW2,공백기의 존재를 확인하기 위함,《세상 친절한 증여상속》 서평단원 모집(~4/12),"- 자취방 보증금으로 빌린 돈에도 증여세가 붙을까? - 증여공제와 상속공제, 어떤 차이가 있을까? - 용돈 대신... - 부모 자녀 사이에 ‘양도’는 없다 - 추정까지 해가며 증여세를 부과하는 이유, 우회양도 - 부모에게...",http://cafe.naver.com/buffettclub/2546,버핏클럽,
28a9ca413014955325ad18809cbfbb41,naver,cafe,자취방 양도,KW2,공백기의 존재를 확인하기 위함,"여러 기종, 오랜 시간을 돌아 다시 W","창원에서 트로이를 타고 대전에 미리 예약된 구매자를 만나 양도했고, 버스를 타서 인천에 도착 후... 전국투어 중의 회원과 연락이 닿으면 제 자취방에서 잠도 재워주곤 했었어요. 국내에 포쉬머플러가 없었는데...",http://cafe.naver.com/kawasakiw/16401,"KAWASAKI ""W""",
d2061d1879836b5469b36841c047e11f,naver,cafe,자취방 양도,KW2,공백기의 존재를 확인하기 위함,도로시 쉐어하우스 양도합니다.(천안 쉐어하우스 양도),개인사정으로 학기 중 급하게 휴학하게 되어 양도 구합니다. 위치는 두정역이안더센트럴입니다. 2인실... 급하게 자취방이나 기숙사 나오신분에게 추천드려요! 궁금하신 내용있으면 언제든지 편하게 연락주세요!!,http://cafe.naver.com/ilovesharehouse/50127,아이러브쉐어하우스[셰어하우스운영홍...,
8b0ab1ec98c8fb9144cf891fd1f17cee,naver,cafe,자취방 양도,KW2,공백기의 존재를 확인하기 위함,신혼집 랜선집들이! 주말부부의 원룸 신혼집 구경하세요~,"월세로 사는집이라 가전은 냉장고만 구매했고, 다른 가전 가구는 다 전 세입자분꺼 양도받았어요~! 감사히도... 그냥 혼자사는 자취방같았는데 그래도 스튜디오에서 찍은 액자도 가져다 놓고, 이렇게 결혼준비할때마다...",http://cafe.naver.com/directwedding/8751847,다이렉트 결혼준비,
56e615e6338bd759e8fccde679b6ed2d,naver,cafe,자취방 양도,KW2,공백기의 존재를 확인하기 위함,"살림공간 소스통 화이트캡 + 라벨 18종 후기, 제각각 소스병을 한 번에 정리하는 냉장고 리셋템","지금은 같은 모양의 소스통이 줄 맞춰 서 있으니 보는 순간 내용물도, 남은 양도 한눈에 들어옵니다. 남편도... 단순히 ‘예쁘게 정리’가 아니라 누가 봐도 한눈에 구분되는 실용적인 라벨이라서 가족이 많은 집, 자취방...",http://cafe.naver.com/movie/43156,[영화를 조아라 하고..],
41f1c767ff0a21190e444ac6daff93a7,naver,cafe,자취방 양도,KW2,공백기의 존재를 확인하기 위함,저도 이번 방앙 타벅 식당 후기 남깁니다.,"저는 좋았거든요...고기 잡내도 안나고, 양도 괜찮았고, 그냥 앙헬에서 먹는 김치찌게랑 큰 차이를... 이상하게 타벅식당을 가면 추억을 자꾸 불러 일으키는데,,,,, 옛날 자취방에서 늦게 일어나서 슬리퍼 질질 끌고,,,머리는...",http://cafe.naver.com/angeleshyu/10010,앙헬레스휴 - 필리핀 앙헬레스 클락 여...,
642691b4e083371ec611ddef5d3e69db,naver,cafe,자취방 양도,KW2,공백기의 존재를 확인하기 위함,오래된 묵은 곰팡이까지 제거하는 곰팡이제거제 추천 욕실화장실싱크대 청소템 무료배송이벤트,"아이 있는 집이나 자취방처럼 좁은 공간에서는 쓰기 참 꺼려졌는데, 이 제품의 가장 큰 반전은 냄새가 많이... 기존에 타사 곰팡이 제거젤이 있는데 짜기도 힘들고 양도 적어 몇번 쓰면 끝나서 아쉬웠는데 이번에 구매한...",http://cafe.naver.com/zeronesuri/119,제로원 브이텍 영일티에스,
fb215448bb27a9657023651c21cef955,naver,cafe,자취방 양도,KW2,공백기의 존재를 확인하기 위함,정오기도,동생 자취방 앞까지 태우러 갔지요 그렇게 시간이 흐르고 집근처 ㅇㅇ휴게소라며 아들이 전화가 옵니다 전화기 너머로 *엄마 간식 사갈까* 아들의 따뜻한 배려의 한마디에 웃음이 났습니다 아들은 동생을 마중 가면서...,http://cafe.naver.com/batkuk1009/3441,선교기도회,
0ab9313a566f5fdb3bcf8d2df42bac81,naver,cafe,자취방 양도,KW2,공백기의 존재를 확인하기 위함,RG19KN 미친 폭탄 특가,"좁은 원룸이나 자취방에 빨래 건조대가 빨래로 가득 차 숨 막히거나, 비 오는 날이면 눅눅하고 퀴퀴한 냄새... - 신혼부부:- 둘이 되니 빨래 양도 늘어나는데, 아직 큰 건조기는 망설여질 때! 급하게 말려야 하는 옷이나...",http://cafe.naver.com/onlygame/101997,돈주는녀석들 -KT SK LG 인터넷가입 현...,
b61ba2356a1fdb7cc95dce4243d8b0ce,naver,cafe,자취방 양도,KW2,공백기의 존재를 확인하기 위함,케인님에게 감기 옮기 프로젝트 지원,케인님에게 양도되오니 케인님은 제 신체를 팔아 한탕을 하셔도 됩니다 이 내용은 지하실에 입주하기 전... 제 자취방에서 하나하나 몸속으로 주입하겠습니다 그 후 남은 증거들은 불에 태워 확실하게 처리하여 혼자 독감에...,http://cafe.naver.com/kanetv/84176,케인TV 팬카페,
9678d6f5f94e7415329c4ff1f6dfb3fd,naver,cafe,자취방 양도,KW2,공백기의 존재를 확인하기 위함,"신일 스텐 탈수기 7KG, 빨래 지옥에서 벗어나 뽀송한 일상으로 초대하는 구매 소감!","작은 빨래는 물론, 세탁기 한 번 돌리기 애매한 양도 거뜬하죠. 강력한 모터가 시원하게 물을 뽑아내 바닥에... 자취방에서는 부족한 세탁기의 탈수력을 보완하고, 요양원에서는 하루에도 몇 번씩 교체되는 개인 수건과 침대...",http://cafe.naver.com/infini/2355,여러분들을 위한 인피니 생활정보,
b86e15c0efaa08ce94985f09d333fe33,naver,cafe,자취방 양도,KW2,공백기의 존재를 확인하기 위함,회생신청후 채권양도통지서가 본가로 가는 경우가 있나요?,"부채등 ) 양도통지우편물이 집으로 간거 같습니다. 작년 여름부터 집에서 나와서 따로 자취 중인데, 이번... 현재 개인회생 진행 사실을 부모님께 아직 말씀드리지 않은 상태라서, 이런 우편물이 왜 제가 사는 자취방이...",http://cafe.naver.com/creditforyou/30787,함께하는 개인회생/파산 상담실,
767e4db0d643ba64172d0ca782fad63e,naver,cafe,자취방 양도,KW2,공백기의 존재를 확인하기 위함,이사재지정 질문,근데 사회복무요원 월급으로 도저히 생활을 유지하기 어려워 (마이너스 통장 사용중) 자취방을 양도하고 본가로 다시 전입신고를 하고싶은데 이 사유로 재지정이 될까요?...,http://cafe.naver.com/webcenter/1003345,◈ 미필자 정보공유 카페 ◈,
7829d63b33d1ab718c004185be70440c,naver,cafe,자취방 양도,KW2,공백기의 존재를 확인하기 위함,늙었어,양도 엄청 줄여서 했는데 왜 손가락이 아파서 잠이 안오나요 ㅠㅠ 또또 매운 등갈비 이제 명절 음식으로... 자취방으로 다시 턴. 남은 살림살이 차 뒷자리까지 다 밀어넣고 광주로 돌아옵니다. 손가락도 아프고 배도 고프고...,http://cafe.naver.com/staub/290329,스타우브 홀릭,
99a8d27918cc4334686f1836566c7aa7,naver,cafe,자취방 양도,KW2,공백기의 존재를 확인하기 위함,신림역 자취방 양도합니다,"2/24 이후로 언제든 입주 가능하며, 집주인에게 양도 허락도 받았습니다! 벌레도 거의 본 적 없고, 여러모로 괜찮은 위치에 집주인 분도 좋으셔요!! 관심 있으신 분 쪽지 주시면 방 사진 보여드리겠습니다.",http://cafe.naver.com/kcidorcen/2974908,"독편사-편입,수능,편입영어,학원,학은...",
9eb713049a8cfbe5eb238ad8ea5b6dbb,naver,cafe,자취방 양도,KW2,공백기의 존재를 확인하기 위함,lg 유플러스 인터넷 양도,"부담스러우신분, 자취방 혹은 사무실에서 저렴하게 이용하실분 •설치비 포함해 현금 10만원 지원해드립니다. 양도 받으실 분 연락 주세요! ?? 나도 상품 등록하기 〉 거래 전 주의 사항 - 중고나라 앱에서 등록된...",http://cafe.naver.com/joonggonara/1125429581,중고나라,
0c2fff8439ee74f11da8863b8997ffa3,naver,cafe,자취방 양도,KW2,공백기의 존재를 확인하기 위함,기숙사 준비물,처음 기숙사를 보내게 되어서 이불 베개 수건등 기본적인거 말고 꼭 챙겨야하는게 있을까요? 생각이 나지 않아서 먼저 보낸 선배맘님께 조언구해봅니다~~^^,http://cafe.naver.com/ohanggong/1767556,&lt;오행공&gt; 오산맘들의 행복한 공간,
e1353bf79d27c85159380d1a1e9c7a18,naver,cafe,자취방 양도,KW2,공백기의 존재를 확인하기 위함,서울대 원룸 지역 비교 도움 주세요~~^^,"네이버 지도 보고 서울대 원룸을 구하려 보니 신림동 고시촌, 서울대 입구역, 낙성대 근처 이렇게 세지역으로 나눌 수 있겠더라구요 자금이 넉넉치는 않아서요 세지역의 교통편, 월세, 안전 등 비교해 주실 분 계실까요?",http://cafe.naver.com/suhui/29462446,"수만휘-수능,공부,입시,재수,편입,기출...",
589ab1c679f816ddf7f37d5388f9ec21,naver,cafe,자취방 양도,KW2,공백기의 존재를 확인하기 위함,상명대 천안 자취방 구하시는분 계시나요???,"기숙사 만큼 학교가 가깝고 아파트라 cctv 경비아저씨 계셔서 마음이 놓으실꺼에요. 보증금 30드렸는데, 20만원만 받고 양도해드립니다. 나중에 30만원 받으시면 됩니다. 방 보시고 싶으시면 주인분 연락처 드릴게요.",http://cafe.naver.com/suhui/29459212,"수만휘-수능,공부,입시,재수,편입,기출...",
a51f803932805d6cef3bca96599d4cac,naver,cafe,자취방 양도,KW2,공백기의 존재를 확인하기 위함,미니 압력밥솥 소형 전기 캠핑 2.3인용,"큰 밥솥은 양도 애매하고 전기세나 자리 차지도 은근 신경 쓰이고요. 그래서 자연스럽게 미니 전기밥솥, 소형... 주방이 작은 원룸이나 자취방에서도 부담 없이 놓을 수 있는 사이즈입니다. 소형 압력밥솥 찾는 분들이라면...",http://cafe.naver.com/notipnobuy/407,노팁 노바이┃상품·추천·후기┃구매...,
91abbfd3e5fb67d4ca304e8b912708de,naver,cafe,자취방 양도,KW2,공백기의 존재를 확인하기 위함,세번째날 배우들의 일지,"선배한테 양도하겠다고 했다. 5.바로 직전 상황은? 나는 아버지 기일이라 12월 25일 집에서 같이 아버지를 위한 기도를 드렸다. 그리고 저녁을 먹고, 같이 빨래를 개고있다. 6.인물의 장면 목표는? 엄마가 내 자취방...",http://cafe.naver.com/bluefsp5d/325,Flow Production,
926dc1eee3bdfeba26c6316b40982443,naver,cafe,자취방 양도,KW2,공백기의 존재를 확인하기 위함,오움 비건 말차 크런키 떠먹크,길음역에 있는 곳이에요 저는 자취방이 가까워서 자주 가요!! 배달도 시켜먹고..! 사브레 쿠키가 저 콩볼같이 생긴건데 정말 맛있습니다 뭔가 버터향기가 더 풍미있는 거 같아요 양도 적당한 거 같고 초코랑...,http://cafe.naver.com/thebbangs/283126,빵소담; 소담 소담 빵소담 - 동네빵집...,
1c2292c2f157dff7d67b67b35bdcad07,naver,cafe,자취방 양도,KW2,공백기의 존재를 확인하기 위함,땅콩빵~~,제가 땅콩빵을 정말 좋아하거든요~~~ 근데 파는곳이 잘 없어요ㅠ 서울엔 있던데...ㅠ 아들녀석 자취방근처엔 정말이지 종류별 먹거리가 다~~ 있어요 ㅠ 부럽.. 갈때마다 5천원어치 사먹곤했는데... 양도 적어요 ㅠ 근데...,http://cafe.naver.com/gochonmon/152686,김포고촌맘,
c04beb962f5693aee4b5a88e504ccd9e,naver,cafe,자취방 양도,KW2,공백기의 존재를 확인하기 위함,현빈을 만나러 알함브라로~~~^^,한국서 가지고 온 건 자취방에 두고 상비용은 이미 제 어깨에 다 써 버려서 ㅠㅠ 저녁은 이것저것 해서 또... 엄청 바삭하고 짜지도 않고 양도 엄청 많아요.. 매운 치토스는 미국서 먹던건데 여기도 있더라구여^^ 마지막...,http://cafe.naver.com/thaiinfo/655400,태초의 태국정보(태국자유여행/방콕/푸...,
74811234ee8f08c6f8d614dd90b226e4,naver,cafe,자취방 양도,KW2,공백기의 존재를 확인하기 위함,중앙대 원룸,혹시나 게시판 성격에 맞지 않는 글이라면 삭제하겠습니다 저는 중앙대 졸업생이고 직장 때문에 이사가게 되어서 학교 다니는 동안 지냈던 자취방을 양도 중이에요 전세 5000만원이고 학교에서 도보 3분 거리입니다....,http://cafe.naver.com/suhui/29407571,"수만휘-수능,공부,입시,재수,편입,기출...",
469e73ce84e014510ebafd886da14864,naver,cafe,자취방 양도,KW2,공백기의 존재를 확인하기 위함,1인가구 자취방 세탁기 렌탈 용량 사이즈 추천드립니다,1인가구 자취방 세탁기 렌탈 용량 사이즈 추천드립니다 1인가구 세탁기 용량을 반드시 알아야하는 이유는?... 4인 가구라면 그만큼 세탁물 양도 늘기 때문에 17kg 이상 대용량 세탁기가 적합합니다. * 용도에 맞춰...,http://cafe.naver.com/ayshh/165792,아영이네 행복주택 공식카페-공공장기...,
d54b940a51168a489e474f775f5bf528,naver,cafe,자취방 양도,KW2,공백기의 존재를 확인하기 위함,우리집에 필요한 소형가전 미닉스 음식물 처리기 더플렌더 PRO 강추⭐,저는 자취만 10년차인데요 매번 자취방에서 음식물쓰레기 처리 때문에 고민이 정말 많았어요（；´д｀）ゞ... 처리 후 남는 양도 확 줄어서 일반쓰레기로 버리기도 편하구요. 신혼집처럼 음식물 양이 많지 않은 집에는 특히...,http://cafe.naver.com/directwedding/8501246,다이렉트 결혼준비,
ebbab20c61f027d5b430f3b310e2775c,naver,cafe,자취방 양도,KW2,공백기의 존재를 확인하기 위함,인하대 자취방 구하시는분 300-40,혹시 인하대근처 자취방 구하시는분 계실까요? 보증금 300에 월세 40입니다. 신입생 저희애 방 구했는데 오늘 기숙사 추가합격 되었다고 연락받아서 양도하려고 합니다. 원룸이고 욕실 깨끗하고 인하대 후문에서 6분쯤...,http://cafe.naver.com/suhui/29395473,"수만휘-수능,공부,입시,재수,편입,기출...",
a8b6dbca5f383226dbf85a8e7c46eadc,naver,cafe,자취방 양도,KW2,공백기의 존재를 확인하기 위함,어느 누드모델과의 사랑 B,"나는 그짓이 참 이상하게 보였는데 박양도 동윤이도 별로 간섭을 하지 않았습니다. 동윤이가 박양의 엉덩이를... 그 바로 뒤 자취방인데 짜장둘에 삼짜하나요."" 주문하는 동윤이의 목소리를 뒤로 하고 중국집으로 들어 가...",http://cafe.naver.com/erobarx/35331,불꽃♡놀이,
12a5fee0f83f39df14d31acfc81d0261,naver,cafe,자취방 양도,KW2,공백기의 존재를 확인하기 위함,김치피자탕수육,제가 좋아할거 같다고 현지에서 인증샷도 찍어왔네요 양도 정말 많고 웨에팅도 많다고 합니다 조만간에 이거먹으러 공주에 꼭 가야할거 같습니다 피탕김탕 공주에서는 유명한 집이라고 하네요,http://cafe.naver.com/nyamnyam/281047,대전의 맛집멋집,
6659713fa500e4670b832b0246d4fde2,naver,cafe,자취방 양도,KW2,공백기의 존재를 확인하기 위함,원룸 구할때 어떻게 해야해?,대학 근처 원룸 알아보려하는데 솔직히 처음이라 잘 모르겟어서.. 대학 친구들도 연락끊긴지 오래고ㅡㅡ 그냥 무작정 부동산가서 매물알아보고 집들려서 꼼꼼히 확인해서 괜찮으면 계약하면 되는거야? 아니면 어플좀 보고...,http://cafe.naver.com/ajehr/311331,머독 공식 팬카페,
743a972185e3cabd5a4f93f3e61299f0,naver,cafe,자취방 양도,KW2,공백기의 존재를 확인하기 위함,내포 홍성 예산 원룸 관리비포함 300/35 승계 이어살기,원룸 양도합니다. 타지 발령을 받아 이어사실분 구해요! 계약기간은 8월29일까지이고 1/18일부터 입주... 내포 공공기관 출퇴근 하시는 타지분들 자취방으로 사용하시기 적합합니다. 자세한 내용은 연락주세요! 매물...,http://cafe.naver.com/kig/19347910,ㆍ피터팬의 좋은방 구하기ㆍ,
71e790c43b9f18729c12d5b52a10bbb7,naver,cafe,자취방 양도,KW2,공백기의 존재를 확인하기 위함,[키친아트 라팔 뉴 멀티 포트 1.7 KP-1007FT] 이 제품을 사야 하는 이유와 고민할 이유,"자취방이나 좁은 주방에서도 효율적으로 사용할 수 있습니다. 쉬운 세척: 내솥 분리가 가능하고 논스틱... 1인 가구인데 양도 딱 좋고, 라면 끓여 먹기 최고입니다. 찌개도 끓여봤는데 깊은 맛이 나는 것 같아요....",http://cafe.naver.com/seutang/3090,스타크래프트2 Aster 클랜,
80d1f9fe1e83cb9cc31f413aa127d51f,naver,cafe,자취방 양도,KW2,공백기의 존재를 확인하기 위함,혹시 출국 전에 한국에서 지낸 자취방은 어떻게 하셨나용,"내년 신청이라 아직 좀 멀었지만 현재 살고 있는 자취방 계약도 있고 해서 미리 준비해보려구요..,! 기존에 사용하던 자취방 다들 계약 끝내는 시기에 맞춰서 출국날짜 정하셨을까요 .. ? 한달 전부터 빼고 간다고 해도...",http://cafe.naver.com/bananawork/119729,바나나워홀의 워홀 카페 [일본 워킹홀...,
6baf8dcd7db81633db45a64c416d3fee,naver,cafe,자취방 양도,KW2,공백기의 존재를 확인하기 위함,KEF R3 meta + 헤드폰 겸용 구성 조언 부탁드립니다.,본가와 자취방에 위와같이 총 2개의 세팅으로 사용중에 있었습니다. 이번에 지인이 스피커를 업그레이드하면서 KEF R3 meta를 좋은 가격에 양도해 준다하여 해당 스피커를 기준으로 세팅에 고민이 생겼습니다....,http://cafe.naver.com/drhp/2507427,닥터헤드폰,
15bd49f356fcb3df822cedae5ca73041,naver,news,자취방 양도,KW2,공백기의 존재를 확인하기 위함,"[이슈] ""빈방 월세 100만 원 부담""…방학마다 반복되는 '몰래 양도' 불법...","◆커뮤니티 게시판 ""방학 중 자취방 양도""…학생들끼리 '비밀 거래' 최근 경북대학교, 계명대학교 성서캠퍼스, 영남대학교, 대구가톨릭대학교 등 대구권 대학가의 커뮤니티와 SNS, 오픈채팅방에는 자취방을 양도한다는 글이...",https://www.idaegu.com/news/articleView.html?idxno=663688,www.idaegu.com,2026-06-17
48a54ea9a35de79bb6bd5c6eb89b5c8d,naver,news,자취방 양도,KW2,공백기의 존재를 확인하기 위함,[혼삶 체험기] 대파 한 단부터 절단·냉동 대파까지...'1인가구 위한 대...,양도 넉넉했다. 한 단을 손에 들어보니 혼자 사는 사람이 한 번에 소비하기에는 적지 않은 양이었다. 문제는... 특히 자취방처럼 좁은 주방에서는 긴 대파를 다루는 것 자체가 쉽지 않았다. 손질을 마친 뒤 냉동 보관하면...,http://www.dailypop.kr/news/articleView.html?idxno=99679,www.dailypop.kr,2026-06-16
c5e3e348bf00862302baf62f15a98c0d,naver,news,자취방 양도,KW2,공백기의 존재를 확인하기 위함,대학가 방학 중 자취방 '단기양도'…법적 보호 사각지대,"방학을 앞두고 자취방 양도를 희망하는 한 대학생은 ""방학 두 달 동안 고향집에 내려가 있어야 하는데, 비어있는 방의 월세와 관리비가 부담스럽다""며 ""집주인에게 말하면 부정적일 것이 뻔해서 커뮤니티를 통해 단기...",https://www.daejonilbo.com/news/articleView.html?idxno=2280643,www.daejonilbo.com,2026-06-09
75513ddb64366595a4f3afad02fe88d8,naver,news,자취방 양도,KW2,공백기의 존재를 확인하기 위함,"전북도, 대학가 '불법 전대' 집중 단속…허위매물·떴다방도 점검","자취방을 비우는 대학생들이 집주인 동의 없이 제3자에게 방을 빌려주는 이른바 '불법 전대'가 늘어날 가능성에 대응하기 위한 조치다. 최근 대학생 커뮤니티와 사회관계망서비스(SNS) 등에는 '방학 단기 임대', '방 양도...",https://www.pressian.com/pages/articles/2026060815330650525?utm_source=naver&utm_medium=search,www.pressian.com,2026-06-08
464d7a84c4ccd4dadb97021d64b43156,naver,news,자취방 양도,KW2,공백기의 존재를 확인하기 위함,"전북자치도, 대학가 '불법 전대' 집중 단속…부동산 위법 중개행위 점검","이번 단속은 이번 단속은 종강 이후 대학생들이 방학 기간 자취방 월세 부담을 줄이기 위해 집주인 동의 없이... 최근 온라인 커뮤니티와 사회관계망서비스(SNS) 등을 중심으로 '방학 단기 임대', '방 양도' 등의 게시물이...",http://www.jeollailbo.com/news/articleView.html?idxno=802077,www.jeollailbo.com,2026-06-08
72a86749528e6cf938852110aee3d20f,naver,news,자취방 양도,KW2,공백기의 존재를 확인하기 위함,"전북도, 대학가 불법전대·허위매물 특별단속","이른바 '방 양도', '단기 월세 승계' 형태의 불법 전대차 거래가 증가하고 있다는 판단에 따른 것이다. 최근 대학생들이 방학 기간 월세 부담을 줄이기 위해 온라인 커뮤니티와 사회관계망서비스(SNS)를 통해 자취방을...",https://www.newsfreezone.co.kr/news/articleView.html?idxno=693448,www.newsfreezone.co.kr,2026-06-08
1186f58a9b82cc259702637b949e248b,naver,news,자취방 양도,KW2,공백기의 존재를 확인하기 위함,"""삶도 예술도 늘 늦었지만 끝까지 남을거예요""","대학을 졸업하고 7~8평 자취방 겸 작업실을 구해 평생 이곳에서 그림만 그리고 살다 죽어야겠다고 마음먹은... 『이상한 동물원』은 보통의 그림책에 비해 글의 양도 적고, 팝업이 붙어 있는 데다, 병풍처럼 쫘악...",http://www.mygoyang.com/news/articleView.html?idxno=84405,www.mygoyang.com,2025-06-04
3127175a968ae305141d9dfadf743ff7,naver,news,자취방 양도,KW2,공백기의 존재를 확인하기 위함,"""방학 기간만 지낼 분""…대학가 불법 전대 성행 '주의보'","게시물에는 '방학 동안만 집을 비우게 돼 양도자를 구한다'는 글과 함께 개강 일주일 전 집을 비워야 하고... 사이트에서는 방학을 맞아 빈 자취방을 기존 월세보다 저렴하게 내놓고, 보증금이 없는 조건으로 타인에게...",https://www.jemin.com/news/articleView.html?idxno=784841,www.jemin.com,2025-01-14
e0f8d04d139c3d117bc308662f8350d7,naver,news,자취방 양도,KW2,공백기의 존재를 확인하기 위함,‘프리즈 런던 2024’에서 발견한 미술계의 변화,"보낸 자취방과 그곳에서 겪은 사랑과 회한, 변해가는 몸이 절로 떠오른다. 특히 최근 암 투병 중 소변... 이번 전시가 만족스럽냐고 묻는다면 ‘그렇다’이고, 여기서 만족감은 소유권을 양도하는 결정 덕분에...",https://www.vogue.co.kr/2024/11/28/%ed%94%84%eb%a6%ac%ec%a6%88-%eb%9f%b0%eb%8d%98-2024%ec%97%90%ec%84%9c-%eb%b0%9c%ea%b2%ac%ed%95%9c-%eb%af%b8%ec%88%a0%ea%b3%84%ec%9d%98-%eb%b3%80%ed%99%94/?utm_source=naver&utm_medium=partnership,www.vogue.co.kr,2024-11-28
588dd22632ddb31da93559ef39024432,naver,news,자취방 양도,KW2,공백기의 존재를 확인하기 위함,[2024 현경 신춘문예 장편소설 대상 – 민주의 방] 11회 나의 방,"유리알이 다소곳하게 감싸고 있는 필라멘트가 자취방을 오롯이 혼자 다 차지하고 누운 나랑 오랜 친구라도... 아침, 저녁으로 연탄을 가는 건 순옥이나 나나 같을 테니 남은 양도 얼추 비슷해야 했다. 내가 돌아왔을 때 내...",http://www.finomy.com/news/articleView.html?idxno=215445,www.finomy.com,2024-09-09
6096541066fce5e22f3e0945a592e242,naver,news,자취방 양도,KW2,공백기의 존재를 확인하기 위함,"[르포]흡연부스에서 자던 가정밖 청소년, 결국 '헬퍼' 찾다","A양 역시 추위를 피하려 그 자취방으로 향했다. A양도, 친구도 그 남성의 이름이나 나이를 모른다. 대충 30살 정도 되겠거니 추정만 할 뿐이다. 이 남성의 정체는 성인이면서 가정 밖 청소년들에게 도움을 준다는 일명...",https://view.asiae.co.kr/article/2024022614580687858,view.asiae.co.kr,2024-02-28
d770188cb3f5628b1b6dcfa4d9039bec,naver,news,자취방 양도,KW2,공백기의 존재를 확인하기 위함,직방 안성우 대표 ‘홈플래너 서비스’로 새 도전,서울대 통계학과 졸업 후 자취방을 알아보다가 인터넷에 올라와 있는 대부분의 부동산 정보가 허위... 지난해 7월 삼성SDS 홈IoT 사업부문 인수 양도를 완료하고 혁신적인 소프트웨어 기술력을 더해 시너지를 내겠다는...,http://www.skyedaily.com/news/news_view.html?ID=211765,www.skyedaily.com,2023-11-13
96e915dcc29250d1fd569ddf86f723a5,naver,news,자취방 양도,KW2,공백기의 존재를 확인하기 위함,"""뒤늦은 기숙사 추가합격에 자취방 계약금 날릴 판""","원룸 양도도 안될 것 같아 100만원 가까이 손해보고 나와 학교측, 정시 추가합격자 위해 너무 많이... 당연히 자취방 계약을 했죠. 근데 이제야 합격 통지를 보내니 억울한 겁니다."" 울산대학교 3학년 A(23·경북 포항)씨는...",http://www.iusm.co.kr/news/articleView.html?idxno=938963,www.iusm.co.kr,2022-02-23
4d5df92d8e38256b08129d2f35ef3904,naver,news,자취방 양도,KW2,공백기의 존재를 확인하기 위함,[칼럼] 추억을 되살리는 닌텐도와 과거를 단절시킨 닌텐도,얼큰하게 취한 친구들이 좁은 친구 자취방에 몰려 Wii 스포츠 켜고 테니스 한다고 이리저리 팔 휘두르다 Wii... 스팀을 포함해 디지털 게임의 경우 패키지 게임과 달리 소프트웨어를 양도하지 않는 대여의 개념이기에 법적...,http://www.inven.co.kr/webzine/news/?news=268592&site=console,www.inven.co.kr,2022-02-23
3111d3a668593d37e4563e2a8e4465f7,naver,news,자취방 양도,KW2,공백기의 존재를 확인하기 위함,"[AT 에듀] ""자취방 구해야 하나""…대면 수업 확대에 통학러 '안절부절'","네이버 자취생 모임 카페에는 ""서울대 입구 자취방 구합니다"", ""신림·신촌 대학 일대 원룸 양도받아요"" 등의 게시물들이 이어지기도 했다. 아직 대면 수업을 시작하지 않았지만 대면 수업이 확대될 경우를 대비해 자취방...",https://www.asiatime.co.kr/article/20211013500207,www.asiatime.co.kr,2021-10-13
3a7f74d43a2e18c62bc84e5547b1edc9,naver,news,자취방 양도,KW2,공백기의 존재를 확인하기 위함,[자취Tip] 신박한 정리! 자취방을 깔끔하고 넓게 보여주는 수납 공간 정...,자취방을 깔끔하게 유지하고 싶다면 기본으로 해야 할 것은 수납 공간 정리입니다. 잘 정리한 수납공간은... 하지만 자주 사용하지 않은 수저의 경우에는 따로 밀폐용기를 마련해 수저를 보관해주면 수저꽂이에 넣을 양도...,http://www.dailypop.kr/news/articleView.html?idxno=50418,www.dailypop.kr,2021-05-11
5adc8f5f9ab70256b0cb90a685253900,naver,news,자취방 양도,KW2,공백기의 존재를 확인하기 위함,30만 원짜리 방을 40만 원에? 대학가 '자취방 양도' 괜찮을까,"실제 서울의 한 대학교 커뮤니티에서는 1~2월 자취방 양도와 관련된 글이 20여 건 이상 올라와 있었다. 학기가 시작된 3~4월에도 관련 글이 꾸준히 올라왔다. 자취방 거래의 이유는 주로 취업, 휴학, 입대 등이다. 관련...",http://www.bizhankook.com/article/21799,www.bizhankook.com,2021-04-23
103fd94e00187880cd5ad78c3f6fb193,naver,news,자취방 양도,KW2,공백기의 존재를 확인하기 위함,봄맞이~ 셀프 인테리어를 해보자!,"하지만 크게 번지지 않고 특히 자취방 같은 임대로 사는 집이라면, 임시방편으로 벽지에 있는 곰팡이만... 자, 그럼 필요 페인트의 양도 구했으니 페인트를 칠하러 가 볼까요? 참, 페인트만 주문하면 페인트를 바를 수...",http://www.hemophilia.co.kr/news/articleView.html?idxno=17874,www.hemophilia.co.kr,2021-03-03
be0e6de92287a1bc59ecf4a4441cf55c,naver,news,자취방 양도,KW2,공백기의 존재를 확인하기 위함,올해도 비대면 강의 대학가 원룸촌 썰렁,늘면서 자취방을 구하는 학생은 커녕 원룸촌 인근을 지나는 사람조차 찾아보기 힘들었다. 원룸건물 앞... 이 같은 상황에서 대학교 홈페이지 커뮤니티에는 살고있는 원룸을 양도한다거나 원룸 계약을 고민하는 내용의...,http://www.jjn.co.kr/news/articleView.html?idxno=819930,www.jjn.co.kr,2021-02-21
acec0079769a8633bfc459106bf58a74,naver,news,자취방 양도,KW2,공백기의 존재를 확인하기 위함,개강 앞둔 광주 대학가 원룸촌 공실 '비명',"학생들도 양도ㆍ계약 등 '고민' ""대면수업 적어 월세 낭비 느낌"" ""임대료를 내려도 학생들이 안 찾아요... 늘면서 자취방을 구하는 학생은 커녕 원룸촌 인근을 지나는 사람조차 찾아보기 힘들었다. 원룸건물 앞 곳곳에는...",http://www.namdonews.com/news/articleView.html?idxno=599081,www.namdonews.com,2021-02-18
e92084341d7bb6da62cdfc9be68da580,naver,news,자취방 양도,KW2,공백기의 존재를 확인하기 위함,"서울 친구들의 SNS... 뭐지, 이 이방인 느낌",ⓒ 미디어눈 [동영상-지방청년 서울살기] ① 경상도 부모님이 '인 서울' 아들 자취방을 보고 남긴 말(http... 한 학기를 마친 후 나는 LH 전세임대에 입주하기 위해 남은 6개월의 계약을 양도해야 했다. 학교 커뮤니티에...,http://www.ohmynews.com/NWS_Web/View/at_pg.aspx?CNTN_CD=A0002706055&CMPT_CD=P0010&utm_source=naver&utm_medium=newsearch&utm_campaign=naver_news,www.ohmynews.com,2021-01-01
07a0f1ecabee7103292dc4fd7183784a,naver,news,자취방 양도,KW2,공백기의 존재를 확인하기 위함,"대학가 자취방 ""싸게 양도합니다""","월세는 계속 나가니까, 월세를 조금 메꾸려고.."" 자취방 양도 계약은 반드시 집주인의 동의가 필요합니다. /임대인과의 합의 없이 재임대가 이뤄질 경우 불법이기 때문입니다./ 하지만, 단기 양도는 보통 계약서를 쓰지 않고...",https://www.g1tv.co.kr/index.php?type=news820&page=1&nth=0&viewNum=231988,www.g1tv.co.kr,2020-08-31
85835eabeb94ee51c315358d048f2db3,naver,news,자취방 양도,KW2,공백기의 존재를 확인하기 위함,"[UNN 리포트] 온라인 개강과 임대차 개정, 대학가 부동산에 어떤 영향 미...","자취방 계약을 취소하거나, 방을 양도할 세입자를 구해야 한다. 그렇지 않으면 '울며 겨자 먹기'로 월세를 지불해야 한다. 지방에서 올라온 학생들은 각자 본가가 있는 지역으로 흩어지는 추세다. ""대학가마다 달라요...",http://news.unn.net/news/articleView.html?idxno=233964,news.unn.net,2020-08-30
d8761cb1ace9fbc7977d453dd7280c37,naver,news,자취방 양도,KW2,공백기의 존재를 확인하기 위함,[찐후기] 배달 음식도 질렸다면...핫한 '자취템'으로 집에서 레스토랑 ...,대학생 자취방에서 친구들과 수다 떨면서 한상 차려먹는 그런 맛이랄까요. 그러면서도 먹을 수록 어머니가... 다만 배달로 받는 파스타보다는 양도 많고 괜찮습니다. 집에서 SNS에 자랑하고 싶은 프레이팅을 하고 싶다면...,https://www.sedaily.com/NewsView/1Z59VPFQG7,www.sedaily.com,2020-07-12
5fff616a9389fcfa8279e222ae93d077,naver,news,자취방 양도,KW2,공백기의 존재를 확인하기 위함,입소 1주일 만에 “기숙사 나가”…대학생들 ‘수난’,"[원광대학교 학생/음성변조 : ""휴학을 해버리고 아예 계약을 했던 자취방을 얼마 정도 가격을 깎은 후에 다른 사람한테 다시 양도를 해서 계약을 하는 글이 많이 올라오고 있어요.""] 대학 문이 열리고 수업이...",http://news.kbs.co.kr/news/view.do?ncd=4447886&ref=A,news.kbs.co.kr,2020-05-16
d5c191c5c4db13f8c88584aea7c084e8,naver,news,자취방 양도,KW2,공백기의 존재를 확인하기 위함,[자막뉴스] 입소 1주일 만에 “기숙사 나가”…대학생들 ‘수난’,"[원광대학교 학생/음성변조 : ""휴학을 해버리고 아예 계약했던 자취방을 얼마 정도 가격을 깎은 후에 다른 사람한테 다시 양도해서 계약을 하는 글이 많이 올라오고 있어요.""] 대학 문이 열리고 수업이 정상화되자마자...",http://news.kbs.co.kr/news/view.do?ncd=4447894&ref=A,news.kbs.co.kr,2020-05-16
360e5afc403544d1d6ad11d56182f3c7,naver,news,자취방 양도,KW2,공백기의 존재를 확인하기 위함,입소 1주일 만에 “기숙사 나가”…대학생들 ‘수난’,"[원광대학교 학생/음성변조 : ""휴학을 해버리고 아예 계약을 했던 자취방을 얼마 정도 가격을 깎은 후에 다른 사람한테 다시 양도를 해서 계약을 하는 글이 많이 올라오고 있어요.""] 대학 문이 열리고 수업이 정상화되자마자...",http://news.kbs.co.kr/news/view.do?ncd=4447869&ref=A,news.kbs.co.kr,2020-05-16
d96b6065c72994f1d3ef19e9419beae8,naver,news,자취방 양도,KW2,공백기의 존재를 확인하기 위함,"온라인 강의에…대학가 ""빈 방 있어요"" 쇄도",내년 2월까지인 제 계약을 아예 물려받아도 좋습니다.” 지난 5일 서울대에 재학 중인 김모씨(21)는 학교 온라인 커뮤니티 ‘스누라이프’에 자취방을 단기양도한다는 게시글을 올렸다. 김씨는 “신종 코로나바이러스...,https://www.hankyung.com/society/article/202004072072i,www.hankyung.com,2020-04-08
9d63ccf319af03d67e2649ed2fd69ec1,naver,news,자취방 양도,KW2,공백기의 존재를 확인하기 위함,"""개강 연기 온라인 강의 연장에 빈 자취방 월세 아깝네""","현재 익명제보로 이용할 수 있는 대학교 SNS를 비롯한 커뮤니티에는 '단기 자취방 양도받으실 분', '1~2달만 지낼 방 양도합니다' 등과 같은 게시글을 쉽게 찾아볼 수 있다.상황이 이러하자 집주인에게 입주 시기를...",http://www.cctoday.co.kr/news/articleView.html?idxno=2062387,www.cctoday.co.kr,2020-04-05
46f4cfdba35b26bad02a3bf65e633e73,naver,news,자취방 양도,KW2,공백기의 존재를 확인하기 위함,"[ART insight] 배가 고프면 외로웠고, 외로우면 허기가 졌다",방학 기간이나 일정 기간만 금액을 지불하고 빌려 사는 양도자취방에 불과했다. 몇 달에 한 번씩은 꼬박 짐을 챙겨야 하는 잦은 이사를 하다보면 언젠가 읽었던 소설 속 주인공들을 조금 더 이해할 것만 같았다.특히 조금...,https://www.artinsight.co.kr/news/view.php?no=46527,www.artinsight.co.kr,2020-02-29
7ae2d9652f5b90affced82bf871a7f19,naver,news,자취방 양도,KW2,공백기의 존재를 확인하기 위함,방학 맞은 대학가 원룸 단기 임대 주의보,"도내 재학 중인 대학생 B씨는 ""자취방을 빌려줄 때 집주인의 동의를 받는 사람은 거의 없다""며 ""집주인과... 관계법령 민법 제 629조 1항은 '임차인은 임대인의 동의 없이 그 권리를 양도하거나 임차물을 전대하지 못한다...",http://www.jeollailbo.com/news/articleView.html?idxno=588520,www.jeollailbo.com,2020-01-09
6b9fc0504f0b65f3cedaeb6e7bf09da0,naver,news,자취방 양도,KW2,공백기의 존재를 확인하기 위함,"대학가 원룸촌, 방학철 불법 단기 전대 성행","방학 맞아 비는 대학가 원룸, 개인 간 단기 양도 성행…페이스북 등 SNS로 이뤄져 지역 대학가의 원룸촌에서... 방학을 맞아 빈 자취방을 기존 월세보다 저렴하게 내놓고, 보증금이 없는 조건으로 타인에게 전대하고 있었다....",http://www.daejonilbo.com/news/newsitem.asp?pk_no=1402429,www.daejonilbo.com,2019-12-24
91fdb056797baaad2c67e6094c472e47,naver,news,자취방 양도,KW2,공백기의 존재를 확인하기 위함,"요즘은 월세방에도 ‘권리금’ 있다는 거, 아시나요?","장씨는 대전에 살다 서울로 취업해 이사하면서 자취방을 구하려 했지만, 적당한 곳을 찾기가 어려웠다.... 구하는 양도 글을 올렸다. 셀프 인테리어 전후를 비교한 사진을 올리고 가전과 가구를 포함해 권리금 40만원을...",http://www.hani.co.kr/arti/society/society_general/910862.html,www.hani.co.kr,2019-09-25
4eb9ced441e6d159b924cc5db59073ce,naver,news,자취방 양도,KW2,공백기의 존재를 확인하기 위함,조국이 1위한 '부끄러운 서울대 동문상' 투표는 정말 조작됐나,"화제가 된 SNS 게시물 주장대로 매매-양도된 계정이 여론조작에 활용되었을까? 부끄러운 동문 투표 결과에... 한 문과대학 13학번 재학생은 ""많은 학생들이 스누라이프를 이용하지만 대부분이 강의평가 찾기, 자취방...",http://www.newstof.com/news/articleView.html?idxno=1896,www.newstof.com,2019-08-13
d48d2f062d97089334a0039a19e647be,naver,news,자취방 양도,KW2,공백기의 존재를 확인하기 위함,“밖으로 나가면 다 돈이라서”…현관문 밖은 위험해!,"여자친구와 자취방에서 ‘넷플릭스 앤드 칠’(Netflix and Chill·집에서 함께 넷플릭스를 본다는 뜻의 신조어)... 그런데 넷플릭스는 공짜나 다름없고(월 9500~1만4500원), 편의점에서는 8000원만 써도 맛이 괜찮으면서 양도...",http://www.donga.com/news/article/all/20190720/96611406/1,www.donga.com,2019-07-20
e4dae98e3d7bd7072a4e1b14a6ff1bbe,naver,news,자취방 양도,KW2,공백기의 존재를 확인하기 위함,"[카드뉴스] 원룸, 돈 내고 살아도 계약자가 아니면 나가야 하나?","민법 제629조에서는 임차권의 양도와 전대의 제한을 규율하고 있다. 제1항에서는 임차인은 임대인의 동의... 피치 못할 사정으로 계약한 자취방을 나가야 하거나 친구가 대신 살게 될 경우, 집주인과 미리 상의하여 동의를...",http://www.sisunnews.co.kr/news/articleView.html?idxno=105149,www.sisunnews.co.kr,2019-05-18
d3664c0f186d5a6a429afa9de149a182,naver,news,자취방 양도,KW2,공백기의 존재를 확인하기 위함,'사냥놀이'에 성학대까지…'인천 중학생 추락사' 마지막 78분,"A 군은 이때 도망쳤지만, 다음 날 오후 ""전자담배를 돌려주겠다""는 친구들의 거짓말에 B 군 자취방을 찾았다가 인근 아파트 15층 옥상으로 재차 끌려갔습니다. B 군과 평소 알고 지낸 또 다른 여중생 16살 C 양도 이때...",http://mbn.mk.co.kr/pages/news/newsView.php?category=mbn00009&news_seq_no=3835356,mbn.mk.co.kr,2019-05-15
f032af84dc5afd7b0a4abc6b4264d868,naver,news,자취방 양도,KW2,공백기의 존재를 확인하기 위함,"""속옷 벗기고 가래침 먹여""…인천 중학생 생애 마지막 78분","A군은 도망쳤지만 이튿날 오후 ""전자담배를 돌려주겠다""는 친구들의 거짓말에 속아 B군 자취방을 찾았다가 인근 아파트 15층 옥상으로 재차 끌려갔다. B군과 평소 알고 지낸 또 다른 여중생 C(16)양도 이때 합류했다. B군은...",https://www.joongang.co.kr/article/23467312,www.joongang.co.kr,2019-05-14
994dcf4ca546509a22aa35450976136b,naver,news,자취방 양도,KW2,공백기의 존재를 확인하기 위함,"""'사냥놀이'에 여중생 면전 바지 벗겨…껌과 가래침까지 뱉어""","A군은 이때 도망쳤지만, 다음 날 오후 ""전자담배를 돌려주겠다""는 친구들의 거짓말에 B군 자취방을 찾았다가 인근 아파트 15층 옥상으로 재차 끌려갔다. B군과 평소 알고 지낸 또 다른 여중생 C(16)양도 이때 합류했다....",http://yna.kr/AKR20190514142800065?did=1195m,yna.kr,2019-05-14
796f4ffd989df4396f2f06439fa70551,naver,news,자취방 양도,KW2,공백기의 존재를 확인하기 위함,청와대 김의겸 소유 흑석동 뉴타운 이란?,"조합이 아직 생기지 않았으므로 8.2 부동산대책에 있는 재개발/재건축 조합원 양도 불가 이런 것도 적용 안... 중대생등의 자취방, 하숙집으로도 활용되는 세대도 있다. 단점은 흑석역까지 850여 미터(도보10-15분) 떨어져...",http://www.g-enews.com/ko-kr/news/article/news_all/2019032812062815214a01bf698f_1/article.html,www.g-enews.com,2019-03-28
ea9789a0fc62103badb2f44c02e3916f,naver,news,자취방 양도,KW2,공백기의 존재를 확인하기 위함,방학기간 자취방 단기임대줬다가 자칫 낭패 왜?,달간 자취방을 단기로 임대했다가 큰 낭패를 봤다. 단기 거주 학생이 방 안에 있던 기본 옵션 가구와... 경기도의 한 대학 커뮤니티에는 지난 14일 하루에만 30여 건에 달하는 단기 양도 글이 올라왔다. 대부분의 게시글은...,http://news.mk.co.kr/newsRead.php?year=2018&no=796551,news.mk.co.kr,2018-12-21
2e2590362eac63261b05101bcfdad5c6,naver,news,자취방 양도,KW2,공백기의 존재를 확인하기 위함,고개 드는 대학가 원룸 단기 전대차임대,"""방학동안 학교 앞 자취방 양도합니다. 내년 2월 27일까지 잠시 사실분 구해요. 학교까지 걸어서 15분 걸리고 풀옵션입니다. 침대나 생활용품 두고 갑니다. 몸만 오시면 됩니다."" 다가오는 방학, 대학가에서 월세방 세입자가...",http://www.ggilbo.com/news/articleView.html?idxno=570431,www.ggilbo.com,2018-12-04
e906d035320cda21ad0d77a643e8f542,naver,news,자취방 양도,KW2,공백기의 존재를 확인하기 위함,‘생리’하는 몸이 알려주는 것들,"좁은 자취방 안을 돌아다녔다. 컵이 몸 안에 들어가 있으면 어떤 방식으로든 이물감이 느껴질 것 같았지만... 생리양도 눈에 띄게 늘어났다. 결국, 9월에는 예정일이 며칠 지난 시점부터 시커멓고 바싹 마른 피 부스러기가...",http://www.ildaro.com/sub_read.html?uid=8325&section=sc8,www.ildaro.com,2018-10-12
7e86f37412030cc08beddd64f48a21e1,naver,news,자취방 양도,KW2,공백기의 존재를 확인하기 위함,'득' 되고 '독' 되는 SNS 매매,각 대학별로 만들어진 SNS 공간에 관리자의 손을 거쳐 익명으로 각종 게시글이 등록되는데 게시글 중 인기가 많은 것이 바로 자취방 양도·양수와 관련된 글이다. 대전 B 대학과 C 대학 SNS에는 하루 평균 10개의 자취방...,http://www.ggilbo.com/news/articleView.html?idxno=531639,www.ggilbo.com,2018-07-30
4be3efc00f879eed5822963670b47d79,naver,news,자취방 양도,KW2,공백기의 존재를 확인하기 위함,"[DA:인터뷰] 훈스 “‘효리네민박2’ BGM 등장, 제대로 은혜입었다”",만날 종훈이 자취방에 놀러갔고 작업해 놓은 음악들을 들었어요. 처음 들은 곡이 정말 웅장했고... 9명이었을 때 팬 카페지기가 권한을 양도하겠다고 해서 위기가 있었거든요. 다행히 다른 분이 양도 받으셨어요. 저희를...,http://sports.donga.com/3/all/20180504/89930802/2,sports.donga.com,2018-05-05
8d2cc30591b0c8f1e459fda35dda0d9b,naver,news,자취방 양도,KW2,공백기의 존재를 확인하기 위함,[뉴스인사이트] '스쿨미투' 그 이후...또다시 우는 피해자,"취재 중 만난 이 모 양도 학창 시절이 '악몽' 같았다고 말했는데요. 16살이던 중학교 3학년 시절, 1년이 넘는... 30대 오 모 교사가 공원이나 자취방으로 불러내 이 양을 추행한 뒤 '사랑한다'고 말하며 부모님에게 절대...",https://n.news.naver.com/mnews/article/214/0000819457?sid=004,n.news.naver.com,2018-03-22
9a268bf7a8adeb9d2b1ea2f8a488d197,naver,news,자취방 양도,KW2,공백기의 존재를 확인하기 위함,"'살림남2' 김승현 자취방서 온가족 눈물바다 ""이렇게 살다니""","그동안 김승현은 비좁은 자취방과 궁핍한 세간살이를 보이고 싶지 않아 식구들을 초대하지 않았다. 딸 수빈... 아빠의 생활을 지켜 본 수빈 양도 함께 눈물을 흘렸고, 수빈 양은 제작진과의 인터뷰를 통해 ""아빠가 돈이...",http://news1.kr/articles/?3033804,news1.kr,2017-06-28
e5da32b1118a37443818f2b04106c797,naver,news,자취방 양도,KW2,공백기의 존재를 확인하기 위함,"""방학 때 사실 분?""…월세방 빌려주는 대학가","사진=게티이미지 # ""학교 동문 쪽 자취방, 2달간 내놓습니다"" 서울 소재 Y대 학생 김상헌 씨(가명·22)는 최근... 타인에게 양도 또는 담보로 제공하거나 임대할 수 있다. 하지만 전세권 설정 계약을 하지 않은 임차인이 주인...",http://news.hankyung.com/article/201706262783g,news.hankyung.com,2017-06-28
d594197ece28d94c106b5d36eae7794b,naver,news,자취방 양도,KW2,공백기의 존재를 확인하기 위함,"'냉부해' 이시언, ""어느새 더러움의 아이콘 돼 있어""","자신의 자취방에 대한 생각을 밝혔다. 20일 방송된 JTBC ‘냉장고를 부탁해‘에서는 김성주가 이시언에게... 식당에 가면 양도 많이 주시고, 저는 좋다”고 고백했다. <ⓒ “텐아시아” 무단전재 재배포금지>",http://www.tenasia.co.kr/archives/1141333,www.tenasia.co.kr,2017-02-20
2d0f46c741eb3dabca40d4a2e56d2d14,naver,news,자취방 양도,KW2,공백기의 존재를 확인하기 위함,"""방학 동안 대신 사실 분 구합니다""",동안 자취방을 비우게 됐다. A씨의 두 달 월세는 대략 60만원 정도. A씨는 월세를 아끼기 위해 방학 시작 전 학교 SNS 페이지를 통해 '방학 동안 원룸을 양도한다'는 글을 올렸다. A씨의 글에 대여섯개의 댓글이 달렸고 A씨는...,http://www.honam.co.kr/read.php3?aid=1468940400498269011,www.honam.co.kr,2016-07-20
c90d68da91cfede94ecc9a3b101a09dd,naver,news,자취방 양도,KW2,공백기의 존재를 확인하기 위함,"[서울경제TV] LH대학생임대주택, 불법전대 악용우려",[기자] 대학생들끼리 자취방 직거래가 이뤄지고 있는 한 인터넷 커뮤니티. 최근 이 커뮤니티 게시판엔 서울 신촌 일대 LH전세임대주택을 반전세로 양도한다는 글이 버젓이 올라와 있습니다. 7평형 남짓한 방에 반전세...,https://n.news.naver.com/mnews/article/011/0002792460?sid=101,n.news.naver.com,2016-01-25
24cd973430d8721d4aead171595acda9,naver,news,자취방 양도,KW2,공백기의 존재를 확인하기 위함,[취재파일] '피라니아' 마음대로 수입하거나 반입 못 한다,"처음에 성남시장에서 구입한 백사를 시작으로 각종 도마뱀이 그 친구의 자취방에 가득했습니다. 누군가에게... 수입·반입·사육·재배·방사·이식·양도·양수·보관·운반 또는 유통(이하 ""수입등""이라 한다)하여서는 아니...",http://news.sbs.co.kr/news/endPage.do?news_id=N1003306446&plink=ORI&cooper=NAVER,news.sbs.co.kr,2015-12-09
bb4d94e11dda97c8fce4df5ac48ea809,naver,news,자취방 양도,KW2,공백기의 존재를 확인하기 위함,난립하는 음란폰팅업체…넘쳐나는 '060'의 물결,"들려주는 자취방엿듣기, 성우가 음란 소설을 읽어주는 야설듣기 등 음란한 음향을 판매한 것으로... 스팸발송업체는 적발 후에도 대상 번호를 유지한 채 영업양도 방식으로 영업을 재개하고 있는 만큼 발신번호와 광고...",http://www.ilyoseoul.co.kr/news/articleView.html?idxno=118557,www.ilyoseoul.co.kr,2015-09-16
54aca0d4cc6b13480a5e69126d9bb41d,naver,news,자취방 양도,KW2,공백기의 존재를 확인하기 위함,'음란폰팅' 메시지 777만건 발송 일당 적발,"들려주는 자취방엿듣기, 성우가 음란 소설을 읽어주는 야설듣기 등 음란한 음향을 판매한 것으로... 스팸발송업체는 적발 후에도 대상 번호를 유지한 채 영업양도 방식으로 영업을 재개하고 있는 만큼 발신번호와...",http://www.newstomato.com/ReadNews.aspx?no=582335,www.newstomato.com,2015-09-06
7530bcc8aa9153d8b447176039ba4207,naver,news,자취방 양도,KW2,공백기의 존재를 확인하기 위함,"[세대공감]7번 이사, 대학생은 살 곳이 없다","그동안 거쳐 간 자취방들의 평균 월세는 40만 원가량이었으며, 6개월에 한 번씩 이사한 셈이다. 방학동안의 월세 비용을 줄여보고자 학기 말이면 살던 방을 양도하고 방학이 끝날 때면 다시 집을 구하러 다녔다. 계속 되는...",http://www.idomin.com/?mod=news&act=articleView&idxno=471593,www.idomin.com,2015-01-23
9478f1fc61b20f884133f66f3ab842e9,naver,news,자취방 양도,KW2,공백기의 존재를 확인하기 위함,‘따로 또 같이’ 셰어 열풍 뒤에 숨은 문제점은...,"현행법(민법 제629조)상 임차인(세입자)은 임대인(집주인)의 동의 없이 권리를 양도하거나 전세를 줄 수 없다.... 혼자 자취방을 구하는 경우보다 비용 부담이 적다. 다만, 어떤 형태의 공용 주택이든 임대 시에는 집주인과...",http://www.dailian.co.kr/news/view/456842/?sc=naver,www.dailian.co.kr,2014-09-08
945c8259e2890ba85c74642616908bb5,naver,news,자취방 양도,KW2,공백기의 존재를 확인하기 위함,학교밖 떠도는 아이들 연 6~7만명 달해,"또 보호관찰처분을 받은 지 2개월 만인 C양도 이들과 함께 범행을 저질렀다. 보호관찰 처분을 받는 기간... ‘친구의 부모님 집 혹은 지인의 집’ 22.4%, ‘찜질방 혹은 PC방 전전’ 21.7%, ‘자취방, 원룸, 고시원 등’...",http://mysesi.freewebclub.com/main/list.html?bmain=view&num=301952,mysesi.freewebclub.com,2012-06-25
8cc4121da6e789beabeed6d8cef9b6c8,naver,kin,자취방 양도,KW2,공백기의 존재를 확인하기 위함,kt 인터넷 양도,"... 안녕하세요 최싸몽 입니다 가능한 경우가 많습니다 KT 패밀리할인은: “기존 KT 인터넷(모회선)”이 있으면 추가 인터넷(자회선)에 할인 들어가는 구조라서, 인터넷을 양도받더라도: ✔ 명의 이전 완료 ✔ 자취방 인터넷이...",https://kin.naver.com/qna/detail.naver?d1id=1&dirId=107020102&docId=433448935&qb=7J6Q7Leo67CpIOyWkeuPhA==&enc=utf8,지식iN,
4ccc6ee60dab136e1eeb63b2b0bf97f5,naver,kin,자취방 양도,KW2,공백기의 존재를 확인하기 위함,"집주인의 무단침입 시도와 누수 핑계, 어떻게 대처할까?",... 살게된 자취방을 검사하려 듭니다. 이전 쓰레기 분리수거 중 문을 살짝 열어둔 적이 있었는데 옆집은 제 쓰레기를... 다 양도받아 본 건물을 매입하였으나 본 사실을 숙지하지 못한체 그냥 고양이 키우지 말라는 입장을 내새우고...,https://kin.naver.com/qna/detail.naver?d1id=6&dirId=60215&docId=493525036&qb=7J6Q7Leo67CpIOyWkeuPhA==&enc=utf8,지식iN,
c270a0465f7efe9bd545cfc599a3e33e,naver,kin,자취방 양도,KW2,공백기의 존재를 확인하기 위함,"자취방 퇴거 요구, 임대인과의 갈등 어떻게 해결할까요?","... 친구와 제가 같이 동거하는 자취방에 제 남자친구가 물건을 잠깐 받으러 본 자취방의 주차장에 약 2분 정도 정차를... 민법 제629조는 임차인이 임대인의 동의 없이 임차권을 양도하거나 전대하는 경우를 문제 삼는 조항인데, “가끔...",https://kin.naver.com/qna/detail.naver?d1id=6&dirId=60215&docId=492785590&qb=7J6Q7Leo67CpIOyWkeuPhA==&enc=utf8,지식iN,
7ff9da0113d957900f3ceaf1eb01f36b,naver,kin,자취방 양도,KW2,공백기의 존재를 확인하기 위함,대학 원룸 양도질문,안녕하세요 제가 이번에 자취방을알아보는데 양도글이있어서 내일 방을보고 양도받을예정입니다 한학기 150/보증금30인데 양도분이 30을 내셔서 150만내면되는상태입니다 1.제가 준비해야할게 따로있을까요? 준비물이 있다면...,https://kin.naver.com/qna/detail.naver?d1id=6&dirId=60202&docId=492284462&qb=7J6Q7Leo67CpIOyWkeuPhA==&enc=utf8,지식iN,
35d4e9f9906d0e904955b394065ff870,naver,kin,자취방 양도,KW2,공백기의 존재를 확인하기 위함,자취방 양도 시 발생할 수 있는 법적 문제는?,... 방을 양도 받기로 했습니다. 근데 전 3월1일부터 방을 사용할수 있고 또 학교주변 방을 구하기 어려워서 12월... 내고 양도받기로 했습니다 그런데 전 3월1일부터 사용할수있어서 제가 돈을 내면 돈을 낸 12월20일부터 2월14일까지...,https://kin.naver.com/qna/detail.naver?d1id=6&dirId=60215&docId=491888666&qb=7J6Q7Leo67CpIOyWkeuPhA==&enc=utf8,지식iN,
0ba72a2bf50fbfdcd61c093710955ba2,naver,kin,자취방 양도,KW2,공백기의 존재를 확인하기 위함,자취 원룸 양도 계약,자취방 원룸을 양도 받으려고 합니다. 연말정산에 이용된다고 아빠 이름을 쓰라고 하시는데 계약자에 부모님 이름으로 쓰는게 가능한가요? 축하합니다.,https://kin.naver.com/qna/detail.naver?d1id=4&dirId=40309&docId=491790575&qb=7J6Q7Leo67CpIOyWkeuPhA==&enc=utf8,지식iN,
a2562ef78f3f929162a1ceadd026b4cc,naver,kin,자취방 양도,KW2,공백기의 존재를 확인하기 위함,자취방 관련해서 여쭤 봅니다!,"... 제가 작년에 자취방 원룸에 살았었고, 이번 년도에 재계약을 할 거냐고 해서 통화로 하겠다고 했습니다. 작년에... 그래서 집주인 분께 얘기하니까 제가 알아서 양도를 하라고 하더라고요. 연세도 제가 미리 내고 양도 받는 사람한테...",https://kin.naver.com/qna/detail.naver?d1id=4&dirId=4020202&docId=491729914&qb=7J6Q7Leo67CpIOyWkeuPhA==&enc=utf8,지식iN,
1f53882c1affc5b314ba3370a3cec848,naver,kin,자취방 양도,KW2,공백기의 존재를 확인하기 위함,회사에서 자취방 계약,"... 회사가 자취방 임대를 지원하는 경우, 계약 시 고려해야 할 중요한 포인트는 다음과 같습니다. 1. 계약명의: 회사와 나의 명의로 계약하는 방식이 가장 안전합니다. 보통 회사 명의로 계약하면, 퇴사 시 계약 종료 또는 양도 과정이...",https://kin.naver.com/qna/detail.naver?d1id=4&dirId=4020202&docId=491510264&qb=7J6Q7Leo67CpIOyWkeuPhA==&enc=utf8,지식iN,
5ea5bba84765247e0e24638caafc0ffc,naver,kin,자취방 양도,KW2,공백기의 존재를 확인하기 위함,자취방 양도,... 자취방 양도 관련해서 고민이 많으시겠네요. 현재 상황에서 선택할 수 있는 방법은 크게 두 가지입니다. ✅ 1. 임대인(집주인) 동의를 받아 ‘임차권 양도’ 방식으로 넘기는 방법 원칙적으로 임대차계약은 임대인 동의 없이 제3자에게...,https://kin.naver.com/qna/detail.naver?d1id=6&dirId=60202&docId=490743789&qb=7J6Q7Leo67CpIOyWkeuPhA==&enc=utf8,지식iN,
90dd2e5512ef9e6c4714b28772d457ec,naver,kin,자취방 양도,KW2,공백기의 존재를 확인하기 위함,부모와 동거 중인 자가 취득 전 주소 이전을 통해 1세대...,... 친구 자취방에 동거인으로 전입신고를 하고 함께 거주한다면 제가 주택을 취득하더라도 1주택자로 분류되는지 궁금하며 향후 취득 후 양도시 세금적 불이익이 있는지 궁금합니다. 참고로 6개월전에 회사를 그만둔 상태고 현재...,https://kin.naver.com/qna/detail.naver?d1id=11&dirId=1119&docId=490546947&qb=7J6Q7Leo67CpIOyWkeuPhA==&enc=utf8,지식iN,
bab887b6e0c416c919d9189a4f34fc58,naver,kin,자취방 양도,KW2,공백기의 존재를 확인하기 위함,월세 임대차계약 계약자를 세대주에서 동거인으로...,... 최근에 여자친구가 주변으로 이사 오면서 여자친구 자취방에서 지내고 있습니다.(전입신고X) 거주지 마련을 위해서... 계약서 검토: 임대차계약서에 계약자 변경 또는 전대(신규 계약 또는 양도) 관련 조항이 있는지 확인하세요. 일부...,https://kin.naver.com/qna/detail.naver?d1id=4&dirId=40202&docId=490534129&qb=7J6Q7Leo67CpIOyWkeuPhA==&enc=utf8,지식iN,
7a16626fcbb9149db0818842ec57c822,naver,kin,자취방 양도,KW2,공백기의 존재를 확인하기 위함,인감등록 꼭 해야하나요?,"... 자취방 계약서 같이 인감도장을 필요로 할 때 선물로 주신 도장을 인감도장처럼 쓰는데 인감등록이란 것을 얼마... 첫째, 전·월세 계약 중 일부 집주인 요구 둘째, 자동차 양도·명의이전 서류 셋째, 은행·보증 관련 중요한 계약 넷째...",https://kin.naver.com/qna/detail.naver?d1id=6&dirId=601&docId=486712600&qb=7J6Q7Leo67CpIOyWkeuPhA==&enc=utf8,지식iN,
6901c6f7122f7b53a2f398d257ec17fb,naver,kin,자취방 양도,KW2,공백기의 존재를 확인하기 위함,원룸 추위 대처방법,... 퇴근하고 자취방에 오면 방의 한기(냉기)가 느껴져서 제대로 잠을 잘수가 없는 상황인데 보일러를 틀자니... 그렇게 해도 유리창을 통해 들어오는 양도 만만치 않습니다. 최대한 바람을 막아줍니다. 보일러는 아주 추운 날에는...,https://kin.naver.com/qna/detail.naver?d1id=5&dirId=50104&docId=490424697&qb=7J6Q7Leo67CpIOyWkeuPhA==&enc=utf8,지식iN,
5d499e1bd96df66bddd5d6f6d975e606,naver,kin,자취방 양도,KW2,공백기의 존재를 확인하기 위함,에타에서 자취방 양도받으려고 하는데요,... 자취방을 양도받으려고 준비 중이시군요! 에브리타임 같은 대학 커뮤니티에서 자취방을 양도받을 때 꼭 확인해야 할 사항들을 정리해 드릴게요. 집주인과의 양도 허락: 양도자가 집주인으로부터 양도를 허락받았는지 꼭 확인하세요....,https://kin.naver.com/qna/detail.naver?d1id=8&dirId=809&docId=490202333&qb=7J6Q7Leo67CpIOyWkeuPhA==&enc=utf8,지식iN,
acefc672122d4fde0b77cfd40a6a02ad,naver,kin,자취방 양도,KW2,공백기의 존재를 확인하기 위함,전입 신고 관련 문의,안녕하세요 현재 대학교 인근 자취방을 양도 받아 거주중인 한 학생입니다. 전입신고가 되어 있던 기존 자취방의 계약 기간이 만료되면서 다음 방을 찾다가 친구가 계약 중이던 방에 임시로 거주 중에 있는데요 이럴 경우 전입 신고 등은...,https://kin.naver.com/qna/detail.naver?d1id=6&dirId=60202&docId=488836344&qb=7J6Q7Leo67CpIOyWkeuPhA==&enc=utf8,지식iN,
cbdc0929f5aec3748fa3ef4bb88faec8,naver,kin,자취방 양도,KW2,공백기의 존재를 확인하기 위함,자취방 양도,"전에 살던 사람이 계약이 4달정도 남은 상태에서 제가 양도받아서 들어가려 하는데, 6개월 단위로 비용을 지불한다고 하면 (지불비용/6개월 총 일수)x남은 일수 만큼 이전 세입자에게 개인적으로 송금하여 살아도 문제 없는건가요??...",https://kin.naver.com/qna/detail.naver?d1id=4&dirId=4020202&docId=488759496&qb=7J6Q7Leo67CpIOyWkeuPhA==&enc=utf8,지식iN,
6c612e8857db6ac0a6079b4b15cc2119,naver,kin,자취방 양도,KW2,공백기의 존재를 확인하기 위함,자취방 중도퇴실,"... 세입자 구하면 집주인과 상의 후에 자취방 양도 할 수 있나요? +보증금이나 월세는 그럼 어떻게 되는건가요? 네, 가능합니다. 보통 이런 경우는 임대인 동의 하에 신규 세입자를 구해 ‘임차권 양도·승계’ 방식으로 해결해요. 세입자...",https://kin.naver.com/qna/detail.naver?d1id=4&dirId=4020202&docId=485682412&qb=7J6Q7Leo67CpIOyWkeuPhA==&enc=utf8,지식iN,
7ef011e9ed34a45b26f20d682d8e133b,naver,kin,자취방 양도,KW2,공백기의 존재를 확인하기 위함,실외기 소리,자취방 실외기 저주파때문에 미치겠어요 계약기간까지는 버텨보려고 하는데 겨울에는 실외기 사용하는 일이 없을까요? 24시간 내내 들려서 안멈추고 1년동안 계속 들으라하면 그냥 방 양도하고 나갈 생각입니다.. 겸사겸사 이사하기 전...,https://kin.naver.com/qna/detail.naver?d1id=5&dirId=50104&docId=488631930&qb=7J6Q7Leo67CpIOyWkeuPhA==&enc=utf8,지식iN,
5e848849ceb1e36674e0cca2989cdea4,naver,kin,자취방 양도,KW2,공백기의 존재를 확인하기 위함,부산 상수도 이사정산 요금 계산,... 제가 자취방 계약을 양도 받아서 사용했는데 6월 좀 덜 되게 살았습니다! 집주인분께서 들어갈때 기준에서 나올때 빼서 그가격 만큼만 내라고 하셨거든요! 들어갈때 기준 사진과 나올때 기준 사진입니다…! 집주인분께서 42000원정도...,https://kin.naver.com/qna/detail.naver?d1id=8&dirId=80902&docId=481233283&qb=7J6Q7Leo67CpIOyWkeuPhA==&enc=utf8,지식iN,
a85c6143541cb4baa2e72e8d080d83a5,naver,kin,자취방 양도,KW2,공백기의 존재를 확인하기 위함,자취방 양도 관련 질문 드립니다,계약 만료 3개월 남은 방 사정으로 비워야해서 다른 사람에게 3개월 양도했습니다 (집주인 동의) 보증금은 전부 제가 부담하고 월세/관리비만 받기로 했는데 계약서도 따로 작성을 해야할까요? 집주인이 동의 하였지만 다른사람의 정보가...,https://kin.naver.com/qna/detail.naver?d1id=4&dirId=4020202&docId=487662909&qb=7J6Q7Leo67CpIOyWkeuPhA==&enc=utf8,지식iN,
49f513a1ac0a882bcc82f91998338a5c,naver,kin,자취방 양도,KW2,공백기의 존재를 확인하기 위함,자취방 중도퇴실 양도,제가 올해 2월에 학교 앞 자취방을 1년 계약했는데 개인사정으로 이번 8월 말까지만 살다가 직접 양도인을 구해서 제가 그대로 집주인님께 보증금과 월세를 내고 양도자에게 월세값을 저에게 보내달라고 해도 될까요..? 양도자는 9...,https://kin.naver.com/qna/detail.naver?d1id=6&dirId=60212&docId=487521993&qb=7J6Q7Leo67CpIOyWkeuPhA==&enc=utf8,지식iN,
8a1f12a12b53bba440f265bcc44b5da1,naver,kin,자취방 양도,KW2,공백기의 존재를 확인하기 위함,"어릴 때 모친이 가져간 본인 소유의 재산, 돌려받을 수...","... 현금으로(양도, 증여의 방식) 받았습니다. 제 명의의 계약이었고 제 통장에 들어왔습니다. 저는 쭉 어머니와 살았고... 저는 취업을 해서 회사 근처에 자취방을 구해서 살았고 주말에 본가에서 시간을 보냈습니다. 이제 결혼할 나이가...",https://kin.naver.com/qna/detail.naver?d1id=6&dirId=60215&docId=487206989&qb=7J6Q7Leo67CpIOyWkeuPhA==&enc=utf8,지식iN,
09ae1779b7e606f61a782bf49dba18c2,naver,kin,자취방 양도,KW2,공백기의 존재를 확인하기 위함,자취방을 부모님 몰래 양도이전하고 퇴거신고,"자취방을 부모님 몰래 양도이전하였는데 퇴거신고를 해야한다고 합니다 본가로 전입신고를 하면 퇴거신고가 된다고하는데 본가로 전입신고를 할시 부모님께 연락이 갈까요? 네, 본가로 전입신고를 하면 해당 사실은 관할 관공서에...",https://kin.naver.com/qna/detail.naver?d1id=6&dirId=60202&docId=487137738&qb=7J6Q7Leo67CpIOyWkeuPhA==&enc=utf8,지식iN,
c43468670ac377f0f828ef40d9671626,naver,kin,자취방 양도,KW2,공백기의 존재를 확인하기 위함,경차 유류세환급 카드 조건,... 시작하려는데 자취방 주소지에 이전 거주자가 아직 주소지이전을 안해서 제가 동거인으로 들어가진다는데... 카드 양도 시 가산세 40% 부과돼요 ### 신청 방법 요약 1. **경차 유류구매카드**(롯데/신한/현대 등) 발급 신청 2....,https://kin.naver.com/qna/detail.naver?d1id=4&dirId=40104&docId=485939836&qb=7J6Q7Leo67CpIOyWkeuPhA==&enc=utf8,지식iN,
b8531ef6972811b819c921085aa712c6,naver,kin,자취방 양도,KW2,공백기의 존재를 확인하기 위함,TV 수신료 TV를 소지한 것만으로도 납부 대상인가요?,"... 제가 자취방에 처음 이사 올 때부터 옵션으로 딸려있던 거여서 뭔가 함부로 치우기도 그래서 이렇게 글... 해지를 원하신다면, TV를 없앤 뒤 폐기나 양도 증빙을 제출해야 가능합니다. 신청 방법과 준비 서류는 아래 블로그를...",https://kin.naver.com/qna/detail.naver?d1id=1&dirId=10901&docId=486169906&qb=7J6Q7Leo67CpIOyWkeuPhA==&enc=utf8,지식iN,
9e71a31a951df12cf93fc2e21014414d,naver,kin,자취방 양도,KW2,공백기의 존재를 확인하기 위함,혼자 살아가는 법,"... 자취방 구하는 법 괜찮은 방 구하는 법이랑 집 보러 갔을 때 체크해야하는 것 사기인지 아닌지 구별할 수 있는 법... 이전(양도)**이 필요 (일부 보험은 불가) ""내가 앞으로 납입하고, 부모님은 관여 안 하게 하고 싶다""고 분명히...",https://kin.naver.com/qna/detail.naver?d1id=4&dirId=40307&docId=485687021&qb=7J6Q7Leo67CpIOyWkeuPhA==&enc=utf8,지식iN,
e902854451a5345d077b63249d066b3b,naver,kin,자취방 양도,KW2,공백기의 존재를 확인하기 위함,대학생 자취방 월월세(전대차),... 2학기에 휴학을 할거라 자취방을 다른 사람에게 양도하려고 해요. 이럴경우 저는 1. 주인아주머니께 2학기에 휴학하게 되어서 방을 양도해도되냐고 묻고 2. 에브리타임에서 양도받을 사람을 구하고 3. 그 사람을 주인아주머니께...,https://kin.naver.com/qna/detail.naver?d1id=4&dirId=4020202&docId=485372674&qb=7J6Q7Leo67CpIOyWkeuPhA==&enc=utf8,지식iN,
e5a31067a54dbd4f7dc5a3fb5f595c8c,naver,kin,자취방 양도,KW2,공백기의 존재를 확인하기 위함,자취방 빼고 싶어요,"... 당신은 서류에 관여하거나 법적 책임 없음 (단, 특별히 양도양수 형식을 요구할 경우 예외 있음 → 드뭅니다) 3. 임차인 구하기 전까지 월세 내야 하나요? 묵시적 갱신 후에는 임대차계약상 법적 효력이 2년간 유효하며, 중도 퇴실은...",https://kin.naver.com/qna/detail.naver?d1id=4&dirId=4020202&docId=484911153&qb=7J6Q7Leo67CpIOyWkeuPhA==&enc=utf8,지식iN,
1a16878d2464aeebba68b77363576c3c,naver,kin,자취방 양도,KW2,공백기의 존재를 확인하기 위함,친구 6개월 선세230 자취방 방학전에 뺀다해서,친구 6개월 선세230 자취방 방학전에 뺀다해서 두달치정도 돈버리는거 그냥 제가 양도받으려는데 얼마가 괜찮을까요 달로 나누면 1달에 약 40만원꼴인데 대강 60만원에 쇼부보면 되겠네요,https://kin.naver.com/qna/detail.naver?d1id=6&dirId=61303&docId=483764876&qb=7J6Q7Leo67CpIOyWkeuPhA==&enc=utf8,지식iN,
0e0609afaf05690db8eb9f076a3a8a91,naver,kin,자취방 양도,KW2,공백기의 존재를 확인하기 위함,자취방 전대,"... 본가로 들어가려고 하는데 친구한테 남은 기간동안 양도하려고 해요. 그렇게 되면 그냥 집주인분이랑 저, 친구 이렇게 셋이 가서 동의 받으면 끝인가요? ==> 네 그렇습니다. 자취방을 양도하는 경우 임대인의 동의를 받고 진행 가능합니다.",https://kin.naver.com/qna/detail.naver?d1id=6&dirId=60202&docId=483531671&qb=7J6Q7Leo67CpIOyWkeuPhA==&enc=utf8,지식iN,
98c2c84352e3d4c35544134031089d89,naver,kin,자취방 양도,KW2,공백기의 존재를 확인하기 위함,법적 소유권과 청년전세임대제도 관련 질문,"안녕하세요 기초생활수급자 자격으로 LH청년전세임대제도를 이용해서 대학교 근처에 자취방을 구해서 전세로 살고... - 따라서 집주인과 합의 후 ""기부"" 또는 ""양도"" 의사를 문서(각서)로 남기는 것이 가장 확실한 방법입니다. 3. 집주인이...",https://kin.naver.com/qna/detail.naver?d1id=6&dirId=60215&docId=483058070&qb=7J6Q7Leo67CpIOyWkeuPhA==&enc=utf8,지식iN,
ddf0079fdba086c6613ff829b701ee03,naver,kin,자취방 양도,KW2,공백기의 존재를 확인하기 위함,자취방 중도퇴실,... 와 저랑 상황이 완전 똑같네요… 저는 월세 비싼 곳에 자취해서 양도도 잘 안 돼요 ㅋㅋㅋ ㅜㅜ 양도받을 사람 구해서 집주인과 양도받을 사람과 상의해서 양도계약서 쓰면 된다고 들었어요 일단 양도할 사람부터 구해봐요,https://kin.naver.com/qna/detail.naver?d1id=4&dirId=4020202&docId=482936305&qb=7J6Q7Leo67CpIOyWkeuPhA==&enc=utf8,지식iN,
6f839cf4d6b8ffa44b6b31b9443467e1,naver,kin,자취방 양도,KW2,공백기의 존재를 확인하기 위함,청년월세 지원 전입신고,제가 자취방을 구하는데 처음 구했던 A방으로 주민센터에서 전입신고를 하고 청년월세지원신청을 했습니다 근데 사정이 생겨서 A방은 다른 사람에게 양도하고 B방을 계약하고 방금전 온라인으로 전입신고를 했습니다 주소지를 B방으로...,https://kin.naver.com/qna/detail.naver?d1id=6&dirId=60202&docId=482648678&qb=7J6Q7Leo67CpIOyWkeuPhA==&enc=utf8,지식iN,
06a84eb236499f18705bc757f27795f8,naver,kin,자취방 양도,KW2,공백기의 존재를 확인하기 위함,"임차권 양도, 재양도로 인한 계약해지 사유인가요?",... 임차권 양도/재양도 인가요? 2. 위 일로 인해 집주인분께서 계약해지를 말씀하셨는데 제가 이 곳에서 계속 자취를 이어갈 방법은 없을까요 3. 이 사실로 인해 제가 자취방 계약해지를 받을만한 사유일까요 4. 집 주인분께서는 내일...,https://kin.naver.com/qna/detail.naver?d1id=6&dirId=60212&docId=482523698&qb=7J6Q7Leo67CpIOyWkeuPhA==&enc=utf8,지식iN,
926d982bda2700f1ff546659181356bd,naver,kin,자취방 양도,KW2,공백기의 존재를 확인하기 위함,월세 환불,2월 15일에 자취방 1년 계약 월세로 입주했습니다. 이때 보증금이랑 월세도 입금했습니다. 그런데 일이 생겨서 도중에... 그리고 일주일 뒤에 새로운 계약자분이 나타나서 방을 무사히 양도했습니다. 새입자분은 오늘 2월 28일에...,https://kin.naver.com/qna/detail.naver?d1id=4&dirId=4020202&docId=482508153&qb=7J6Q7Leo67CpIOyWkeuPhA==&enc=utf8,지식iN,
2defe6be1777402119dcc2830377af54,naver,kin,자취방 양도,KW2,공백기의 존재를 확인하기 위함,월세방 양도시 도시가스 전기세 중간 정산은 어떻게하나요,"현재 살고있던 자취방을 중간에 양도하게 되었는데요 매월 15일에 월세를 납입하는 구조인데, 오는 28일에 다른 세입자에게 방을 양도하기로 했습니다. 그러면 15일부터 27일까지의 도시가스 요금과 전기세를 분할 정산하고 싶은데...",https://kin.naver.com/qna/detail.naver?d1id=4&dirId=4020202&docId=482393995&qb=7J6Q7Leo67CpIOyWkeuPhA==&enc=utf8,지식iN,
e49020c3a1d50a23194cf9b0f688b5c8,naver,kin,자취방 양도,KW2,공백기의 존재를 확인하기 위함,자취방 양도 하고싶은데 집주인이 연락을 안 받아요,현재 대학 근처오피스텔에 살고 있는데요. 제가 사정이 생겨서 계약 중간에 나가려고 부동산에 내놓으려고 하는데 집주인이 연락을 안 받네요. 전에 집 도어락이 고장나서 수리해달라고 연락했을때도 안 받더니 저를 차단한 것 같아요....,https://kin.naver.com/qna/detail.naver?d1id=4&dirId=4020202&docId=482335757&qb=7J6Q7Leo67CpIOyWkeuPhA==&enc=utf8,지식iN,
22e54e06637fb3d9606407b1ddc853b3,naver,kin,자취방 양도,KW2,공백기의 존재를 확인하기 위함,자취방 원룸,"... 자취방 원룸 단기 계약을 희망하고 계시는군요. 관련 절차와 주의 사항을 알려드릴게요. 먼저 단기 임대는 출장자나... 이외에 무보증 원룸 월세 계약 시 주의사항, 원룸 양도 시 주의사항 등을 알고 싶으시다면 언제든지 질문해 주세요.",https://kin.naver.com/qna/detail.naver?d1id=8&dirId=81003&docId=482140377&qb=7J6Q7Leo67CpIOyWkeuPhA==&enc=utf8,지식iN,
223ad69705c11465632f0b961ffaf022,naver,kin,자취방 양도,KW2,공백기의 존재를 확인하기 위함,자취방 거래 양도 각서에 대한 상담,제가 자취방 계약이 8월까진데 이제 그만 살려고해서 다른 세입자를 구했어요 근데 이분이 새로 계약한게 아니고 월세만 그 사람이 내면서 계약기간까지 사는거거든요? 보증금은 제가 낸 거 그대로구요. 혹시나 문제 생길거 대비해서...,https://kin.naver.com/qna/detail.naver?d1id=6&dirId=60215&docId=482045203&qb=7J6Q7Leo67CpIOyWkeuPhA==&enc=utf8,지식iN,
9948b1d35307cebdb20b368fee2e0871,naver,kin,자취방 양도,KW2,공백기의 존재를 확인하기 위함,청년월세한시지원 관련 질문,"대학 자취방을 이번달에 계약했는데, 전에도 양도받아서 계속 그 집에서 살고 있었습니다. 월세지원 관련 서류에서 월세입금내역 3개월치가 필요한데 전 세입자에게 보낸 돈은 해당이 안 되는건가요? 안녕하세요! 청년월세지원 신청을...",https://kin.naver.com/qna/detail.naver?d1id=4&dirId=4020202&docId=481832976&qb=7J6Q7Leo67CpIOyWkeuPhA==&enc=utf8,지식iN,
2e9874e6238bb47a51c7c360abcc667d,naver,kin,자취방 양도,KW2,공백기의 존재를 확인하기 위함,대학 기숙사,... 신청조차 못하는건가요? 죽어도 통학 못구하는 거린데... ㅠㅠㅠ 어쩌죠 자취방 구하시는방법밖엔.... 아니면 합격하시고 에타에서 기숙사 양도가능한사람 있나 찾아보세요,https://kin.naver.com/qna/detail.naver?d1id=11&dirId=110408&docId=481504401&qb=7J6Q7Leo67CpIOyWkeuPhA==&enc=utf8,지식iN,
8c1f7e156ba5d373de0076f21114fa4b,naver,kin,자취방 양도,KW2,공백기의 존재를 확인하기 위함,오토바이 우편,제가 지금 자취하고있고 오토바이를 부모님몰래타려는데 보험가입할 땐 자취방주소로했거든요 근데 제가 실수로 번호판발급받으러갈 때 구청에 양도증명서?제출할 때 원래 집주소로써서냈거든요ㅠㅠ 궁금한 점 1. 번호판등록하면 뭐...,https://kin.naver.com/qna/detail.naver?d1id=6&dirId=60102&docId=481313569&qb=7J6Q7Leo67CpIOyWkeuPhA==&enc=utf8,지식iN,
3b5049d3e7d65e3767124a52cd2cc7c8,naver,kin,자취방 양도,KW2,공백기의 존재를 확인하기 위함,자취방 계약 기간 끝나기 전 세입자,자취방 계약 끝나기전에 세입자 구하면 전 나가도 되는거죠?? 집주인분께 말씀 드리고 양도 한다고 글 올려야하나요?? ==> 네 임대차 계약기간 중 해지를 하는 경우 우선 임대인에게 알려드린 후 세로운 임차인을 찾아야 합니다. 그렇지...,https://kin.naver.com/qna/detail.naver?d1id=4&dirId=4020202&docId=480821686&qb=7J6Q7Leo67CpIOyWkeuPhA==&enc=utf8,지식iN,
f9044a0b89be0b218b193da90193233f,naver,kin,자취방 양도,KW2,공백기의 존재를 확인하기 위함,월세 자취방 계약 만료 안됐는데 방 뺄수 있나요ㅠㅠ?,"... 양도로.. 계약 기간이 2년인 경우, 계약서에 명시된 조건에 따라 다르지만 일반적으로 계약 해지나 양도는 가능할... 조건이나 양도 절차를 확인해보세요. 보통은 회사와의 협의가 필요하며, 양도할 상대방을 찾는 것도 중요합니다....",https://kin.naver.com/qna/detail.naver?d1id=4&dirId=4020202&docId=480749018&qb=7J6Q7Leo67CpIOyWkeuPhA==&enc=utf8,지식iN,
462820ef6079083c4671bfc955c6a7dc,naver,kin,자취방 양도,KW2,공백기의 존재를 확인하기 위함,냉장고 버려야하는데 골치아프네요..,"자취방 계약만료로 짐을 빼줘야하는데 전 세입자가 사용하던 냉장고를 양도받아 사용했었는데 이게 너무 커서 현관문,엘리베이터로 이동이 안되네요 재사용 할 건 아니고 폐기처리 할건데 어떻게 해야할까요? 안녕하세요 폐기물 처리...",https://kin.naver.com/qna/detail.naver?d1id=8&dirId=80902&docId=480162863&qb=7J6Q7Leo67CpIOyWkeuPhA==&enc=utf8,지식iN,
6d2c9ebc14dcac7bf57fad1f72d64d7b,naver,kin,자취방 양도,KW2,공백기의 존재를 확인하기 위함,기숙사 비용 납부 돈없음,... 에타 들어가시면 쉐어하우스 양도나 자취방 양도 같은 게 올라오는데요. 원래 살던 사람이 구하고 나가는 거라 양도도 빠르고 실물 보기도 수월합니다. 저같은 경우에는 기숙사랑 자취방은 돈이 너무 부담이 되니까 선상에서...,https://kin.naver.com/qna/detail.naver?d1id=4&dirId=4010504&docId=479606324&qb=7J6Q7Leo67CpIOyWkeuPhA==&enc=utf8,지식iN,
9a364a1f2e68ea9fd1b964943b93a4ff,naver,kin,자취방 양도,KW2,공백기의 존재를 확인하기 위함,건국대글로컬이랑 충주교통대 사이 자취방 투룸,... 1학기에는 기숙사에서 살다가 2학기 때 양도받아 자취방을 구하는 형태도 추천되고 있어요. 잘 알아보신다면 보증금 200에 30만 원대 초반 정도면 충분히 좋은 곳을 찾을 수 있을 거예요. 자취방 연세가 250-300 정도로 저렴한 곳도...,https://kin.naver.com/qna/detail.naver?d1id=11&dirId=1119&docId=479368021&qb=7J6Q7Leo67CpIOyWkeuPhA==&enc=utf8,지식iN,
b7d2a6930b2e32f7c47118d5d6cc5035,naver,kin,자취방 양도,KW2,공백기의 존재를 확인하기 위함,자취방 세탁기 제돈으로 고쳐야하나요?,... 저한테 양도해주는 사람이 이제 잘된다고 햇어서 고장에 대해서 다 아는 사항인줄 알앗습니다 (몇몇 기능이 고장났었지만 세탁에는 문제가 없엇음) 그동안 말 안하고 사용햇기때문에 제가 고장낸거라고 제탓으로 돌리는데 이게 맞나...,https://kin.naver.com/qna/detail.naver?d1id=8&dirId=809&docId=478538849&qb=7J6Q7Leo67CpIOyWkeuPhA==&enc=utf8,지식iN,
c8229e1d445b578831a060f0975e1c01,naver,kin,자취방 양도,KW2,공백기의 존재를 확인하기 위함,kbs 수신료 해지,자취방에 티비가 있는데 안 봅니다. 이 경우에 kbs 수신료 해지 가능한가요? KBS 수신료는 텔레비전을 소유한 가구는... 사람에게 양도하거나 판매한 경우 이어서 수신료 해지를 원할 경우 한전 또는 KBS에 직접 해지 신청을 해야 하며...,https://kin.naver.com/qna/detail.naver?d1id=3&dirId=301&docId=477314308&qb=7J6Q7Leo67CpIOyWkeuPhA==&enc=utf8,지식iN,
e6e2587276380640ae3aed3d3b166af6,naver,kin,자취방 양도,KW2,공백기의 존재를 확인하기 위함,자취방 양도 전입신고,"... 지원을 받은 후 1년 이내에 자취방을 양도하거나 전입신고를 변경하면 특혜금 전액을 반환해야 합니다. 따라서 지원금 수령 후 1년 이내에 자취방을 양도하는 경우, 지원금을 반환해야 합니다. 전입신고를 늦춰서 지원금을 수령하게...",https://kin.naver.com/qna/detail.naver?d1id=6&dirId=60202&docId=477948849&qb=7J6Q7Leo67CpIOyWkeuPhA==&enc=utf8,지식iN,
24298fcbf920a79c7f890ebf759660ad,naver,kin,자취방 양도,KW2,공백기의 존재를 확인하기 위함,월세방 실거주자와 계약자의 책임과 권리,"... 친구분에게 양도된 것이 아니라, 임차인인 질문자님이 임대인인 집주인의 동의를 얻어 임차물인 자취방을 친구분에게 전대한 것으로 해석됩니다(이때 친구분은 ""전차인""입니다). 그러한 경우 임대인과 임차인 사이의 임대차계약에는...",https://kin.naver.com/qna/detail.naver?d1id=6&dirId=60215&docId=477865096&qb=7J6Q7Leo67CpIOyWkeuPhA==&enc=utf8,지식iN,
87f688a5102d198405e958c1885ae90e,naver,kin,자취방 양도,KW2,공백기의 존재를 확인하기 위함,자취방 양도 관련해서 질문드립니다,재가 자취하는 친구에게 함께살 친구와 같이 자취방을 양도 받기로 했다가 불가피한 사정탓에 자퇴 결정해 그 자취방을 양도 받지 못하게 되어 계약이 파토되었습니다. 그친구는 자기는 보증금만 돌려받으면 상관없다는 식으로...,https://kin.naver.com/qna/detail.naver?d1id=4&dirId=4020202&docId=477449839&qb=7J6Q7Leo67CpIOyWkeuPhA==&enc=utf8,지식iN,
e1135454d1cbd438b153de9b2c71ffea,naver,kin,자취방 양도,KW2,공백기의 존재를 확인하기 위함,단기임대 월세 양도,안녕하세요 이번에 첫 인턴활동으로 지방에서 서울로 첫 자취방을 구하게되었습니다.(회사 역 부근)딱 출근 전날 집... 대신 양도 할 수 있을까요?? 임대인의 허락을 구하면 가능하긴 합니다. 그런데 현재 상황을 보면 임대인이 허락해 줄...,https://kin.naver.com/qna/detail.naver?d1id=4&dirId=4020202&docId=476760583&qb=7J6Q7Leo67CpIOyWkeuPhA==&enc=utf8,지식iN,
5bab4ab691d50a33be28b0d7bfdd151d,naver,kin,자취방 양도,KW2,공백기의 존재를 확인하기 위함,Kt인터넷 해지 위약금 감면방법,... 인터넷이 없다면 질문자님께서 자취방에서 사용하시던 인터넷을 이전설치하여 계속 이용하시면 됩니다. 이렇게... 후자의 경우라면 다른 분께 인터넷을 양도하는 방법을 고려해보시는게 좋을 듯합니다. 답변이 도움되셨길 바랍니다!,https://kin.naver.com/qna/detail.naver?d1id=1&dirId=10802&docId=476342431&qb=7J6Q7Leo67CpIOyWkeuPhA==&enc=utf8,지식iN,
8a587e2ed55227f347704dd8a2f6da89,naver,kin,자취방 양도,KW2,공백기의 존재를 확인하기 위함,친한친구랑 끊어야할까요??..,... 이제월세를 그 친구가 내고 저는 월세집을 그친구한테 양도하고 지금 남자친구랑 결혼할 예정이라 이제 집은... 떠서 자취방에 갖다놓고 별짓을 다 했습니다..... 이럼에도 제 남자친구는 꾹 참고 이야기안하고 상황 딱하니까...,https://kin.naver.com/qna/detail.naver?d1id=8&dirId=80101&docId=476313222&qb=7J6Q7Leo67CpIOyWkeuPhA==&enc=utf8,지식iN,
46f0b39347892ac72d30be9288b44a09,naver,kin,자취방 양도,KW2,공백기의 존재를 확인하기 위함,월세 계약기간 전 이사,학교앞 자취방이고 2년 계약한 월세방입니다. 사정이 생겨서 일주일도 안되서 나가야 할 것 같습니다. 양도라는게 있던데 다음학기 전까지만 양도하는식으로 가능한가요? 양도엔 집주인의 허락이 있어야 하나요? 양도가 아닌 그냥 방을...,https://kin.naver.com/qna/detail.naver?d1id=4&dirId=4020202&docId=476114047&qb=7J6Q7Leo67CpIOyWkeuPhA==&enc=utf8,지식iN,
5fd3ab1a981fb8b580bd91ed78b29116,naver,kin,자취방 양도,KW2,공백기의 존재를 확인하기 위함,자취방 양도,"... 지금 살고있는 자취방의 집주인님은 양도받을 사람만 구하면 된다 하셔서 양도를 할 예정이고, 다른 자취방은 새로 계약을 할 예정인데 괜찮은가요? 안녕하세요 구자왕 입니다. 네. 직접 다음 세입자를 구한 후...",https://kin.naver.com/qna/detail.naver?d1id=4&dirId=4020202&docId=474966358&qb=7J6Q7Leo67CpIOyWkeuPhA==&enc=utf8,지식iN,
cffdb902ec3f0e233721fa2db5cbe411,naver,kin,자취방 양도,KW2,공백기의 존재를 확인하기 위함,자취방양도,제가 내년2월까지 계약한 보증금 100만원에 월세 35의 자취방이있습니다 그러다 9월에 다른곳에서 살아야할 사유가 생겨서 9월부터 자취방에 거주할 양도자분을 찾던와중에 들어와서 사시겠다는 분이생겼는데 보증금을 당장 100만원을...,https://kin.naver.com/qna/detail.naver?d1id=4&dirId=4020202&docId=474960917&qb=7J6Q7Leo67CpIOyWkeuPhA==&enc=utf8,지식iN,
76f703846b21208326e02b40de1cfc11,naver,kin,자취방 양도,KW2,공백기의 존재를 확인하기 위함,원룸 자취방 양도 질문,원룸 자취방 양도를 하려는데 양도인은 쌩판 모르는 사람입니다. 근데 제가 방을 빼는게 급한 상황인데 양도인이 보증금만 아니면 계약이 가능 할 거 같다고 하는 상황입니다… 만약 보증금을 제꺼 넣어놓은 상태로 양도를 하게 된다면...,https://kin.naver.com/qna/detail.naver?d1id=8&dirId=8080101&docId=474447087&qb=7J6Q7Leo67CpIOyWkeuPhA==&enc=utf8,지식iN,
f9f0ee760678abfd72b4d1c297f13f99,naver,kin,자취방 양도,KW2,공백기의 존재를 확인하기 위함,자취방 계약서 제가 가지고있어야하나요?,양도받은 집입니다 원래 살던분한테 집주인번호받고 집주인은 계약서를 사진으로 보여주고 저도 ㅇㅋ하고 계약금을 보냈습니다 이제 잔금내고 입주하면 되는데요 그 집주인이 보내준 계약서엔 당연히 집주인은 사인이 되어있고 또...,https://kin.naver.com/qna/detail.naver?d1id=4&dirId=4020202&docId=474247250&qb=7J6Q7Leo67CpIOyWkeuPhA==&enc=utf8,지식iN,
de043514750746a786fd1bfc33e790b6,naver,kin,자취방 양도,KW2,공백기의 존재를 확인하기 위함,집주인분이 방을 일주일 빨리 빼라고,... 집주인과 연락 후 동의를 얻어서 다른 분께 양도했고요. 개강은 8/26일이지만 가격만 9월달로 계산해서 160만원에 자취방을 팔았습니다. 그래서 다음 세입자분을 8/24~25일에 들어오게 하고 저는 23일에 방을 뺄 예정이었습니다....,https://kin.naver.com/qna/detail.naver?d1id=4&dirId=4020202&docId=473815228&qb=7J6Q7Leo67CpIOyWkeuPhA==&enc=utf8,지식iN,
3df8b57722bcdd5f28af2569e0da6675,naver,kin,자취방 양도,KW2,공백기의 존재를 확인하기 위함,수도요금 이런경우엔 제가 따로 안내도 되는건가요?,... 동생 자취방 양도받은건데 명의변경하려고 전화해보니 이 주소같은경우엔 따로 세입자들이 내는 구조가 아닌거같다고…. 그러시던데 그러면 저는 전기세나 가스요금만 내면 되는거죠?,https://kin.naver.com/qna/detail.naver?d1id=8&dirId=80801&docId=473641442&qb=7J6Q7Leo67CpIOyWkeuPhA==&enc=utf8,지식iN,
46021b803fa3544ad1d422f7533d8cdd,naver,kin,자취방 양도,KW2,공백기의 존재를 확인하기 위함,원룸 양도 받으려는데 보증금을 선입금 해야할까요?,자취방 양도를 받기위해 에타에서 사람을 구했습니다. 일단 양도자에게 전화번호만 받은 상태인데 양도자가 보증금과 방세를 먼저 입금하면 집주인에게 알린다고 합니다. 원룸 양도할때 보증금을 받고 집주인에게 말하는게 맞나요??...,https://kin.naver.com/qna/detail.naver?d1id=4&dirId=4020202&docId=473507937&qb=7J6Q7Leo67CpIOyWkeuPhA==&enc=utf8,지식iN,
ebfeaf8b1eda4542d87cdf96a0c91396,naver,kin,자취방 양도,KW2,공백기의 존재를 확인하기 위함,자취방이 너무 기울어져있는데 집주인에게 책임이 있나요,제가 최근 자취방을 구했는데 들어간지 하루만에 허리가 너무 아프고 뭔가 느낌이 이상했습니다. 우연히 건전지를... (사진참고) 참고로 이전 세입자에게 양도받은건데 이런 부분은 전혀 고지받지 못했고요.. 집주인도 얼굴한번 보지...,https://kin.naver.com/qna/detail.naver?d1id=8&dirId=80902&docId=473530823&qb=7J6Q7Leo67CpIOyWkeuPhA==&enc=utf8,지식iN,
dfd1cc9de090adea9fbff6c52766de94,naver,kin,자취방 양도,KW2,공백기의 존재를 확인하기 위함,자취장 양도 질문합니다,안녕하세요 제가 에브리타임에서 자취방 양도를 받으려 하는데 보증금 300에 월세 45(관리비 포함) 짜리 원룸이고 1년계약 하셨는데 6개월 살고 나가야될 일이 생겨서 제가 나머지 6개월을 월세만 내면 됩니다. 혹시 사기를 당할수도...,https://kin.naver.com/qna/detail.naver?d1id=4&dirId=4020202&docId=473324850&qb=7J6Q7Leo67CpIOyWkeuPhA==&enc=utf8,지식iN,
655f60cf07c5e91a66cb20d15f29240b,naver,kin,자취방 양도,KW2,공백기의 존재를 확인하기 위함,자취방 양도 인수인계 전기세 난방비,"4개월 남은 자취방 양도하려는데 집주인이 양도받는 사람에게 전기세, 난방비 인수인계 하라네요. 제 이름으로 된 전기세, 난방비 우편물이 안오게 하고 양도받는 사람 이름으로 오게하려면 어떻게 해야하나요? 아니면 다른방법으로...",https://kin.naver.com/qna/detail.naver?d1id=6&dirId=60202&docId=473326731&qb=7J6Q7Leo67CpIOyWkeuPhA==&enc=utf8,지식iN,
931fb03bd33592c9d2ab308ffcfb7467,naver,kin,자취방 양도,KW2,공백기의 존재를 확인하기 위함,"자취방 양도 계약, 보증금","저는 대학생이고 에타에 2학기 자취방 양도글을 올렸습니다. 지금 계약하고 싶다는 사람은 있고, 집주인에게는 아직 연락을 안한 상태입니다. 보증금을 돌려받고 저와 집주인과의 계약을 파기하는 올바른 양도방법을 자세히 알려주실...",https://kin.naver.com/qna/detail.naver?d1id=6&dirId=60202&docId=473281824&qb=7J6Q7Leo67CpIOyWkeuPhA==&enc=utf8,지식iN,
c20681b7e119433383599aeb83b17520,naver,kin,자취방 양도,KW2,공백기의 존재를 확인하기 위함,원룸 양도 관련해서 질문 있습니다,"... 양도를 하게 되면 다음 자취방을 1년동안 계약하고자 하는 사람을 찾아 양도하려고 하는데, 가능한 걸까요? 3. 1년 단위 계약을 희망하는 사람을 제가 찾아 오게 되면 제 기존 계약을 해지하고 새로운 세입자와 집주인 간에 거래가...",https://kin.naver.com/qna/detail.naver?d1id=6&dirId=60202&docId=472962934&qb=7J6Q7Leo67CpIOyWkeuPhA==&enc=utf8,지식iN,
2e7d488ca8f201a2c5411a24bda80d97,naver,kin,자취방 양도,KW2,공백기의 존재를 확인하기 위함,자취방 양도,자취방을 사정 때문에 양도나 세입자를 구해야되는데 집주인분께는 제가 구한다고 말씀드렸습니다 근데 벌써 부동산에 방을 내놓으셨나봐요 벌써 방을 보고 갔는데 저도 양도자를 구해도 될까요..? 괜히 겹치면 골치 아프니까.. 그리고...,https://kin.naver.com/qna/detail.naver?d1id=4&dirId=4020202&docId=473160944&qb=7J6Q7Leo67CpIOyWkeuPhA==&enc=utf8,지식iN,
89a34f4866acc05276b744f354543756,naver,kin,자취방 양도,KW2,공백기의 존재를 확인하기 위함,자취방 양도 질문,제가 자취방을 사정으로 빼게 되었는데 집주인분께 뭐라고 말씀드려야될지 모르겠어요 임대인에게는 어려운 사정을 잘 말씀드려야 합니다.,https://kin.naver.com/qna/detail.naver?d1id=6&dirId=60202&docId=473123867&qb=7J6Q7Leo67CpIOyWkeuPhA==&enc=utf8,지식iN,
50a5527b1cea9b71dbb907d2fb4abc46,naver,blog,기숙사 퇴소,KW2,공백기의 존재를 확인하기 위함,1인 독립가구 청년 최대 300만 원 지원! 생활비·주거비...,② 주거비 월세 관리비 체납금 기숙사비 이사 비용 이사 비용은 최대 40만 원까지 신청 가능합니다.... 신청서 작성 퇴소확인서 1부 건강보험료 납부확인서 건강보험료 납부확인서는 2025년 6월부터 2026년...,https://blog.naver.com/eden9342eden/224319721971,Y.BLOG,2026-06-18
7e0aac43bd51a0f53be35514454fcd54,naver,blog,기숙사 퇴소,KW2,공백기의 존재를 확인하기 위함,[대학생 기숙사] 신격호 롯데장학관 거주 후기 | 무상기숙사...,기숙사 시설 1. 관생실 관생실 구조는 대략 이렇게 생겼어요 ㅎㅎ... 직접 그려봤는데 어느정도 알아보시겠나요?? 제가 퇴소하며 찍은 방 사진이랑 롯데재단 페이지에 올라와있는 사진으로 설명 드릴게요 1)...,https://blog.naver.com/youth_ziip/224319039244,청춘집,2026-06-17
da651f4754080345f4370c8ac67b3493,naver,blog,기숙사 퇴소,KW2,공백기의 존재를 확인하기 위함,진천에 관하여,동기/여자/남자/친친/대학동문/분임/그냥지나가다 찍으면서 사천장 채우고 퇴소하시면 됩니다~ 2.... 방 빼기 싫어요 시설 참 좋다 아 기숙사 왜이렇게 좋은건데~!~!~~!~! 3인 1실인데 1인 1방으로 프라이버시를...,https://blog.naver.com/1tklove/224318091135,그러나 우리가 사랑으로,2026-06-16
eb6d39324f5e55a7cdbf932a4253385d,naver,blog,기숙사 퇴소,KW2,공백기의 존재를 확인하기 위함,교환일기 마무리,기숙사 퇴소 D-DAY... 5개월 동안 유럽에서 홈스윗홈이 되어준 기숙사를 떠난다니까 진짜 마음이... 그리고 퇴소 전 기숙사 점검 왔는데 옷장속서랍속선반위에 먼지 있다고 박박 닦으래서 물티슈로 박박 닦음...,https://blog.naver.com/codbs0415/224317042235,chngpn,2026-06-16
edee7723175d87c911f1c45d41c534b3,naver,blog,기숙사 퇴소,KW2,공백기의 존재를 확인하기 위함,2026.04.29｜<얼떨결에 종언> 유낙원·황두현·이한별·윤철주...,29 20:00 유낙원 황두현 이한별 윤철주 이채원 채경식 얼떨결에 종언 관극 후기 줄거리(스포일러 포함 ⚠) 한 대학교 기숙사가 노후화로 인해 철거가 결정되고 기숙사생들이 하나 둘 퇴소한다. 이 기숙사의...,https://blog.naver.com/tmqkdb/224316401028,Wish Upon A Star,2026-06-15
1802849f275e8699297f76036be94343,naver,blog,기숙사 퇴소,KW2,공백기의 존재를 확인하기 위함,자동차 정비기능사,"6개월 기숙사 생활했습니다. 1개 호실에 4명씩 2층 침대에 책상, 옷장 있었네요. 아직까지 연락이 되는... 담당 교수는 동갑이였는데 실력이 뛰어 나지도 않으면서 잘난척을 얼마나 하던지 퇴소하는 날...",https://blog.naver.com/twdlyj/224315076206,"하루에 1%씩 달라지자.""NOTHING IS IMPOSSIBLE""굿잡!",2026-06-13
5c9f008d8a271722b64a65419f7211b9,naver,blog,기숙사 퇴소,KW2,공백기의 존재를 확인하기 위함,2. 먹는다 / 강아지랑 서촌에 간다,그와중에 기숙사 중간퇴소하고 자취방 구한 새내기룸메집 놀러감 진짜 한 30분 자고 ; 채플 늦으면 과락이라 울며겨자먹기로 (차라리 겨자먹고울게요) 단체로 같이 학교감 ... 채플갓다가 수업 듣고 졸업논문...,https://blog.naver.com/chae_y11/224313077402,채,2026-06-11
c40fbd0dc8c61420fed375f0d88affdf,naver,blog,기숙사 퇴소,KW2,공백기의 존재를 확인하기 위함,[앱테크] 파리바게뜨 오늘은 응원 데이! 5천원 할인 쿠폰...,저는 이날 아이의 기숙사 퇴소 후 집에 오는 시간에 맞물려 간식으로 샌드위치 준비할 해놓고 출근예정입니다. 18000원 사고 바로 5000원 할인 결국엔 13000원에 구입하는 거니 가성비가 괜찮은 거 같아요....,https://blog.naver.com/choi_log1/224312383558,경제하는 간호사 | Eco- RN,2026-06-11
f350737a4b86a262a83547fc100598c8,naver,blog,기숙사 퇴소,KW2,공백기의 존재를 확인하기 위함,성남시의 청소년 자립 지원 정책에 대해서,"종료(퇴소) 된 지 5년 이내인 자립준비 청년이면 신청이 가능하다. 민간 주택 월세뿐만 아니라 공공임대주택, 고시원, 직장 또는 학교 기숙사에 거주하는 경우까지 모두 포함하여 폭넓게 지원한다. (다만...",https://blog.naver.com/kira3107/224311919682,사과 꽃의 생각 정리 공간,2026-06-10
fea3f392c01e5c3c9ab97fc4fe6b88cb,naver,blog,기숙사 퇴소,KW2,공백기의 존재를 확인하기 위함,영국조기유학 CATS캠브리지가 잘 맞는 학생들의 공통점,특히 짧은 중간방학인 하프텀기간에는 별도 퇴소 없이 기숙사에 머물 수 있어 이동 부담이 적다는 장점도 있어요. 영국유학 준비 과정에서 놓치기 쉬운 부분 영국조기유학은 학교 입학만 준비한다고 끝나는...,https://blog.naver.com/saukbusan/224311425788,영국어학연수 정보방,2026-06-10
466c202a1638f8dd60b8903d834b51cd,naver,blog,기숙사 퇴소,KW2,공백기의 존재를 확인하기 위함,천안여고 기숙사 생활 후기 및 꿀팁!! (진향학사/천여기숙사),이건 기숙사 퇴소하는 날 찍은 사진이에요 아 그리고 이 사진은.. 안좋은 예시를 보여드리는 거예요 기숙사에서 배달음식 시켜드시면 절대로 안돼요!!! 그런데 저 사진처럼 탁상? 접이식 탁상을 진짜 자주 써요...,https://blog.naver.com/2ja6n/224310076289,Zzz,2026-06-09
523c47ffeb92a9125c8ed744bbc22843,naver,blog,기숙사 퇴소,KW2,공백기의 존재를 확인하기 위함,Ahoj!,기숙사 발코니에서 아무리 생각해도 유럽의 봄은 차원이 달라요.. 아 이제 이런 전경 못 본다는 게... 이제 퇴소일이 정말 얼마 안 남았기에 1차 짐 정리를 시작했는데 분명 짐이 얼마 없다 생각했는데...,https://blog.naver.com/koojinmo/224310066369,koojinmo님의 블로그,2026-06-09
045b1eb9411ad69ec2fe1b25f0aec7b1,naver,blog,기숙사 퇴소,KW2,공백기의 존재를 확인하기 위함,"연수원·기숙사 스마트 도어락 설치,어떤 걸 선택해야...",옵션으로 퇴소 후 에너지 낭비 자동 차단 객실 전원 연동 시 에너지 절감 효과 추가 학교·기숙사 장기 거주 학기 단위 교체 학기 시작·종료 시 카드키 일괄 재발급 및 권한 갱신 가능 룸메이트 변경·전학 시...,https://blog.naver.com/kmon3221/224309652011,객실관리시스템/IOT//BEMS 전문업체,2026-06-08
b826fb8df6c5415e40dde22010c87e04,naver,blog,기숙사 퇴소,KW2,공백기의 존재를 확인하기 위함,"대구보건대 2학기 원룸, 지금 구해도 늦지 않을까요?","""2학기 복학 예정인데 지금 방 구해도 괜찮을까요?"" ""기숙사에서 살았는데 이번 학기부터는 자취를... 마무리 2학기 복학이나 기숙사 퇴소를 앞두고 계신다면 지금부터 천천히 방을 알아보시는 것을 추천드립니다....",https://blog.naver.com/sh00711/224309591575,더올바른부동산중개/부동산임대는 홍소장,2026-06-08
00fad2463a8617a3dc597c88d094cc26,naver,blog,기숙사 퇴소,KW2,공백기의 존재를 확인하기 위함,16.넌왜내게서계속맴돌아-개큰정병,스트레스성 탈모로 기숙사를 나가려고 합니다. 퇴소위원회를 열어주심 좋겠다고 말씀 드렸습니다. 몇번째가 엄마일까요. 정답은 5명 다 입니다. 엄마랑 자주 싸우는 편은 아닙니다. 그렇지만 어제 제가...,https://blog.naver.com/qhrrhkd2/224309563543,돈 많이 벌어올게,2026-06-08
8df66889207a6e1e13050c967693a622,naver,blog,기숙사 퇴소,KW2,공백기의 존재를 확인하기 위함,[대전 쉐어하우스] 강남 쉐어하우스와 프라하에서 시작된...,"4년의 기숙사, 그리고 강남 쉐어하우스에서의 6개월 사실 저도 여러분과 같은 대학 시절과 치열했던... 혹은 기숙사 퇴소 후 다음 방 입주 전까지 단기 거주 공백(1~3주)이 생겨 곤란한 분들을 위해 6월 한정 초단기...",https://blog.naver.com/my_sweet_coco/224308160653,대전 충남대 카이스트 쉐어하우스 코코하우스,2026-06-07
785a43a97124aeeb14eaf3957205a20a,naver,blog,기숙사 퇴소,KW2,공백기의 존재를 확인하기 위함,"In a phrase, CARNEGIE","암튼 기숙사 얘기해보면 솔직히 여자 긱사는 모르겠는데 남자 긱사는 쌤이 2명이신데 1명은 완전... "" 이러시고 1명은 완전 화내고 레드스티커 막 날리셨는데 퇴소 3일 전부터 착해지시고 그때부턴 블루...",https://blog.naver.com/wook_hyunwook/224308125590,Record OUR Youth,2026-06-06
ef59200388697cbf26d111035cd77052,naver,blog,기숙사 퇴소,KW2,공백기의 존재를 확인하기 위함,행복했다 스물넷!,우리 기숙사가 난방을 안하고 히터만 틀어준다 문제는 공기가 순환이 안돼가지고 책상에 앉아있으면... 뒤도 안돌아보고 기숙사 퇴소하고 집으로 갔다 진짜 너무너무 행복했다!!! 내년이는 긱사 만나지 말자...,https://blog.naver.com/hys020422/224308064666,놀러와요 예섬의 숲,2026-06-06
88c3b6b615a734944b4e9f8e9f5c4869,naver,blog,기숙사 퇴소,KW2,공백기의 존재를 확인하기 위함,"자사고 특목고 학교폭력, 대입 반영 시대에 반드시 알아야 할...","기숙사 방이 바뀌거나 퇴소 조치가 이루어지기도 하고, 생활 동선 자체가 분리되면서 학생이 극심한 스트레스를 겪기도 합니다. 문제는 많은 학부모님들이 이 단계를 너무 늦게 대응한다는 점입니다. 이미 학교...",https://blog.naver.com/virtuous300/224306618592,"형사,학폭,이혼전문변호사 법무법인 해든 김성돈",2026-06-05
1d297f463857ca01e55bb172722763ed,naver,blog,기숙사 퇴소,KW2,공백기의 존재를 확인하기 위함,[2026 상반기] 청년 Hy-Five 15기 FAQ,"이전 기수 교육트랙 도중 퇴소했습니다. 재지원 가능한가요? A16. 네, 가능합니다. 각 기수는... 오프라인 교육 시 기숙사나 숙박비 지원 되나요? A42. 교육이 진행되는 세종대학교에서 거주지 기준 거리가...",https://blog.naver.com/skhynixnanum/224306549595,청년 Hy-Five & Hy-Po 공식 블로그,2026-06-05
bb1462f48b016b466b84a79b9ed2ede3,naver,blog,기숙사 퇴소,KW2,공백기의 존재를 확인하기 위함,인생이란 흘러가는 대로,"모종의 이유로 하 편히 즐기진 못했네요 우즈, 세븐틴 버논도 보고 외국인들이랑 대화도 하고 나름 재밌었어요 그리고 저 좆됐어요 ㅅㅂ 기숙사 2주 퇴솝니다 하… 습박 마이 베이브 주현서와 우린 퇴소 당하지...",https://blog.naver.com/tpdbsrla_/224306207408,lisianthus,2026-06-04
e323dab6f0c32c4a8dcef6ca2063c41e,naver,blog,기숙사 퇴소,KW2,공백기의 존재를 확인하기 위함,너 외롭거나 쓸쓸할 때 그땐 내게..,했어요 … #엄미새 기숙사 사는 사람들 이거 다 어떻게 하면서 살아가는거임 진짜 죽고싶었고 이날 처음으로 잠깐 퇴소하고싶어짐 ㅜ.ㅜ 그래서 그냥 더럽게 살기로 합의했어요 청소 끝나고 심심해서 비눗방울...,https://blog.naver.com/sally050627/224305220855,낭랑십팔세,2026-06-04
7d6b9fc34022322e8f1d2fc9db17e7f1,naver,blog,기숙사 퇴소,KW2,공백기의 존재를 확인하기 위함,외고 합격 후 지난 6개월간 사용한 교육비 정리,이건 학생마다 달라서 수요일과 금요일 모두 기숙사에 있는 경우 식비가 더 많이 나올 수 있어요~ 기숙사비는 2달에 한번씩 내는데 기숙사 임시퇴소나 전 기간 퇴소를 하더라도 돌려받지 못하는...,https://blog.naver.com/kingsuda/224304688441,"귀염수다의 알콩달콩house- 엄마표홈스쿨,유아독서",2026-06-03
00a22ab97caec83d74bb660069f90ee8,naver,blog,기숙사 퇴소,KW2,공백기의 존재를 확인하기 위함,"기숙사형 청년주택 알아보자, 현명한 주거 선택의 시작","기숙사형 청년주택, 어떤 장점이 있을까요? 기숙사형 청년주택은 일반적인 주거 공간과는 다른 특별한... 1순위 대상자로는 생계·의료 급여 수급자 가구, 아동복지시설 퇴소 후 5년이 경과하지 않은 자, 주거급여...",https://blog.naver.com/drive023/224300223389,부동산을 이야기하다,2026-06-02
f61928d7c9949d41e9456970a0d0d96e,naver,blog,기숙사 퇴소,KW2,공백기의 존재를 확인하기 위함,5월 추억 모음집,조기 퇴소! (나가실 때 교수님 표정이 정말 행복해보였다는 재밌는 후기) 후다닥 뛰어서 PX 갔더니... 고등학교 기숙사 룸메형 이름을 만원이 아깝다고 버티다가 이제서야 놓아주는 정말 미친 후배 5월 21일...,https://blog.naver.com/tx7979/224303563487,헐만이 해시니 어떵 될 테주,2026-06-02
912cb4aa048e1ad6a265e00e186b97fe,naver,blog,기숙사 퇴소,KW2,공백기의 존재를 확인하기 위함,"돌싱N모솔 조지 반전, 0표에서 인기남이 된 이유",2회 연속 빵표를 받으며 기숙사 퇴소까지 고민했던 사람이 맞나 싶더라고요. 조지 본인도 예상하지 못한 표정이었습니다. 결국 사람은 진심에 끌리는 걸까요? 이번 회차를 보면서 가장 많이 든 생각입니다....,https://blog.naver.com/goodmood1020/224303320187,방송돋보기 연구소,2026-06-02
4c60d374a3ea273f17f9e38bc332ac9a,naver,blog,기숙사 퇴소,KW2,공백기의 존재를 확인하기 위함,mayo,어느날과같이기숙사에서라면먹고있었는데페급이두명이국물화장실에버리다가사감한테걸림ㅜ 사실두개만걸려서안들킬수잇엇는데다들켜서벌점10점먹고퇴소당함^^^!!!!!!!!!ㅎㅎㅎㅎㅎ (준갑쌤: ??) 5/24...,https://blog.naver.com/seonghyunchoi/224303192383,besos,2026-06-01
acd69454ba5edb8fc22b00562fa1e8d5,naver,blog,기숙사 퇴소,KW2,공백기의 존재를 확인하기 위함,May Meow,여성과 퀴어에 대한 작품이라하더라구요 열심히 봣어요 꼼꼼하게 읽엇슴 기숙사 퇴소하면서 짐 다 챙겻고 GTX에서 지여니 인만추햇슴 내가 지연이 SRT시간에 맞게 GTX 탓다는 뜻 ㅎ.ㅎ 엄마랑 둘이 살목지 봐떠여...,https://blog.naver.com/cyan2a/224303048011,Bestehen,2026-06-01
069ec996addce21f1f1d64ca1b9918a7,naver,blog,기숙사 퇴소,KW2,공백기의 존재를 확인하기 위함,사람이힘들잖아지쳤다잖아왜그래도대체그만해야하잖아,이러고 턱걸이로 조기퇴소 성공한 게 레전드였다. 다 끝나고 준엽 선배랑 몇 명 정씨에서 모여서 간맥했다. 그러고 기숙사 들어가서 좀 쉬다가 오랜만에 사회학과 축구 보러 갔다. 결과는 아쉽게 패배. 또 내가...,https://blog.naver.com/jihoooo5/224302026078,이지호님의 블로그,2026-05-31
6126923e6aa9107a98ebdb88f7a096ec,naver,blog,기숙사 퇴소,KW2,공백기의 존재를 확인하기 위함,청춘을 회상하며 웃어봐,꼴 퇴소 기념 김보윤이랑 돈가스 먹엇다 보건실이 기숙사보다 잠 잘 옴 생애 처음이자 마지막 아침점호 불참 퇴소했더요 ✌️✌️✌️ 벌점 퇴소 아니고 자진퇴소입니담^.^.^.^ 202 213 304 303 행복햇다 ~ 퇴소...,https://blog.naver.com/seryung090222/224302002163,너의꽃말은사랑이어라,2026-05-31
3159a4fc0fff5bb016cd6a0fb04d827b,naver,blog,기숙사 퇴소,KW2,공백기의 존재를 확인하기 위함,힘들 때 웃는 자가 일류다,그리고 하윤이가 퇴소를 한다고 했다 하윤아잘가아니야가지마ㅜ잘가ㅜ가지마ㅜ가지마ㅜㅜ 5/29... 있었는데 기숙사에 벌 들어옴 난 라면 들고 도망가고.. 멋진 지영이와 상남자 승연이가 처리 해줬어요 벌이...,https://blog.naver.com/exnbi_/224301978463,exnbi_님의 블로그,2026-05-31
e26e330031525e8d53d698ee4e6a8edd,naver,blog,기숙사 퇴소,KW2,공백기의 존재를 확인하기 위함,붓다선원 경남 템플스테이 명상 입문 후기,"언뜻보기에도 기숙사처럼 건물 규모가 크죠. 3층 높이로 수용 인원이 꽤 많은 것 같았습니다. 방 하나의... (이불보 등은 각자 걷어 퇴소 시, 거풍-바람에 이불을 쐬다-하거나, 청소함에 넣어두어야 합니다.) 다들...",https://blog.naver.com/daily_2woo/224301961264,Dive!,2026-05-31
7c3696edda63e0fc0bf59f06c024a6dd,naver,blog,기숙사 퇴소,KW2,공백기의 존재를 확인하기 위함,더 높이 찬란하게,(왜이렇게 어려울까 ㅜ) (이 다음날 과학 서술형 확인해서 개절망이었음) 기숙사 퇴소날이 어버이날이라서.. 연휴 마지막날 미리 편지를 썼어요.. ㅎㅎ 안동으로 장기출장 갔다온 엄마가 사다준 엄마까투리...,https://blog.naver.com/sere_ndipity331/224301585782,_5eovxc,2026-05-31
5fd4d018c86da7c642f96819f578b301,naver,blog,기숙사 퇴소,KW2,공백기의 존재를 확인하기 위함,오오오오오,보며 기숙사 가원이 표 브라우니 뻥안치고개좋아함이거 체대~~~스타트 해은이랑 좡미랑 아니 돗자리... 금요일이였는데 (기숙사 퇴소날) 딱! 어버이날이어서 친구네 꽃집 가서 엄빠전달완료(근데 자버려서...,https://blog.naver.com/seowon_alice/224301347091,816,2026-05-31
686ccce9ced7526f19a53bfa8b110273,naver,blog,기숙사 퇴소,KW2,공백기의 존재를 확인하기 위함,RISD Pre-College (On-Campus),2026년 일정 날짜 일정 6월 27일 체크인 6월 29일 수업 첫날 7월 30일 최종 전시 시작 7월 31일 수업 마지막 날 8월 1일 기숙사 퇴소 ️ 커리큘럼 구성 Pre-College 커리큘럼은 RISD 1학년...,https://blog.naver.com/0627studio/224300294070,Beyond Portfolio,2026-05-29
2033d0fea3265a1099877851a0e21b22,naver,blog,기숙사 퇴소,KW2,공백기의 존재를 확인하기 위함,기숙사 퇴소 통보를 받다 : in 2개월,더 이상 기숙사를 늘릴수 없다고 판단 가장 오래 거주한 4명이 기숙사를 나가라는 통보를 받았다. 퇴소까지 주어진 기간은 2개월 인근 부동산을 조사해보니 깨끗하고 인프라 좋은 방은 월 50 고시원은 창없는 방...,https://blog.naver.com/hessedofgod/224299692433,Hesed (은혜),2026-05-29
cf53d9b9d0a98dbc6ca4f7cf6a1cda1a,naver,blog,기숙사 퇴소,KW2,공백기의 존재를 확인하기 위함,기숙 부엉이의 생활기,빠르게 짐 검사를 마치고 이제 기숙사에 입소하여 짐을 두고 가려던 도중.. 누군가 입소날에 퇴소를 당하고 있는 겁니다 대충 엿들어 보니 아이패드를 몰래 가지고 들어왔다가 걸려서 입소날 퇴소를 진행하고...,https://blog.naver.com/towardlog/224299562828,나의재수일기,2026-05-29
77b9f2a060651df0ade842be32f15d65,naver,blog,기숙사 퇴소,KW2,공백기의 존재를 확인하기 위함,[대학생 연극 대본 추천] 얼떨결에 종언,"대학교 기숙사, 지어진 지 100년이 넘어 건물이 낡고 위험해져서 철거가 확정됐다. 철거가 얼마 남지... 신타로와 미츠키가 와서 짐 정리를 시작하고 츄키치도 겨우 깨서 퇴소 준비를 한다. 사나코가 와서...",https://blog.naver.com/comeonsense/224299147819,젊은 날의 연극,2026-05-28
031ca84cd3f6806ba22ae5aa0933f43f,naver,blog,기숙사 퇴소,KW2,공백기의 존재를 확인하기 위함,사회복무요원일지｜사회복무요원 ★ 복무기본교육 공익보은...,금요일은 퇴소하는 날이라서 점심식사 이후 수료식을 하고 1시 30분경 퇴소했다. 몇 가지 소소한 꿀팁!!... 챙겨갈것 기숙사 내에 전자렌지는 1층에만 있음 식사 이후론 완전 자유지만 차를 타고 나가거나는...,https://blog.naver.com/greentea_bacon/224299056599,녹차 삼겹살,2026-05-28
277bddead24ae7cdd4b95a9cff15d0b9,naver,blog,기숙사 퇴소,KW2,공백기의 존재를 확인하기 위함,계명대미니투룸] 대구 성서 계명대미니투룸 역세권 도보 3분...,"대구 계명대원룸을 찾는 학생분들 중 기숙사 합격 소식에 기뻐하셨다가 막상 퇴소를 결정하는 경우가 정말 많은데요 . 기숙사 퇴소, 왜 결정하게 될까요? 엄격한 통금과 규칙으로 자유로운 생활이 어려워요...",https://blog.naver.com/boobo42/224298894927,두리앤초이스와 같이하는 동행,2026-05-28
13655e4b3626fe18799cc53361a6536c,naver,blog,기숙사 퇴소,KW2,공백기의 존재를 확인하기 위함,그거까진 못알려주지 날로먹지말고 니가 춤춰보고 판단해,2월 13일 기숙사 퇴소..... 아 짐정리하는데 한세월이었다 진짜 너무너무너무 힘들었음 포커스... 하고 기숙사 입주도 하고 화장도 하고 짐정리 좀 하다가 락윗유 연습도 하고 국가근로 OT도 듣고 3시에 입학식...,https://blog.naver.com/limyou8401/224298089374,취미일기,2026-05-27
58015899a320d6c7677caba3fdecf0f4,naver,blog,기숙사 퇴소,KW2,공백기의 존재를 확인하기 위함,❤️❤️❤️2026년 2학기 대구 성서 계명대 원룸...,"다음으로는 기숙사에서 퇴소하는 학생들이 많은 부분을 차지하고 있습니다 특히, 복학생의 경우 계명대 인근 원룸 시세나, 계약되는 속도들을 현실감있게 체험하지 못하는 경우가 많은데요...",https://blog.naver.com/chicken1123/224297698939,❤️❤️❤️다온일등부동산 소장❤️❤️❤️,2026-05-27
56af1d2367a24dd3ce5f8f90789dba52,naver,blog,기숙사 퇴소,KW2,공백기의 존재를 확인하기 위함,2연속 0표남의 반전? '돌싱N모솔' 조지가 '킹조지'로 등극한...,"중도 퇴소까지 진지하게 고민할 정도로 위축된 상태였거든요. 하지만 위기의 순간, 돌싱녀들의 진심 어린 조언이 그를 움직이게 만들었어요. 조언을 스펀지처럼 흡수한 조지님은 180도 달라진 모습으로 기숙사에...",https://blog.naver.com/review758/224297483071,Perfect View,2026-05-27
3c00598256646bf4b4d552345b56ea48,naver,blog,기숙사 퇴소,KW2,공백기의 존재를 확인하기 위함,[자취] 쉐어하우스/룸메/독립 다 살아본 현실 후기 - 서울 자취...,기숙사 등 공동체 생활 경험이 있는 사람 <추천하지 않는 사람> 1. 혼자만의 시간을 중요하게 생각하는... 함께 살던 마음 맞는 친구와 퇴소 시기가 겹쳤는데요~ 쉐어하우스에서 친구들과 함께 생활하는 것에...,https://blog.naver.com/song__song_/224297374202,송모모의 이모저모,2026-05-27
2660c2f7fc2992f95c95c10726097f30,naver,blog,기숙사 퇴소,KW2,공백기의 존재를 확인하기 위함,"조지 반전 활약, 채정안 극찬 MC들도 놀란 반응",심지어 퇴소까지 고민할 정도로 위축된 분위기였는데요. 하지만 돌싱녀들의 진심 어린 조언을 들은 뒤... 당당 조지 분위기 반전 이번 회차에서 조지는 기숙사 안 분위기를 주도하는 모습까지 보여줬습니다....,https://blog.naver.com/0530db_/224297307523,제다,2026-05-26
74f900ca1bf448d5992c7ec061609fea,naver,blog,기숙사 퇴소,KW2,공백기의 존재를 확인하기 위함,"조지 반전 활약, 채정안 극찬 2연속 0표 이후 달라진 조지",심지어 퇴소까지 고민할 정도로 위축된 분위기가 이어졌다고 하는데요. 하지만 돌싱녀들의 진심 어린... 주방에서 터진 가정적인 매력 이번 방송에서는 조지가 기숙사 주방에서 자연스럽게 움직이는 모습도...,https://blog.naver.com/repidstar_/224297306893,좋은데이,2026-05-26
0679cf4ef5ce7c77dcc051c6373465c7,naver,blog,기숙사 퇴소,KW2,공백기의 존재를 확인하기 위함,"‘돌싱N모솔’ 0표남 조지의 반전, 위축됐던 모솔남에서...","앞서 조지는 계속된 0표에 퇴소까지 고민했지만, 돌싱녀들의 진심 어린 조언을 들으며 조금씩 변화하기 시작했다. 이날 조지는 더 이상 주눅 든 모습이 아닌 여유롭고 당당한 모습으로 등장한다. 기숙사...",https://blog.naver.com/jth3204/224297206336,jth3204님의블로그,2026-05-26
4f3f6ee4b8dc2cb77947c76985ea4359,naver,blog,기숙사 퇴소,KW2,공백기의 존재를 확인하기 위함,"조지 반전 활약, 채정안 극찬 ""0표남 → 킹조지"" 예고편 화제","퇴소까지 고민할 정도였지만, 돌싱녀들의 진심 어린 조언을 들은 뒤 조금씩 변화를 시도한 것으로... 기숙사 주방에서는 다정하고 가정적인 모습을 보여주고, 다른 모솔남들에게는 연애 조언까지 건네며...",https://blog.naver.com/kimsa0210/224297177309,"아, 그럴 수도 있지",2026-05-26
352596eee4f569757daa7696a7490daf,naver,blog,기숙사 퇴소,KW2,공백기의 존재를 확인하기 위함,돌담길 산책이 아름다운 칠곡 매원마을 꽃도 예쁘다,원래는 쮸 기숙사 퇴소 날이라 데리러 가야 해서 다른 곳 일정 서둘러 마치고 차에 기름도 넣고 집으로 가려는데.. 쮸에게서 온 문자 쮸에게 바람 맞았다. 나도 바쁜 사람이구먼. 바로 집으로 향하지 않고 칠곡...,https://blog.naver.com/joojoo2010_/224297127114,"오늘도, 기록 중 : Life & Voyage",2026-05-26
216f2fa29e8bca3b3b82243e20330aba,naver,blog,기숙사 퇴소,KW2,공백기의 존재를 확인하기 위함,"[충주] '또봉이통닭' 삼일파라뷰점, 집 앞 3분 거리! 막 튀긴...","타지역 기숙사 생활을 하고있는 고딩이 아들들이 한달에 한번 주말에 퇴소하는 날이면 무조건, 당연히 가야하는 코스 바로 '또봉이통닭' 입니당^^ 막 튀겨져 나온 치킨을 바로 먹을 수 있어서 우리 식구들은...",https://blog.naver.com/dnd-cindy/224297016745,디앤디웍스,2026-05-26
e9d0b983eacb784d1fe5442ddf0b78dd,naver,blog,기숙사 퇴소,KW2,공백기의 존재를 확인하기 위함,0표남의 역습? 조지가 킹조지로 각성한 비결을 모르면 당신의...,"계속 0표만 받던 그 남자가 갑자기 기숙사의 중심이 된 이유, 당신의 잠든 연애 세포를 깨울 조지의 드라마틱한 성장기를 공개합니다. 퇴소까지 고민하던 쭈구리에서 자신감 넘치는 모습으로 변신한 조지, 그의...",https://blog.naver.com/pojjye/224296705209,데일리 이슈희록,2026-05-26
c24f9c6270451fd5a7ba245e9cdacd6e,naver,blog,기숙사 퇴소,KW2,공백기의 존재를 확인하기 위함,오늘 자퇴 어때요?,나는 기숙사 간지 하루만에 외박을 햇답니당ㅎㅎ 5/7 기숙사 퇴소 신청서나 받으러감.. 나는! 통학이... 저는 기숙사간지 하루만에 외박쓰고 간지 3일만에 퇴소하는 충관보고 최초로 아마 벌점없이 퇴소한...,https://blog.naver.com/solly_bakes/224296233419,지현,2026-05-25
b6029e6ca8cc7433221cc4798c8bc792,naver,cafe,기숙사 퇴소,KW2,공백기의 존재를 확인하기 위함,라오스국제결혼 라오스 기숙사 운영 규칙 공지,성공적인 성혼과 예비 신부들의 한국 생활 조기 적응을 위해 당사 라오스 현지 기숙사 운영 규칙을... 지급하는 행위는 신부의 정상적인 교육을 저해하여 즉각 강제 퇴소 사유가 되므로 절대 금지합니다 - 온누리국제결혼 -,http://cafe.naver.com/bugandanimal/338547,라오스국제결혼 베트남국제결혼 캄보디...,
c29699f3af91ff874ae6cb0fd17d06c8,naver,cafe,기숙사 퇴소,KW2,공백기의 존재를 확인하기 위함,베트남국제결혼 베트남 기숙사 운영 규칙 공지,성공적인 성혼과 예비 신부들의 한국 생활 조기 적응을 위해 당사 베트남 현지 기숙사 운영 규칙을... 지급하는 행위는 신부의 정상적인 교육을 저해하여 즉각 강제 퇴소 사유가 되므로 절대 금지합니다 - 온누리국제결혼 -,http://cafe.naver.com/bugandanimal/338546,라오스국제결혼 베트남국제결혼 캄보디...,
0abf96028d2f8aa3019baf792df24fd5,naver,cafe,기숙사 퇴소,KW2,공백기의 존재를 확인하기 위함,맛있게 먹으면 0calorie!,기숙사 퇴소 당일날 암것도 못 먹다가 휴게소에서 바로 먹부림~ 아 휴게소인데 호두빵 어케 참아요. 소꼬기!❤️ (아부지에게 사랑해요 했더니 이럴때만 이러고 까인건 안 비밀><) 불닭게티에 튀김만두 아.. 진짜 매운데...,http://cafe.naver.com/psychord/236594,싸이코드 팬카페,
0a2e3750535a24d4aa0b94ab07dbb6ed,naver,cafe,기숙사 퇴소,KW2,공백기의 존재를 확인하기 위함,[미라클메이] 6/16인증합니다,어제 퇴근 후 큰아이 기숙사 퇴소 집에와 정리하고 엄마밥 먹고싶다고 해서 밥 해 먹고 이런 저런 일이 생기니 시가닝 훅~ 갑니다 오늘은 정신 차리고 하던 것 이어서 해야 겠어요.,http://cafe.naver.com/redjft6m/49177,꿈꾸는 부자여행,
8aa99dde94748f6abe5e8b25dbd5bd02,naver,cafe,기숙사 퇴소,KW2,공백기의 존재를 확인하기 위함,세렘반 SISM 국제학교 주말/방학 프리미엄 여학생 홈스테이 구해요,"안전한 전담 차량 픽업: 매주 금요일 퇴소 시 학교 앞으로 직접 픽업을 가고, 일요일 입소 시에도 안전하게 학교 기숙사까지 전담 왕복 픽업 서비스를 제공합니다. 단기방학(Mid-Term Break) 풀케어: 학기 중에 있는 일주일...",http://cafe.naver.com/mymalaysia/477814,마이 말레이시아(My Malaysia),
1d664c6856fe820a8da0cadaa8ced596,naver,cafe,기숙사 퇴소,KW2,공백기의 존재를 확인하기 위함,기숙사 퇴소,"수급자,한부모 가정입니다.큰딸이 다른지역 기숙사(특목고)에 있어요.현재 2학년인데,3학년때는 강제 퇴소를 한다네요. 거리가 멀어(편도2시간20분)서 기숙 간건데..3학년땐 왜 내보내는지 모르겠어요ㅠㅠ LH도...",http://cafe.naver.com/cafe1535/1842682,복지 아는게 힘,
f86bcfe374863d4d7f5103b51a5bbde3,naver,cafe,기숙사 퇴소,KW2,공백기의 존재를 확인하기 위함,중퇴후 재취업 가능할까요...,원아와 학부모가 원장님 마음에 들지 않으면 원아도 퇴소시키더라구요 3개월 중 2명 원아가 퇴소 당했고 이전에도 퇴소시킨 이력이 몇몇 있는 것으로 들었습니다 저와는 근로시간 연장으로 갈등이 있었는데 초임이...,http://cafe.naver.com/happykindergarten/580895,유치원.보육교사의 작은 반란,
fd0c267d50050a46646948bb2ae57f52,naver,cafe,기숙사 퇴소,KW2,공백기의 존재를 확인하기 위함,리즈 기숙사 단기 입주하실분 구합니다,2021년에 지어신 신축 학생 기숙사이고 7월 1일부터 9월 5일까지 계약하실분 구합니다.... 플랫은 총 혼성 4명이고 현재 학기가 끝나 대부분 퇴소 예정입니다. 학생...,http://cafe.naver.com/windeserver/876,영국여행사랑-런던/유럽/유학/워홀/워...,
57f53d2f861c01bc474e00df919d97f4,naver,cafe,기숙사 퇴소,KW2,공백기의 존재를 확인하기 위함,봄학기 종강-기숙사 퇴소와 여름학기 기숙사 신청,"안녕하세요. 카이스트 삼남매맘입니다. 2026학년도 봄학기가 시작한 지 얼마 되지 않은 것 같은데, 벌써 기말고사와 종강이 다가오고 있네요. 여름학기 생활관 신청 기간이 진행 중입니다. 여름학기...",http://cafe.naver.com/dreamkaist/43,드림 카이스트,
354ccf4ff2f6febb946075c4b31c1336,naver,cafe,기숙사 퇴소,KW2,공백기의 존재를 확인하기 위함,UK27기 임태민 리즈 기숙사 입주자 공고,"안녕하세요 UK27기 임태민입니다 현재 기숙사 계약이 9월까지 입니다만 새로운 집 계약으로 7월에 퇴소하게 되어서, 7월 1일부터 9월 5일까지 리즈 시티 센터 기숙사에 입주하실 분을 원장님의 양해를 구해...",http://cafe.naver.com/ienuk/10257,NCUK 한국센터 영국대학교 학사/석사 ...,
6b876e00f36fbbf1a847de111f0ef72f,naver,cafe,기숙사 퇴소,KW2,공백기의 존재를 확인하기 위함,2026-1학기 보강 잔류 신청 안내,"17(수) - 기숙사 공식 퇴사일 : 2025.06.20(토) 14:00 이전까지 2. 보강연장 및 방학잔류 운영 계획 구분 기간 연장금액 퇴사일정 보강 1차 2026.06.20(토)~6.23(화) 4박5일간 19,600원 6.24(수)14:00 이전까지 퇴소 보강 2차...",http://cafe.naver.com/chungkangdormitory/33613,청강대 기숙사 카페,
852b73410a50991218328a02c0cc82a8,naver,cafe,기숙사 퇴소,KW2,공백기의 존재를 확인하기 위함,주말 면회 갑니다~,이제 일병 진급했습니다..^^ 매일 카톡에 가끔 통화도 하니 와이프는 기숙사 보낸거 같다고.. 그래도 아들은... 퇴소 이후 또 어떤 모습일지 궁금하기도 합니다. 이제 하루 남았네요~ 이번달 진급한 아드님들 축하드리고 항상...,http://cafe.naver.com/army58cafe/1353270,군인아들부모님카페(군화모)-육군해군...,
c74afbc35ab160e2b725b9195e0b6bd2,naver,cafe,기숙사 퇴소,KW2,공백기의 존재를 확인하기 위함,막내처남 어린이날 선물(용돈) 전달 방법 문의드립니다,"회사에 알리지 않고 신부에게 임의로 용돈이나 고가의 선물을 보내는 경우에는 기숙사 퇴소 조치가 이루어질 수 있다는 점, 기숙사 생활 중에는 회사의 방침과 정해진 절차를 따라야 한다는 점을 이해하고 있습니다. 또한...",http://cafe.naver.com/bugandanimal/338103,라오스국제결혼 베트남국제결혼 캄보디...,
3bbdb40e8b4aa5288b3463aca16b6007,naver,cafe,기숙사 퇴소,KW2,공백기의 존재를 확인하기 위함,기숙사 왕복시간,부산인데 기숙사생활시 일주일에 한번 집으로 오나요? 아님 학교마다 기준이 다른가요? 자차는 있긴하나 왕복시간이 길면 아이도 저도 지치지 않을까 우려됩니다 집에서 가까우면 최고지만... 보통 왕복시간 몇시간 걸리세요?,http://cafe.naver.com/mhs01/146341,마이스터고 카페 - Meister Community,
15beaa9c66e33b7dc01cb468471a3e85,naver,cafe,기숙사 퇴소,KW2,공백기의 존재를 확인하기 위함,[25-2] 202014342 유효진 귀국보고서,"3일간 기숙사 생활을 정리하고 1월 9일에 기숙사 퇴소를 하였습니다. 경기대 친구들과 온라인으로 압멜둥을 완료하고 체크리스트에 서명을 받기 위해 여러 사무소를 방문하였습니다. 유비키, 임시 군인 학생증 및 멘자...",http://cafe.naver.com/kguchina/9107,경기대학교 국제교류프로그램 공식 카...,
fe5903c9aa72a871edef09da9f553625,naver,cafe,기숙사 퇴소,KW2,공백기의 존재를 확인하기 위함,낼 기숙사 짐 빼러 가네요,"이제 드디어 자퇴 마무리가 되어 내일 기숙사 짐을 빼러 가네요. 처음 기숙사에 입소할 때 설렘 가득 안고 입소했었는데, 이제 내일 퇴소는 전 덤덤하고 아이는 안정감과 편안한 마음으로 나올 수 있겠죠.~^^",http://cafe.naver.com/dropoutmom/39269,학교밖청소년부모연대,
dedf79e55780c45e81838f885a86761f,naver,cafe,기숙사 퇴소,KW2,공백기의 존재를 확인하기 위함,"[기숙사 학폭] '감금 및 폭언' 사안, 학교의 축소·은폐 시도를 깨부수는 법","이러한 사안은 기숙사 퇴소 조치는 물론, 교내봉사(3호) 이상의 무거운 중징계가 내려질 가능성이 매우 높습니다. 2. 학교가 학폭 신고를 막으려 할 때의 돌파구 학교가 학교폭력 신고를 고의로 막거나 축소·은폐하려 하는...",http://cafe.naver.com/myschoollawyer/8,나의 학폭 변호사,
cd19c04e5f79fb39454cb482e64041aa,naver,cafe,기숙사 퇴소,KW2,공백기의 존재를 확인하기 위함,부여고도아카데미,오늘 첫 수업 수요일 저녁 7~9시 퇴근하고 조금 늦게 도착~~ 몇 주 바쁘게~~ . . 남동생네 고2 아들 기숙사 벌점 쌓여 1주일 퇴소라고 다음 주에 저희 집에서 다니면 안 되냐고.. ㅜㅜ,http://cafe.naver.com/20161005/268141,눈부신 꽃들의 정원,
122f91278aa0e7539f33aca0d4039903,naver,cafe,기숙사 퇴소,KW2,공백기의 존재를 확인하기 위함,궁금합니다,금요일에 기숙사 나올 때 짐 다 챙겨서 나가야 하나요 두고는 못 가나요,http://cafe.naver.com/ptqna/30570,평택마이스터고등학교 입학 Q&A,
18c70162bd6cd9a3cb2685e0cc0417da,naver,cafe,기숙사 퇴소,KW2,공백기의 존재를 확인하기 위함,백학도사의 로또꿈해몽백과 24년 통합 기록본 (2002~2026) v20260524 -no.5,"[10],기숙사[7],기술과목[6],기어봉[23],기와[15],기왓장[24],기자회견[42],기저귀[8] 기지개[8],기타[21]... [37],퇴소[41],퇴실[28],퇴치[41],투시[6],투어[29],트임[2],팀전[3],파견[27],파괴[36],파손[9],파열[14]...",http://cafe.naver.com/lotto100hak/766197,"로또645/백학도사,꿈해몽,꿈풀이,로또...",
a13bcb6816d2ad6c267c193a24091f49,naver,cafe,기숙사 퇴소,KW2,공백기의 존재를 확인하기 위함,강원대학교 기숙사 강제퇴사 사유,https://m.blog.naver.com/kimjaetech/224293914424 강원대 기숙사 강제퇴소 사유 근처 킥보드 찾기 알람을 미친듯이 울려서 학우들을 노아로제 걸리게 함... https://blog.naver....,http://cafe.naver.com/lbg491028/1908,매력있는 동내 사람들,
ce451e1eb90af884370827736b44120b,naver,cafe,기숙사 퇴소,KW2,공백기의 존재를 확인하기 위함,강원대학교 기숙사 퇴소 사유,뭔 소린지 이해 못할 기깔이를 위한 설명을 시작하겠움! 저 전동킥보드 벨 소리 위치 찾을때 쓰는건데 기숙사 주변에 킥보드 가져다놓고 소리 계속 울리면 은근 커서 소음공해 개빡임,http://cafe.naver.com/giggals/170,기깔 팬카페,
a89626848ce6a1dae73364ac745989a6,naver,cafe,기숙사 퇴소,KW2,공백기의 존재를 확인하기 위함,금욜도 뛰엇어요,금욜 작은애가 기숙사 퇴소시간이 늦어 항상 뛰러가요 오늘은 일찍퇴소한 두찌 피자드시고싶댜고 배달찬스쓰고 전 뜁니다 걷는데 너무 이뿝니다 저녁풍경 보시고 편한 저녁되셔용~~ 내일은 하늘수박님이 보내주신 아이들...,http://cafe.naver.com/20161005/267871,눈부신 꽃들의 정원,
806d5d53a4f7fa5b1e5edca2e3239b7e,naver,cafe,기숙사 퇴소,KW2,공백기의 존재를 확인하기 위함,기숙사 학교를 고민하시는 부모님들께~ 기숙사 학교 보내 본 이야기~,적응하지 못하고 퇴소하게 된다면 특히 전원기숙사의 경우는 전학을 고려하게 되서 아이가 겪게되는 어려움이 생각보다 클 수 있습니다. 쓰고 나니 엄청 긴데... 올리고 나면 또 뭔가 아쉬워서 덧붙이게 될꺼 같습니다....,http://cafe.naver.com/mathall/3010051,[상위1%카페] 대한민국 상위1% 교육정...,
a411d5eb57c3b943575d86c01775883d,naver,cafe,기숙사 퇴소,KW2,공백기의 존재를 확인하기 위함,대학교 기숙사 퇴소 사유,근처 킥보드 찾기 알람을 미친듯이 울려서 학우들을 노이로제 걸리게 함.... 2600번은..ㅋㅋ,http://cafe.naver.com/brownshebv/622,깽그랑,
006c158b647583edfef97db1dd48e634,naver,cafe,기숙사 퇴소,KW2,공백기의 존재를 확인하기 위함,강원대학교 기숙사 퇴소 사유 ㄷㄷㄷ,,http://cafe.naver.com/zledihs/32324,즐디 공식 팬카페,
3af48f646a6f2e0c2cc905a012e09742,naver,cafe,기숙사 퇴소,KW2,공백기의 존재를 확인하기 위함,대학교 기숙사 퇴소 사유,진짜 안걸릴줄알고 계속 저랬겠지 쯧쯧쯧 ※ 상기 유머방 규정 숙지 및 참여 부탁합니다.,http://cafe.naver.com/kkaebangjeong/290347,"국비모★국민내일배움카드,국비교육,국...",
b01de070a8252ee33a4a2493ab065ba9,naver,cafe,기숙사 퇴소,KW2,공백기의 존재를 확인하기 위함,강원대학교 기숙사 퇴소 사유,강원대학교 기숙사 퇴소 사유 근처 킥보드 찾기 알람을 미친듯이 울려서 학우들을 노이로제 걸리게 함....,http://cafe.naver.com/haeseon1/1280,해외선물 대여정보 [해외선물 대여 미...,
f5e9cfdf0c7ac616cd1679d0185b2729,naver,cafe,기숙사 퇴소,KW2,공백기의 존재를 확인하기 위함,영과고 디미고 갈 거 아니라면 정올 필요없을까요?,엄마는 디미고 보내고 싶은데 아이가 기숙사학교는 너무 싫다며...누군가와 방을 같이 쓰는게 너무 싫다고 합니다. (남편은 어차피 군대도 가야하는데 강제로라도 기숙사학교 보내라고ㅎㅎ) 아이가 다니는 중학교는...,http://cafe.naver.com/pssasa/5787,PS사사ㅣ코딩정보영재 입시 교육,
a69233fd146c44a0c74e46f954cc9760,naver,cafe,기숙사 퇴소,KW2,공백기의 존재를 확인하기 위함,마고 학생들 주말생활은 어떤가요?,마고마다 틀리겠지만 주말에는 주로 학교생활을 할까요? 아니면 의무적으로 기숙사를 나와 생활 하나요?,http://cafe.naver.com/mhs01/145891,마이스터고 카페 - Meister Community,
45e5d8f1bdc037af5ad4db99a894e8a4,naver,cafe,기숙사 퇴소,KW2,공백기의 존재를 확인하기 위함,"베트남 국제결혼 | 현장에서 “핸드폰 검사?"" 이제는 의미 없습니다","오빠에 대한 사랑과 믿음, 신뢰가 없기에 소극적으로 나오죠~ 여러분~ 정말 자체 전용 기숙사를 운영하는 업체에서는 신부가 한국에 입국하기 전까지~ 아니~ 기숙사 퇴소 전까지는~ 신랑, 신부 서로 간의 모든 것들을 어느...",http://cafe.naver.com/gardensuho/1653,국결의 법칙 | 베트남 국제결혼 전통혼...,
c7727735b5d8ba9b2b933b5de01be56f,naver,cafe,기숙사 퇴소,KW2,공백기의 존재를 확인하기 위함,6/3 기숙사 퇴소 하나요?,6/3일 수요일 선거일이라 휴일인데요.. 그럼 6/2일에 기숙사에서 나와야 하나요? 집이 지방이라 궁금합니다.,http://cafe.naver.com/mhs01/145691,마이스터고 카페 - Meister Community,
557997a0b21a18936328e8b528368154,naver,cafe,기숙사 퇴소,KW2,공백기의 존재를 확인하기 위함,5.11입소식 다녀왔습니다,큰아이 논산훈련소 다녀왔습니다 2년은 기숙사에 반년은 미국에서 떨어져지낸 시간이 오래라 그냥 군대다녀 오나보다 했는데...아무느낌이 없고 잘 다녀오겠지 했어요. 그런데 막상 헤어질때 눈물이 나더군요. 우선 아침...,http://cafe.naver.com/army58cafe/1338418,군인아들부모님카페(군화모)-육군해군...,
7d5c56eb428712584265d70fdbb8b835,naver,cafe,기숙사 퇴소,KW2,공백기의 존재를 확인하기 위함,지스트 기숙사 룸메 랜덤인가요?,아들이 이제 3학년인데 2학기부터 자취를 하고 싶어 하네요ㅜㅜ 같이 있던 룸메들이 군대를 가서 계속 새로운 룸메를 구했는데 이번 부터는 랜덤으로 바꼈다는데 맞는건가요? 지스트에서 석박사까지 생각하고 있는...,http://cafe.naver.com/kongdae/221817,"[이공계의 별★서울대,KAIST,POSTECH,...",
f7c4693356a86e315553844dd6a0e461,naver,cafe,기숙사 퇴소,KW2,공백기의 존재를 확인하기 위함,기숙사 생활 외박신청 궁금해요!,"아이가 가고 싶어하는 고등학교가 금요일 퇴소해서 일요일에 다시 입실하더라구요. 이런 경우 미리 외박을... 잘 수 있는지, 아님 진짜 어쩌다 한 번 정도 그렇게 해야하는 건지가 궁금해요. 기숙사 생활 선배님들 알려주세요!",http://cafe.naver.com/goldschools/961825,특목고갈사람모여라(외고과학고영재고...,
75977b70019c222c92e8f500ede370f1,naver,cafe,기숙사 퇴소,KW2,공백기의 존재를 확인하기 위함,지스트 학생들 자취 주로 어느 지역에서 하나요?,기숙사 퇴소하고 자취했다가 다시 기숙사 들어갈 수 있나요? 한번 퇴소하면 다시 못들어가나요? 안전 문제도 있고 거리로 인해 등하교 문제 그리고 본인이 집 관리를 제대로 할지 의심스럽고 장점보단 단점이 훨씬 많아...,http://cafe.naver.com/kongdae/221807,"[이공계의 별★서울대,KAIST,POSTECH,...",
53b0d0bdb6ef1fa3e4f7be035d3a190b,naver,cafe,기숙사 퇴소,KW2,공백기의 존재를 확인하기 위함,"베트남 국제결혼 | 기숙사 퇴소 이후, 가장 위험한 시기입니다","기숙사 퇴소 이후, 가장 위험한 시기입니다. 문제는 퇴소 이후 시작됩니다. https://youtu.be/gmNj5iioVbY 베트남 국제결혼. 국결의 법칙, 오늘은 국제결혼 진행 중에 많은 분들이 간과하지만 실제로 가장 중요한 구간 중 하나인...",http://cafe.naver.com/gardensuho/1586,국결의 법칙 | 베트남 국제결혼 전통혼...,
57ed69ebefb5f4ce7806a1bf8483649d,naver,cafe,기숙사 퇴소,KW2,공백기의 존재를 확인하기 위함,"로스쿨_강솔,뒷담깐 친구",지금이러도 읽어봐~ 그거 다~ 읽고도 연기쩐다는말이 나오면 기숙사 퇴소는 니가 해야할거 같다?ㅎ 친구 뭐야 전과자 주제에; 솔 아~그거 대단하지 않냐? 소년원출신에 한국대 로스쿨생 그 자체가...,http://cafe.naver.com/cktmdduf/458185,'우리연기할래' 정보나눔카페 - 배우오...,
7d18cfc6d5d520dfe556a704adf55810,naver,cafe,기숙사 퇴소,KW2,공백기의 존재를 확인하기 위함,중3아들 수두,"어릴때 접종 다 했는데.. 학교복귀하자마자 훈련, 기숙사퇴소하고 집으로 온다는데 병원에서 월요일까지 학교가지말랬다는데 집에오면 정확히 진료받아봐야겠죠? 수두이면 입원하나요?",http://cafe.naver.com/myungjimom/1550262,강서맘♡부산강서구 엄마와 여성의 행...,
4370e0c786fd134c65cfac1d3812aa83,naver,cafe,기숙사 퇴소,KW2,공백기의 존재를 확인하기 위함,[경기 안성시] (파라밀주야간보호서비스센터) 파라밀주간보호센터 요양보호사 채용 공고 1명 월급 215만원 ...,"직무내용 : 어르신(15명) - 입 퇴소 관리(송영-스타렉스 운전) - 신체활동 지원 (식사, 이동, 위생, 배설... 상여금, 기숙사 *스타렉스 운전이 숙달 될 때 까지 센터 직원이 동행, 연수 해드립니다. *자차 운전 경력이...",http://cafe.naver.com/uworldexam/252161,"유월드기출 - 채용정보, 국가기술자격...",
09b63fcc324f1015832ada58bbfc64c5,naver,cafe,기숙사 퇴소,KW2,공백기의 존재를 확인하기 위함,기숙사 친구들과 함께,"기숙사에서 동고동락했던 언니들이· "" 모두 입국하여 첫 만남을 했어요 퇴소 후 오랫만에 만나서 함께 이야기 나누고 즐거운 시간을 보냈네요1 세종금빛날개님,인천토르님 와주셔서 감사드립니다. 신부님들이 한국에...",http://cafe.naver.com/inyeondason/3049,다솜베트남국제결혼: 맞선후 데이트→...,
dfb95b74997662cd3ec8a439276e8ea5,naver,cafe,기숙사 퇴소,KW2,공백기의 존재를 확인하기 위함,잼버리 봉사자일기,"그래서 우리 팀장이 우리 팀 대원과 바꾸자고 말하니, 그쪽 팀장은 그럼 본인이 그만두고 퇴소하겠다고... 128개 학교 기숙사, 기업 연수원 등으로 전국으로 분산 배치한다고 들었습니다. 사전 계획대로 라면 전북 내 초...",http://cafe.naver.com/gceun8329/30440,행주은씨,
95c27f54601017688ee8cac134ff5614,naver,cafe,기숙사 퇴소,KW2,공백기의 존재를 확인하기 위함,수두 환자가 급증하고 있습니다.,"저희 아이도 몇 년 전에 기숙사 생활 할 때 수두 걸려서 퇴소했는데, 다행히 수두 2회 접종해서 반점 3개 생기고 끝났어요. 그런데 같은 기숙사 방 쓰던 남학생은 눈이 안 보일 정도로 심각했었어요. 수두 접종은 1차...",http://cafe.naver.com/deogihp/56616,일산 덕이동 하이파크시티 신동아파밀...,
387cf06fa08b233416cd1ed4abc9ef31,naver,cafe,기숙사 퇴소,KW2,공백기의 존재를 확인하기 위함,상주 교육센터 입소시...,준비물 - 기숙사 생활을 하려고 하는데 수건 및 세면용품들을 챙겨 가야하겠지요?~ㅜㅜ 그리고 다른 추가 준비물중 꿀팁 있으면 좀 부탁 드리겠습니다! 2. 주차장 - 자차를 가져가려고 하는데 상주 교육센터에 주차를 할 수...,http://cafe.naver.com/drivingbus/172329,버스를 운전하는 사람들 [버스기사 취...,
8586e36381b21492f5199f81a6133b8c,naver,cafe,기숙사 퇴소,KW2,공백기의 존재를 확인하기 위함,기숙사생활 적응 잘 하나요?,중간 고사 앞두고 예민해서 더 그런가?싶기도 하고 마음이 편칠 않네요. ㅠㅠ 혼자있고 싶은 시간이 없어 그것도 힘들다고.. 기숙사생활 쉽게 볼게 아닌가 봐요~ 자퇴? 전학? 고민이 많습니다.,http://cafe.naver.com/goldschools/959807,특목고갈사람모여라(외고과학고영재고...,
a0ecce26bfc1f0868c183003bf685fe7,naver,news,기숙사 퇴소,KW2,공백기의 존재를 확인하기 위함,"'킹조지' 극찬 채정안, '돌싱N모솔' 조지 매력에 깜짝","위축되어 퇴소까지 고민했지만, 돌싱녀들의 진심 어린 조언을 듣고 변화를 시도했다. 오늘 26일 밤 10시 방송되는 7회에서 조지는 이전의 짠한 모습을 벗고 여유 넘치는 '당당 조지'로 변신한다. 그는 기숙사 주방에서...",https://www.stardailynews.co.kr/news/articleView.html?idxno=537117,www.stardailynews.co.kr,2026-05-26
5b19a8acfc0be4d315ac5fd5282858c1,naver,news,기숙사 퇴소,KW2,공백기의 존재를 확인하기 위함,"조지, '0표남' 설움 씻었다…연애 조언에 호통까지 '당당 모드' 변신(돌...","심지어 퇴소까지 고민했으나, 돌싱녀들의 진심 어린 조언을 토대로 조금씩 변화를 시도하며 모두를 놀라게... 기숙사 주방에서 숨겨왔던 다정하고 가정적인 면모를 드러내는가 하면, 다른 모솔남들에게 거침없이 연애...",https://www.xportsnews.com/article/2153064,www.xportsnews.com,2026-05-26
212f38465e14af871c67f5a56ae89bea,naver,news,기숙사 퇴소,KW2,공백기의 존재를 확인하기 위함,‘0표남’ 조지의 반전…채정안도 “킹조지” 극찬(돌싱N모솔),퇴소까지 고민했지만 돌싱녀들의 진심 어린 조언을 듣고 조금씩 변화를 시도했다. 이날 조지는 이전의 짠한 모습을 벗고 여유 넘치는 ‘당당 조지’로 변신한다. 기숙사 주방에서는 숨겨둔 다정하고 가정적인 면모를...,https://sports.donga.com/ent/article/all/20260526/133990761/1,sports.donga.com,2026-05-26
d4a52c00cfece3a9de2277d8314bc482,naver,news,기숙사 퇴소,KW2,공백기의 존재를 확인하기 위함,"달라진 조지, 모솔남들에 호통까지 ""母한테 혼나도 카드 긁겠다"" (돌싱N...","한때 퇴소까지 고민할 정도로 흔들렸지만, 돌싱녀들의 진심 어린 조언을 계기로 스스로를 돌아보며 변화를 시도해왔다. 이날 방송에서는 한층 달라진 ‘반전남’ 조지의 모습이 공개된다. 기숙사 주방에서는 숨겨뒀던...",http://enews.imbc.com/News/RetrieveNewsInfo/506176,enews.imbc.com,2026-05-26
64bf46fa9c67d191b9344213fff579a0,naver,news,기숙사 퇴소,KW2,공백기의 존재를 확인하기 위함,"각성한 조지, 모솔남들에 연애 호통…“‘킹조지’”(‘돌싱N모솔’)","심지어 퇴소까지 고민했으나, 돌싱녀들의 진심 어린 조언을 토대로 조금씩 변화를 시도했다. 이어 이날 방송에서 조지는 이전의 짠한 모습을 완전히 탈피하고 당당한 모습으로 변신한다. 기숙사 주방에서 숨겨왔던...",https://www.sportsseoul.com/news/read/1611254?ref=naver,www.sportsseoul.com,2026-05-26
9efe8511def3b3e5ac0bdd07dfa90901,naver,news,기숙사 퇴소,KW2,공백기의 존재를 확인하기 위함,"히키코모리 찾아가던 ‘렌탈언니’, 32년 활동 접은 이유[이세계도쿄]",일을 찾아 퇴소하게 하는 데까지 걸리는 기간은 1년 3개월 정도라고 한다. 경제매체 도요게이자이는 뉴스타트 활동 종료를 다룬 기사에서 “(기숙사생의) 80% 정도가 자립에 성공하지만 질병이나 장애 등을 가진 경우에는...,https://www.kmib.co.kr/article/view.asp?arcid=0029792242&code=61131111&cp=nv,www.kmib.co.kr,2026-05-09
67b949a494ee6ff7e5025ec1ca49f142,naver,news,기숙사 퇴소,KW2,공백기의 존재를 확인하기 위함,대학 신입생이 죽음 전 남긴 메모...정부가 꼭 보길 바란다,보육원을 퇴소하면서 받은 지원금 700만 원 중 500만 원을 등록금과 기숙사비로 사용했다. 다음 학기가 기다리고 있었으나 죽음과 함께 그가 희망했던 미래도 사라져 버렸다. 한국의 아동보호 시설 체계는 6·25전쟁의...,https://www.ohmynews.com/NWS_Web/View/at_pg.aspx?CNTN_CD=A0003230837&CMPT_CD=P0010&utm_source=naver&utm_medium=newsearch&utm_campaign=naver_news,www.ohmynews.com,2026-05-06
07cb2f2c749a7cdcaff413d514942f44,naver,news,기숙사 퇴소,KW2,공백기의 존재를 확인하기 위함,"연프 퇴소 사태 또 불거졌다…""기분 나빠, 집에 갈 것"" 결국 오열까지 ...","결국 기숙사에서 혼자만의 시간을 갖게 된 조지는 참았던 서러움을 터뜨리며 눈물까지 흘린다. 불도 켜지 않은 어두운 방에 들어가 상념에 잠기고, 홀로 바닷가를 걷거나 노래를 연달아 들으며 감정을 달래는 조지의 짠한...",https://www.tenasia.co.kr/article/2026050562664,www.tenasia.co.kr,2026-05-05
4c1e5e5a6f49ebda3fe8860cc1c73c32,naver,news,기숙사 퇴소,KW2,공백기의 존재를 확인하기 위함,"與, 남성 청년에게도 HPV 백신 단계적 지원 확대 공약","대학에 재학 중인 자립준비청년이나 복지시설 퇴소 청년에겐 등록금 본인부담금이나 교재비, 기숙사비, 교통비 등 학업유지 비용을 지원하겠다는 내용도 공약에 포함됐다. 또한 처음 독립하거나 전입한 1인 가구에는...",http://www.edaily.co.kr/news/newspath.asp?newsid=05884326645421368&returntp=election,www.edaily.co.kr,2026-04-30
a20accf62099bccdbaffbaba5b3cac78,naver,news,기숙사 퇴소,KW2,공백기의 존재를 확인하기 위함,미·이란 2차 회담 앞두고 파키스탄 '초강력 봉쇄'…도시 사실상 셧다운,"라왈핀디 내 학생 기숙사도 전면 폐쇄 조치가 내려졌고, 학생들은 즉시 퇴소하라는 통보를 받았다. 보안 수준은 항공편으로 입국하는 외국 대표단의 안전 확보를 염두에 둔 것으로 보인다. 건물 옥상마다 경찰이 배치됐고...",https://www.joongangenews.com/news/articleView.html?idxno=512904,www.joongangenews.com,2026-04-19
e4795aab7d4d049c7fb75378282172fe,naver,news,기숙사 퇴소,KW2,공백기의 존재를 확인하기 위함,색동원 ‘악마 원장’ 잡혀가도 학대시설 ‘뺑뺑이’는 계속된다,시설 직원은 “열쇠가 없다”며 별관 직원기숙사는 보여주지 않으려다 의원들의 독촉에 못 이겨 공개했다.... 강제 퇴소시켜야 한다는 내용이 아니다”라고 호소했다. 국회는 다수 시설을 운영하는 종교기관들을 의식해...,https://h21.hani.co.kr/arti/society/society_general/58874.html,h21.hani.co.kr,2026-02-23
c5355bf1704fb84de1df3d09ea46cf92,naver,news,기숙사 퇴소,KW2,공백기의 존재를 확인하기 위함,서울출입국·외국인청 세종로출장소 “개강 전 체류기간 꼭 확인하세요...,아울러 어학연수(D-4) 자격으로 체류하다 대학에 입학한 경우에는 기존 체류기간이 남아 있더라도 개강 전에 반드시 D-2(유학) 자격으로 변경 신청을 해야 한다.기숙사 퇴소나 이사 등으로 거주지가 바뀌었거나 여권이...,https://www.ksmnews.co.kr/news/view.php?idx=590893,www.ksmnews.co.kr,2026-02-13
1a96c79c2bd7e209053d068868989792,naver,news,기숙사 퇴소,KW2,공백기의 존재를 확인하기 위함,청년 43만 명 이상에 주거비 지원…'2차 청년정책 기본계획' 확정,(BTL) 기숙사와 노후 기숙사 개량 사업도 추진한다. 이어서 청년의 큰 고민인 주거비 부담을 덜어주기 위해... 등에서 퇴소하면서 자립을 준비하는 청년의 시설 유형에 따라 다른 자립정착금의 격차를 해소한다. 청년들의...,http://www.marketnews.co.kr/news/articleView.html?idxno=73590,www.marketnews.co.kr,2025-12-29
76cdcc6ac25f7d1c01de87ed941a6dce,naver,news,기숙사 퇴소,KW2,공백기의 존재를 확인하기 위함,청년 43만 명 이상에 주거비 지원…'2차 청년정책 기본계획' 확정,(BTL) 기숙사와 노후 기숙사 개량 사업도 추진한다. 이어서 청년의 큰 고민인 주거비 부담을 덜어주기 위해... 등에서 퇴소하면서 자립을 준비하는 청년의 시설 유형에 따라 다른 자립정착금의 격차를 해소한다....,https://www.korea.kr/news/policyNewsView.do?newsId=148957171&call_from=naver_news,www.korea.kr,2025-12-26
bc767036eb035e665d34247b488574a8,naver,news,기숙사 퇴소,KW2,공백기의 존재를 확인하기 위함,"[속보] 강화 A장애인시설, ""기숙사 사적 사용·보조금 횡령·입단속까지...","특히 시설 본관 옆 종사자 기숙사가 사실상 원장 일가의 사택처럼 운영됐다는 주장은 파장을 키우고 있다.... 자진 퇴소로 사건을 덮었다""고 주장했다. 이밖에도 원장 부모가 주방과 저온창고의 식재료를 정기적으로...",http://www.incheonnews.com/news/articleView.html?idxno=432710,www.incheonnews.com,2025-12-24
a20135232766d8531450336236593875,naver,news,기숙사 퇴소,KW2,공백기의 존재를 확인하기 위함,"[로컬거버넌스] 경기 오산시, 청년친화도시 정책 속속 결실","행복기숙사 입주… '도시 정착' 강화 ▲ 청년협의체간담회에서 이권재 시장(왼쪽 맨 뒤)이 참석자들과 대화를... 구직단념청년, 자립준비청년, 시설 퇴소 청년 등 발굴이 쉽지 않은 대상까지 함께 찾고, 취업 연계 방안까지...",https://www.siminilbo.co.kr/news/newsview.php?ncode=1160278005711962,www.siminilbo.co.kr,2025-12-16
4f7195bb8d0e1c933882ed0d5e23073e,naver,news,기숙사 퇴소,KW2,공백기의 존재를 확인하기 위함,오산시 청년정책 '다시 일으켜 세우기' 지역사회 생기 불어넣다,"구직단념청년, 자립준비청년, 시설 퇴소 청년 등 발굴이 쉽지 않은 대상까지 함께 찾고, 취업 연계 방안까지... 시는 매년 100명 이상을 대상으로 행복기숙사 입주를 지원하고 있으며, 세교2지구에는 청년·신혼부부 2500세대...",https://www.onews.tv/news/articleView.html?idxno=267761,www.onews.tv,2025-12-14
ccedb6ab48393f94082b1153dc9eb95f,naver,news,기숙사 퇴소,KW2,공백기의 존재를 확인하기 위함,오산시 청년 친화적인 도시 조성에 총력,"구직 단념 청년과 자립 준비청년, 시설 퇴소 청년 등 발굴이 쉽지 않은 대상까지 함께 찾고, 취업 연계... 오산시는 매년 100명 이상에게 행복기숙사 입주를 지원하고 있으며 세교2지구에 청년·신혼부부에 2천500가구의 주택...",https://www.kihoilbo.co.kr/news/articleView.html?idxno=3006878,www.kihoilbo.co.kr,2025-12-14
6b34228e5b323b63b99057f26e993658,naver,news,기숙사 퇴소,KW2,공백기의 존재를 확인하기 위함,이권재 오산시장 “청년이 머물고 싶은 도시 만들 것”,시설 퇴소 청년 등 발굴이 어려운 대상까지 함께 지원하는 협력체계를 구축했다. 전국 최초로 체결된 5개... 오산시는 매년 100명 이상을 대상으로 행복기숙사 입주를 지원하고 있다. 세교2지구에는 청년·신혼부부를 위한 2...,https://sports.donga.com/region/article/all/20251214/132959957/1,sports.donga.com,2025-12-14
4a02e712e2f56baa30230ba7354733b7,naver,news,기숙사 퇴소,KW2,공백기의 존재를 확인하기 위함,"오산시, 청년이 꿈꾸고 도전하는 도시로","구직단념청년, 자립준비청년, 시설 퇴소 청년 등 발굴이 쉽지 않은 대상까지 함께 찾고, 취업 연계 방안까지... 오산시는 매년 100명 이상을 대상으로 행복기숙사 입주를 지원하고 있으며, 세교2지구에는 청년-신혼부부...",http://www.m-i.kr/news/articleView.html?idxno=1314689,www.m-i.kr,2025-12-14
dc9b5fed663bed70a633598255ab6aae,naver,news,기숙사 퇴소,KW2,공백기의 존재를 확인하기 위함,"오산시, 청년이 꿈꾸고 도전하는 도시로","구직단념청년, 자립준비청년, 시설 퇴소 청년 등 발굴이 쉽지 않은 대상까지 함께 찾고, 취업 연계 방안까지... 오산시는 매년 100명 이상을 대상으로 행복기숙사 입주를 지원하고 있으며, 세교2지구에는 청년·신혼부부...",http://www.shinailbo.co.kr/news/articleView.html?idxno=2162224,www.shinailbo.co.kr,2025-12-14
32bc29fe0187715bf0b86e134a982c70,naver,news,기숙사 퇴소,KW2,공백기의 존재를 확인하기 위함,"오산시, 청년이 꿈꾸고 도전하는 도시로… 청년 정책 체계적으로 확장","구직단념청년, 자립준비청년, 시설 퇴소 청년 등 발굴이 쉽지 않은 대상까지 함께 찾고, 취업 연계 방안까지... 오산시는 매년 100명 이상을 대상으로 행복기숙사 입주를 지원하고 있으며, 세교2지구에는 청년·신혼부부...",http://www.ttlnews.com/news/articleView.html?idxno=3059962,www.ttlnews.com,2025-12-12
1d1f3ffe71080be6ba9fdab0218df16b,naver,news,기숙사 퇴소,KW2,공백기의 존재를 확인하기 위함,"오산시, '청년 친화 도시'로…일자리·주거·복지 전방위 지원 강화","시설 퇴소 청년 등 발굴이 쉽지 않은 대상을 공동으로 찾고, 취업 연계 방안 등을 함께 모색하고 있다. 전국... 시는 매년 100명 이상을 대상으로 '행복기숙사' 입주를 지원해 주거비 부담을 덜어주고 있으며, 세교2지구에는...",http://www.newstown.co.kr/news/articleView.html?idxno=679636,www.newstown.co.kr,2025-12-12
d45fe1e138e86f75223ba3b839cef63c,naver,news,기숙사 퇴소,KW2,공백기의 존재를 확인하기 위함,"오산시, 청년이 꿈꾸고 도전하는 도시로…","구직단념청년, 자립준비청년, 시설 퇴소 청년 등 발굴이 쉽지 않은 대상까지 함께 찾고, 취업 연계 방안까지... 오산시는 매년 100명 이상을 대상으로 행복기숙사 입주를 지원하고 있으며, 세교2지구에는 청년·신혼부부...",https://www.fntoday.co.kr/news/articleView.html?idxno=371690,www.fntoday.co.kr,2025-12-12
f0fc5719b76fb005b9fce4fb93f3e445,naver,news,기숙사 퇴소,KW2,공백기의 존재를 확인하기 위함,"이권재 오산시장 ""청년은 도시의 미래이자 오늘의 동력""...청년 친화 도...","구직단념청년, 자립준비청년, 시설 퇴소 청년 등 발굴이 쉽지 않은 대상까지 함께 찾고, 취업 연계 방안까지... 오산시는 매년 100명 이상을 대상으로 행복기숙사 입주를 지원하고 있으며, 세교2지구에는 청년·신혼부부...",http://www.paxetv.com/news/articleView.html?idxno=255279,www.paxetv.com,2025-12-12
b28cfbf25d52e5cfa73d00a998651304,naver,news,기숙사 퇴소,KW2,공백기의 존재를 확인하기 위함,'청년 친화 도시'로의 체감을 높이겠다는 오산시,"구직단념청년, 자립준비청년, 시설 퇴소 청년 등 발굴이 쉽지 않은 대상까지 함께 찾고, 취업 연계 방안까지... 오산시는 매년 100명 이상을 대상으로 행복기숙사 입주를 지원하고 있으며, 세교2지구에는 청년·신혼부부...",https://www.cnbnews.com/news/article.html?no=767298,www.cnbnews.com,2025-12-12
fb022c94daef24a42cff66e15a00a04a,naver,news,기숙사 퇴소,KW2,공백기의 존재를 확인하기 위함,"이권재 오산시장 ""청년은 도시의 미래이자 오늘의 동력""","구직단념청년, 자립준비청년, 시설 퇴소 청년 등 발굴이 쉽지 않은 대상까지 함께 찾고, 취업 연계 방안까지... 오산시는 매년 100명 이상을 대상으로 행복기숙사 입주를 지원하고 있으며 세교2지구에는 청년·신혼부부...",https://www.ajunews.com/view/20251212150005797,www.ajunews.com,2025-12-12
4074da7c04d638112798e2a8a11a5bca,naver,news,기숙사 퇴소,KW2,공백기의 존재를 확인하기 위함,"오산시, 청년이 꿈꾸고 도전하는 도시 실현 정책 주목","구직단념청년·자립준비청년·시설퇴소청년 등 발굴이 어려운 청년들을 지원하는 협력체계를 구축했다. 전국... 매년 100명 이상을 대상으로 행복기숙사 입주를 지원하며, 세교2지구에는 청년·신혼부부 2500가구 규모의...",https://gg.newdaily.co.kr/site/data/html/2025/12/12/2025121200209.html,gg.newdaily.co.kr,2025-12-12
df520b0b3872a25d4e2ebf864422e093,naver,news,기숙사 퇴소,KW2,공백기의 존재를 확인하기 위함,"오산시, 청년이 꿈꾸고 도전하는 도시로 발전","구직단념청년, 자립준비청년, 시설 퇴소 청년 등 발굴이 쉽지 않은 대상까지 함께... 오산시는 매년 100명 이상을 대상으로 행복기숙사 입주를 지원하고 있으며...",http://www.breaknews.com/1168713,www.breaknews.com,2025-12-12
1118d16f5f5e5775cca02cba0575e282,naver,news,기숙사 퇴소,KW2,공백기의 존재를 확인하기 위함,"오산시, 청년이 꿈꾸고 도전하는 도시로…청년 정책 체계적으로 확장","구직단념청년, 자립준비청년, 시설 퇴소 청년 등 발굴이 쉽지 않은 대상까지 함께 찾고, 취업 연계 방안까지... 오산시는 매년 100명 이상을 대상으로 행복기숙사 입주를 지원하고 있으며, 세교2지구에는 청년·신혼부부...",https://www.kmaeil.com/news/articleView.html?idxno=621961,www.kmaeil.com,2025-12-12
5bcc9fd5387bde7e3d429a57b7f46d6a,naver,news,기숙사 퇴소,KW2,공백기의 존재를 확인하기 위함,"오산시, ‘청년 친화 도시’ 체감 상승","구직단념청년, 자립준비청년, 시설 퇴소 청년 등 발굴이 쉽지 않은 대상까지 함께 찾고, 취업 연계 방안까지... 오산시는 매년 100명 이상을 대상으로 행복기숙사 입주를 지원하고 있으며, 세교2지구에는 청년·신혼부부...",https://www.asiatime.co.kr/article/20251212500186,www.asiatime.co.kr,2025-12-12
bc85786c31ae0af56e643c4a2d9fe1be,naver,news,기숙사 퇴소,KW2,공백기의 존재를 확인하기 위함,[위클리오늘] 오산시 도시브랜드 UP 프로젝트…청년이 꿈꾸고 도전하는...,"구직단념청년, 자립준비청년, 시설 퇴소 청년 등 발굴이 쉽지 않은 대상까지 함께 찾고, 취업 연계 방안까지... 오산시는 매년 100명 이상을 대상으로 행복기숙사 입주를 지원하고 있으며, 세교2지구에는 청년·신혼부부...",http://www.weeklytoday.com/news/articleView.html?idxno=745057,www.weeklytoday.com,2025-12-12
d14bc9308c892d8abe17de88e4c9ae9d,naver,news,기숙사 퇴소,KW2,공백기의 존재를 확인하기 위함,"오산시, 청년이 꿈꾸고 도전하는 도시 만든다","구직단념청년, 자립준비청년, 시설 퇴소 청년 등 발굴이 쉽지 않은 대상까지 함께 찾고 취업 연계 방안까지... 시는 매년 100명 이상을 대상으로 행복기숙사 입주를 지원하고 있으며 세교2지구에는 청년·신혼부부 2500세대...",https://www.nspna.com/news/?mode=view&newsid=792256,www.nspna.com,2025-12-12
c7d385518391513d7d03c311013c50fb,naver,news,기숙사 퇴소,KW2,공백기의 존재를 확인하기 위함,이권재“일자리·주거·복지 등 청년 모든 영역 아낌없이 지원하겠다”,"구직단념청년, 자립준비청년, 시설 퇴소 청년 등 발굴이 쉽지 않은 대상까지 함께 찾고, 취업 연계 방안까지... 이권재 시장은 매년 100명 이상을 대상으로 행복기숙사 입주를 지원하고 있으며, 세교2지구에는 청년...",https://www.sportsseoul.com/news/read/1570737?ref=naver,www.sportsseoul.com,2025-12-12
518eede532c478e2dc6500040a2882a2,naver,news,기숙사 퇴소,KW2,공백기의 존재를 확인하기 위함,"오산시, '청년 친화 도시'로의 체감을 높인다","구직단념청년, 자립준비청년, 시설 퇴소 청년 등 발굴이 쉽지 않은 대상까지 함께 찾고, 취업 연계 방안까지... 시는 매년 100명 이상을 대상으로 행복기숙사 입주를 지원하고 있으며, 세교2지구에는 청년·신혼부부 2500세대...",http://www.suwonilbo.kr/news/articleView.html?idxno=313428,www.suwonilbo.kr,2025-12-12
3dbcd0a6205c5c0e9422441f22db08b6,naver,news,기숙사 퇴소,KW2,공백기의 존재를 확인하기 위함,오산시 청년일자리센터 '이루잡' 제값 톡톡...2년연속 우수기관,"구직단념청년, 자립준비청년, 시설 퇴소 청년 등 발굴이 쉽지 않은 대상까지 함께 찾고, 취업 연계 방안까지... 시는 매년 100명 이상을 대상으로 행복기숙사 입주를 지원하고 있으며, 세교2지구에는 청년·신혼부부 2500세대...",https://www.asiatoday.co.kr/view.php?key=20251212010006855,www.asiatoday.co.kr,2025-12-12
16e7c9cdb1770520fd8d4086f549a6ef,naver,news,기숙사 퇴소,KW2,공백기의 존재를 확인하기 위함,"[특별기획] 이권재오산시장, '청년이 꿈꾸고 도전하는 도시' 추구…""청...","구직단념청년, 자립준비청년, 시설 퇴소 청년 등 발굴이 쉽지 않은 대상까지 함께 찾고, 취업 연계 방안까지... 오산시는 매년 100명 이상을 대상으로 행복기숙사 입주를 지원하고 있으며, 세교2지구에는 청년·신혼부부...",https://www.ilyoseoul.co.kr/news/articleView.html?idxno=510490,www.ilyoseoul.co.kr,2025-12-12
238e74d2ae5232878492f3f4e55df2ad,naver,news,기숙사 퇴소,KW2,공백기의 존재를 확인하기 위함,"이권재 오산시장, ""일자리·주거·복지 등 청년의 모든 영역에 아낌없는...","구직단념청년, 자립준비청년, 시설 퇴소 청년 등 발굴이 쉽지 않은 대상까지 함께 찾고, 취업 연계 방안까지... 오산시는 매년 100명 이상을 대상으로 행복기숙사 입주를 지원하고 있으며, 세교2지구에는 청년·신혼부부...",http://www.enewstoday.co.kr/news/articleView.html?idxno=2368271,www.enewstoday.co.kr,2025-12-12
a9765fd46867a9ad2e6e88e21dda5482,naver,news,기숙사 퇴소,KW2,공백기의 존재를 확인하기 위함,"서현진, 국악고 엄격한 기숙사 생활에 진저리..""치마 접어 입고 몰래 만...",배우 서현진이 엄격한 기숙사 생활로 인한 고충을 털어놨다. 9일 공개된 유튜브 채널 'TEO 테오'에는 '똑... 벌점이 차면 퇴소다. 저도 통학이 불가능한 거리여서 (뭔가 걸리면) 죽어라 빌거나 만화책 보고 창문 아래로...,https://www.starnewskorea.com/broadcast-show/2025/12/09/2025120918404093059,www.starnewskorea.com,2025-12-09
a7a6b9ca39cdfdf782d419c4a8bd8fb9,naver,news,기숙사 퇴소,KW2,공백기의 존재를 확인하기 위함,"서현진 “한예리는 국악고 무용과 동기, 이하늬는 선배” (살롱드립)","기숙사 안은 엄격했다. 뭘 꾸며놓을 수 없고. 10시 소등. 소등 이후에는 샤워도 못하고. 불시 검문도 있었다. 갑자기 뒤진다. 만화책이 나오면 벌점이 있었다. 벌점이 쌓이면 퇴소였다. 지방에서 다니는 친구도 있고, 저도...",https://www.newsen.com/news_view.php?uid=202512091856401710,www.newsen.com,2025-12-09
6dc073bda2874ef30781f0ca161f4e95,naver,news,기숙사 퇴소,KW2,공백기의 존재를 확인하기 위함,[기고] 국제학교 기숙사 폐기 침구류의 '따뜻한' 변신,"매년 졸업생들이 퇴소하며 버리고 가는 대량의 침구류가 소각되어 환경을 위협하는 문제를 인지한 것이 이 캠페인의 출발점이었습니다. 캠페인은 올해 6월부터 시작했고, 기숙사생들의 폐기 침구류를 수거했습니다....",https://www.mediajeju.com/news/articleView.html?idxno=361211,www.mediajeju.com,2025-11-04
f1532ebebb30ac9f0d7a0b9d58d4b9f9,naver,news,기숙사 퇴소,KW2,공백기의 존재를 확인하기 위함,"[단독] 20대 우울증 '20만 시대'인데…대학 45곳 ""정신질환 대학생, 기숙...","서울예대는 우울증과 조울증 등을 가진 대학생을 중심으로 퇴소 규정을 적용하고 있다. 서울예대 관계자는 <프레시안>에 ""(정신질환자 학생이) 기숙사에서 이상행동이나 극단적인 행동을 하는 경우가 있는데, 해당 학생과...",https://www.pressian.com/pages/articles/2025091711152698106?utm_source=naver&utm_medium=search,www.pressian.com,2025-09-17
48156bd99d0597ea31460ac39acc1c2f,naver,news,기숙사 퇴소,KW2,공백기의 존재를 확인하기 위함,"전남도, 자립준비청년에 ‘임대료 월 1만원’ 주거 지원한다","되면 퇴소해 자립하게 되는 이들로, 전남도는 8월 말 기준 전남지역 자립준비청년들이 403명인 것으로... 또 10명 중 4명 꼴인 38.4%가 정부 지원이 이뤄지는 임대주택·자립지원시설에 살고 있지만 응답자의 8.9%는 기숙사...",http://www.kwangju.co.kr/article.php?aid=1757587500789321277,www.kwangju.co.kr,2025-09-11
3a9e588fcdcb0f51323794a5259171d6,naver,news,기숙사 퇴소,KW2,공백기의 존재를 확인하기 위함,대학 입학 준비금으로 취약계층 청년 자립 지원,"퇴소 후에는 자유로울 것이라는 생각을 하던 아이들도 막상 퇴소 후에는 큰 외로움과 두려움을 느껴 기숙사에서 혼자 또는 타인과 스스로 생활을 꾸려나가도록 지원하고 있다""며 ""시설 후원 금액으로 이를 충당하기...",http://www.samdailbo.com/news/articleView.html?idxno=251147,www.samdailbo.com,2025-08-21
2b4114d25707d7bc1d7e69441418ac79,naver,news,기숙사 퇴소,KW2,공백기의 존재를 확인하기 위함,"[실버타운 2.0] (49) ""일찍 입주하면 이득""···부동산학자가 제시하는...","운영자, 직원 자격·근속연수, 입주자 건강 상태 및 장기요양등급 여부, 퇴소 사유, 프로그램 등 운영... 최근 추진되는 '기숙형 UBRC'는 현행 법률의 테두리 안에서 기숙사로 인허가를 시도하는 사례다. 노인을 '학생...",https://www.womaneconomy.co.kr/news/articleView.html?idxno=238576,www.womaneconomy.co.kr,2025-07-21
621c00cf6eabac54f6fde4bad43c5169,naver,news,기숙사 퇴소,KW2,공백기의 존재를 확인하기 위함,충남광역외국인노동자쉼터 개소,네팔의 외국인 노동자는 다행히 이곳에서 주거 안정을 취한 뒤 취업에 성공해 3일 만에 퇴소하는 결과를... 하지만 기숙사 생활을 하고 있어 당장 회사를 그만둔다면 갈 곳이 없는 실정이다. 아직 한국을 찾은 지 얼마 되지...,http://www.djtimes.co.kr/news/articleView.html?idxno=108578,www.djtimes.co.kr,2025-07-11
1579cc3fe1f712dd96e759e768ef8c31,naver,news,기숙사 퇴소,KW2,공백기의 존재를 확인하기 위함,학교서 잠만 자던 아이 눈빛이 달라졌다…자립청년 “도움 요청 부끄러...,"돼 퇴소한 청년이다. 시설이나 위탁가정 등 조금은 다른 형태의 가정에서 자라다 보니, 혈육의 보호 아래... 특히 시는 올해부터 월세, 기숙사비를 지원(총 3억2700만원)하고, 서울아동힐링센터(총 29억2300만원)를 설치...",https://biz.heraldcorp.com/article/10519678?ref=naver,biz.heraldcorp.com,2025-06-28
99472f24927b529e88792104d68e17d1,naver,news,기숙사 퇴소,KW2,공백기의 존재를 확인하기 위함,"“자립청년, 도움 요청 부끄러워 말아야” 서울시 예산 확 늘렸다","돼 퇴소한 청년이다. 시설, 위탁가정 등 조금은 다른 형태의 가정에서 자라다 보니, 혈육의 보호 아래 자란... 특히 서울시는 올해부터 월세·기숙사비를 지원(총 3억2700만원)하고, 서울아동힐링센터(총 29억2300만원)를...",https://biz.heraldcorp.com/article/10519108?ref=naver,biz.heraldcorp.com,2025-06-27
831902baa4bf9460662e0ea8df54a1fd,naver,news,기숙사 퇴소,KW2,공백기의 존재를 확인하기 위함,안동교육지원청 산불사투 216시간 (하)… 화마보다 뜨거운 책임감으로 ...,"일반 학생 대피 완료 후에도 학교 기숙사 거주 교직원들이 현장에 남아 퇴소가 제한된 학생(원거리 거주 등)을 보호하며 예안면 이재민 대피를 돕도록 지원했다. 27일 오후 9시 20분, 남후면 산불이 일직초등학교로 향한다는...",https://www.dkilbo.com/news/articleView.html?idxno=499938,www.dkilbo.com,2025-06-09
b642996da4a4df2a5f5337f69ee15c4b,naver,news,기숙사 퇴소,KW2,공백기의 존재를 확인하기 위함,"은평구, 자립준비청년 집수리·청소 지원","한편 자립준비청년은 보호시설 퇴소 후 임대주택, 기숙사 등 노후화된 주택에 거주하거나 홀로 생계를 꾸려가야 하는 상황이다. 어린 나이에 자립 후 생활비, 교육비 취업 준비 등 필수 비용 마련에도 어려움이 있어 주거지...",https://www.siminilbo.co.kr/news/newsview.php?ncode=1160287020621877,www.siminilbo.co.kr,2025-05-29
7518b0a7f516d5eed3c74aa4b3872555,naver,news,기숙사 퇴소,KW2,공백기의 존재를 확인하기 위함,"고치고(GO), 꿈꾸고(GO)…은평구, 자립준비청년 주거환경 개선 사업 추진","자립준비청년은 보호시설 퇴소 후 임대주택, 기숙사 등 노후화된 주택에 거주하거나 홀로 생계를 꾸려가야 하는 상황이다. 어린 나이에 자립 후 생활비, 교육비 취업 준비 등 필수 비용 마련에도 어려움이 있어 주거지...",https://www.lcnews.co.kr/news/articleView.html?idxno=102365,www.lcnews.co.kr,2025-05-29
aae86d51023d68ae0eb18af886b00ff1,naver,news,기숙사 퇴소,KW2,공백기의 존재를 확인하기 위함,"은평구, '자립준비청년 주거환경 개선 사업' 실시","자립준비청년은 보호시설 퇴소 후 임대주택, 기숙사 등 노후화된 주택에 거주하거나 홀로 생계를 꾸려가야 하는 상황이다. 어린 나이에 자립 후 생활비, 교육비 취업 준비 등 필수 비용 마련에도 어려움이 있어 주거지...",http://www.enewstoday.co.kr/news/articleView.html?idxno=2283431,www.enewstoday.co.kr,2025-05-29
4467bac0271dc37039bbcca33c1bd2af,naver,news,기숙사 퇴소,KW2,공백기의 존재를 확인하기 위함,"'고치고(GO), 꿈꾸고(GO)!'... 은평구, 자립준비청년 주거환경 개선 나선...","자립준비청년은 보호시설 퇴소 후 주로 임대주택이나 기숙사, 고시원 등 노후 주거지에 머물고 있으나, 생계와 학업, 취업 준비에 따른 경제적 부담으로 집수리나 안전설비 개선 등에는 손을 대기 어려운 실정이다. 이에...",https://www.pinpointnews.co.kr/news/articleView.html?idxno=347942,www.pinpointnews.co.kr,2025-05-29
6d5671112712b53c8117bf052dd6480e,naver,news,기숙사 퇴소,KW2,공백기의 존재를 확인하기 위함,"은평구, 자립준비청년 주거 환경 개선 추진…단열·도배 등","자립준비청년은 보호시설 퇴소 후 임대주택, 기숙사 등 노후화된 주택에 거주하거나 홀로 생계를 꾸려가야 한다. 정부는 시설 퇴소 초기 정착을 위한 임대주택 지원제도, 초기 지원 물품을 제공하고 있지만 그 이후의 주거...",https://www.newsis.com/view/NISX20250529_0003195016,www.newsis.com,2025-05-29
494be3f6be0a2fbaf22dda31905d8b84,naver,news,기숙사 퇴소,KW2,공백기의 존재를 확인하기 위함,"은평구, 자립준비청년 주거환경 개선 사업 본격 추진","사진 =자립준비청년 주거환경 개선 사업 추진 업무협약식 서울 은평구(구청장 김미경)는 보호시설 퇴소 이후... 자립준비청년은 시설을 떠난 후 임대주택, 기숙사 등 열악한 환경에서 홀로 생계를 이어가는 경우가 많아...",https://www.job-post.co.kr/news/articleView.html?idxno=151307,www.job-post.co.kr,2025-05-29
b183db6faa16a1e8e120dc0fbaa7790d,naver,news,기숙사 퇴소,KW2,공백기의 존재를 확인하기 위함,집수리·물품후원… 자립준비청년 새출발 지원[서울인사이드],"자립준비청년은 보호시설 퇴소 후 임대주택, 기숙사 등 노후한 주택에 거주하거나 홀로 생계를 꾸려가야 하는 상황에 놓이는 경우가 많다. 이번 업무협약에 따라 한국집합건물은 관내 집수리 전문업체와 함께 대상 가구를...",https://www.munhwa.com/article/11508797?ref=naver,www.munhwa.com,2025-05-29
6533a87530bf2874cf9c5b603d0a4370,naver,news,기숙사 퇴소,KW2,공백기의 존재를 확인하기 위함,"‘고치고(GO), 꿈꾸고(GO)!’ 은평구, 자립준비청년 주거환경 개선사업...","자립준비청년은 보호시설 퇴소 후 임대주택, 기숙사 등 노후화된 주택에 거주하거나 홀로 생계를 꾸려가야 하는 상황이다. 어린 나이에 자립 후 생활비, 교육비 취업 준비 등 필수 비용 마련에도 어려움이 있어 주거지...",https://weekly.cnbnews.com/news/article.html?no=178611,weekly.cnbnews.com,2025-05-29
6a423c07afd8ce7f299d105003b10d02,naver,news,기숙사 퇴소,KW2,공백기의 존재를 확인하기 위함,"은평구, 자립준비청년 주거환경 개선 사업 추진","자립준비청년은 보호시설 퇴소 후 임대주택, 기숙사 등 노후화된 주택에 거주하거나 홀로 생계를 꾸려가야 하는 상황이다. 어린 나이에 자립 후 생활비, 교육비 취업 준비 등 필수 비용 마련에도 어려움이 있어 주거지...",http://www.shinailbo.co.kr/news/articleView.html?idxno=2059922,www.shinailbo.co.kr,2025-05-29
5c8959085dfc9d6e53ff1519ddbcb5fd,naver,news,기숙사 퇴소,KW2,공백기의 존재를 확인하기 위함,"은평구, 자립준비청년 주거환경 개선 지원 나서","자립준비청년은 보호시설 퇴소 후 임대주택이나 기숙사 등에서 홀로 생활을 시작하지만, 주거지 수리나 유지에 어려움을 겪는 경우가 많다. 은평구는 이들의 현실을 반영해 초기 정착 지원을 넘어 실질적인 주거환경...",https://view.asiae.co.kr/article/2025052907510392541,view.asiae.co.kr,2025-05-29
413bf70fc6ae1824906d20a72e9f5bd6,naver,news,기숙사 퇴소,KW2,공백기의 존재를 확인하기 위함,은평구. 한국집합건물...자립준비청년 주거환경 개선 사업 추진,"자립준비청년은 보호시설 퇴소 후 임대주택, 기숙사 등 노후화된 주택에 거주하거나 홀로 생계를 꾸려가야 하는 상황이다. 어린 나이에 자립 후 생활비, 교육비 취업 준비 등 필수 비용 마련에도 어려움이 있어 주거지...",https://www.dailyt.co.kr/newsView/dlt202505290002,www.dailyt.co.kr,2025-05-29
b9514212384996d5494d159473a527eb,naver,news,기숙사 퇴소,KW2,공백기의 존재를 확인하기 위함,“중기 현장 목소리… 주 52시간도 현장 죽을맛인데 4.5일땐 못버텨”[...,"중진공은 중소기업에 기숙사와 체육시설을 지어주고, 교정당국은 모범수를 뽑아 사실상 취업하도록 하는... 수감자 작업장려금이 1만 원 내외인 점을 고려할 때 그만큼 퇴소 후 자립을 위한 자금을 모을 수 있다는 얘기다....",https://www.munhwa.com/article/11503006?ref=naver,www.munhwa.com,2025-05-02
252bcd20ab2e0631020a62d7e421d5e9,naver,news,기숙사 퇴소,KW2,공백기의 존재를 확인하기 위함,"전교생 기숙사 쓰는 부산해군과기고, 수도관서 녹물 ‘철철’","신학기 시작 후 3주 만에 녹물 사태가 터지자 학교 측은 다른 지역 학생 12명 등 20여 명을 제외한 나머지 학생을 퇴소 조치했고, 국립부경대가 기숙사 배관 보수 공사를 했다. 이후 지난달 27일 1학년 학생 전원이 기숙사로...",http://www.kookje.co.kr/news2011/asp/newsbody.asp?code=0300&key=20250502.22001000360,www.kookje.co.kr,2025-05-01
5193e1a3def89717f39cc5dc0c78d35b,naver,news,기숙사 퇴소,KW2,공백기의 존재를 확인하기 위함,생존 위기에 놓인 자립준비 청년들,"[정윤서 / 자립 3년 차 쉼터 퇴소 청소년] ""경제적인 부분에 있어서 내가 살 집과 내가 먹을 음식, 그리고 내가 생활하는데 쓸 생활비, 그다음 또 학교생활 같은 경우에 등록금, 기숙사비 같은 걸 마련해야 되다 보니까 이런...",https://news.skbroadband.com/news/articleView.html?idxno=202107,news.skbroadband.com,2025-04-23
87a569b4caffd3d3c5194bd145db4904,naver,news,기숙사 퇴소,KW2,공백기의 존재를 확인하기 위함,6·25 시기 경찰에 희생된 주민 60명 등 36개 사건 진실규명,"따른 퇴소도 불가능했다. 특히 신청인 한명은 1990년부터 2018년까지 25년간 수용됐고, 이 과정에서... 또 동명원은 자활 교육을 명분으로 산업폐기물 포장재를 생산하는 업체를 설립해 아동 20여 명을 작업장과 기숙사에...",https://www.news1.kr/society/incident-accident/5761678,www.news1.kr,2025-04-22
12d168b8cf6da6df300763e39b2e24eb,naver,news,기숙사 퇴소,KW2,공백기의 존재를 확인하기 위함,"""평범한 학생은 며칠 결석하면 F인데""…의대생들은 특혜?","의대생 전용 기숙사에서 휴학생을 퇴소시킨 연세대의 조치에 대해, 이 대학 4학년생은 '기숙사 대부분 자리가 부족한 상황'이라며 학교 측을 옹호했습니다. 무단결석을 휴학으로 처리한 지난해와 같은 조치를 올해엔...",https://news.sbs.co.kr/news/endPage.do?news_id=N1008024264&plink=ORI&cooper=NAVER,news.sbs.co.kr,2025-03-18
e2e02d85a0c6e52fdd345c411ac2558e,naver,news,기숙사 퇴소,KW2,공백기의 존재를 확인하기 위함,"""우린 며칠 결석하면 F…의대는 특혜"" 대학가에 번지는 반감",최근 의대생 전용 기숙사에서 휴학생을 퇴소시킨 연세대의 조치에 대해 이 대학 4학년생은 “타 단과대 학생들에게 제공되는 기숙사 대부분 수용 인원에 비해 입소 희망 인원이 많아 자리가 부족한 상황”이라며 “특별히...,https://www.joongang.co.kr/article/25321201,www.joongang.co.kr,2025-03-17
496800ccbbd19175f054bc7d5173e2df,naver,news,기숙사 퇴소,KW2,공백기의 존재를 확인하기 위함,"최후통첩…연대 의대, 미등록 후 휴학 신청한 학생 '제적' 방침","한편 연대 의대 측은 이달 초 의대생 전용 기숙사인 제중학사에서 1학기 휴학한 학생들을 퇴소시켰다가 학생들의 반발을 샀다. 대학 측은 ""제중학사 입소 자격이 재학생으로 한정된다는 내규에 따라 지난해의 경우엔 학기...",https://magazine.hankyung.com/business/article/202503116525b,magazine.hankyung.com,2025-03-11
f41499172dc348961542231b6a7dcffc,naver,news,기숙사 퇴소,KW2,공백기의 존재를 확인하기 위함,"‘휴학 의대생’ 기숙사서 내보낸 연대, 이번엔 ‘제적’ 경고",한편 연대 의대 측은 이달 초 의대생 전용 기숙사인 ‘제중학사’에서 1학기 휴학한 학생들을 퇴소시켰다가 학생들의 반발을 샀다. 대학 측은 제중학사 입소 자격이 재학생으로 한정된다는 내규에 따라 지난해의 경우엔...,https://biz.heraldcorp.com/article/10438743?ref=naver,biz.heraldcorp.com,2025-03-11
8f7b851737c111813806157f489e4757,naver,news,기숙사 퇴소,KW2,공백기의 존재를 확인하기 위함,"돌아오지 않는 의대생, 이대로면 무더기 유급",연세대는 의대생 전용 기숙사 ‘제중학사’에서 1학기 휴학을 한 학생들의 퇴소 절차를 시행했다. 아울러 연세대 의대는 휴학계 제출을 실명으로 진행하게 된 경위를 파악하기 위해 비상시국대응위원회(비대위) 소속...,https://biz.heraldcorp.com/article/10438615?ref=naver,biz.heraldcorp.com,2025-03-11
0add1e211c5ac247f560b8be9971736c,naver,news,기숙사 퇴소,KW2,공백기의 존재를 확인하기 위함,‘이번엔 진짜 무더기 유급인데’ 의대증원 철회에도 복귀 거부 의대생...,의대 학장들 “복귀 하라” 호소문…교육부 “수업 방해 추가 수사 의뢰” 연세대가 의과대학 증원에 반발해 동맹 휴학을 이어가는 의대생들을 기숙사에서 퇴소시켰다며 일부 학생이 반발하고 있다. 사진은 서울...,https://biz.heraldcorp.com/article/10438396?ref=naver,biz.heraldcorp.com,2025-03-11
b1dddb42540bbb1839fcc628486edee0,naver,news,기숙사 퇴소,KW2,공백기의 존재를 확인하기 위함,[단독] 학생 복귀 시급한 의대들…연대는 '제적' 엄포까지,"앞서 연세대 의대는 이달 들어서만 휴학생들에게 의대생 전용 기숙사에서 퇴소 조치를 내린 데 이어, 휴학계 제출을 실명으로 진행하게 된 경위를 파악하기 위해 비상시국대응위원회 소속 학생들에게 조사위원회 출석도...",https://www.sedaily.com/NewsView/2GQ7C8NP53,www.sedaily.com,2025-03-11
0f5074086e692eec696915289de4f6ff,naver,news,기숙사 퇴소,KW2,공백기의 존재를 확인하기 위함,"복귀 장담한 의대 학장들…""2000명 증원 부추기나"" 의사들은 쓴소리","연세대 의대는 휴학생들에 대해 기숙사 퇴소 조처를 내린 데 이어, 휴학계 제출을 실명으로 진행하게 된 경위를 파악하기 위해 비상시국대응위원회 소속 학생 A씨를 20일 조사위원회에 출석하라고 통보한 것으로...",http://news.mt.co.kr/mtview.php?no=2025031010364645386,news.mt.co.kr,2025-03-10
84272dcbdef64bafcfb8a19fe7979026,naver,news,기숙사 퇴소,KW2,공백기의 존재를 확인하기 위함,가고 싶던 의대 아니었나… 합격하고도 등교 안하는 신입생,연세대 측은 의대생 전용 기숙사인 '제중학사'에서 휴학한 의대생들을 퇴소시켰다. '재학생'이라는 입소 자격 규정을 제시해 휴학생 신분의 의대생들은 입소 대상이 아니라는 취지다. 경희대도 의대 신입생 대부분을 유급...,http://www.fnnews.com/news/202503091804478919,www.fnnews.com,2025-03-09
aab621b673f373dd4dc0279d36091dbe,naver,news,기숙사 퇴소,KW2,공백기의 존재를 확인하기 위함,연세대 '휴학 의대생' 기숙사 퇴소에 일부 반발,연세대가 의과대학 증원에 반발해 동맹 휴학을 이어가는 의대생들을 기숙사에서 퇴소시켰다며 일부 학생이 반발하고 있다. 학교 측은 제중학사 입소 자격이 '재학생'으로 한정된다는 내규를 근거로 제시한 것으로...,https://www.yna.co.kr/view/PYH20250306112900013?input=1196m,www.yna.co.kr,2025-03-06
59ac2f26101a89eb729d8bbcde66e981,naver,news,기숙사 퇴소,KW2,공백기의 존재를 확인하기 위함,연세대학교 '휴학 의대생' 기숙사 퇴소에 일부 반발,연세대가 의과대학 증원에 반발해 동맹 휴학을 이어가는 의대생들을 기숙사에서 퇴소시켰다며 일부 학생이 반발하고 있다. 학교 측은 제중학사 입소 자격이 '재학생'으로 한정된다는 내규를 근거로 제시한 것으로...,https://www.yna.co.kr/view/PYH20250306113000013?input=1196m,www.yna.co.kr,2025-03-06
5c554cb3125f2f6fb51cb66aa125c62f,naver,news,기숙사 퇴소,KW2,공백기의 존재를 확인하기 위함,연세대 '휴학 의대생' 기숙사 퇴소에 일부 반발,연세대가 의과대학 증원에 반발해 동맹 휴학을 이어가는 의대생들을 기숙사에서 퇴소시켰다며 일부 학생이 반발하고 있다. 학교 측은 제중학사 입소 자격이 '재학생'으로 한정된다는 내규를 근거로 제시한 것으로...,https://www.yna.co.kr/view/PYH20250306112800013?input=1196m,www.yna.co.kr,2025-03-06
0f32189142955cd4aa90d9d3f9a2f78e,naver,news,기숙사 퇴소,KW2,공백기의 존재를 확인하기 위함,연세대 '휴학 의대생' 기숙사 퇴소에 일부 반발,연세대가 의과대학 증원에 반발해 동맹 휴학을 이어가는 의대생들을 기숙사에서 퇴소시켰다며 일부 학생이 반발하고 있다. 학교 측은 제중학사 입소 자격이 '재학생'으로 한정된다는 내규를 근거로 제시한 것으로...,https://www.yna.co.kr/view/PYH20250306112700013?input=1196m,www.yna.co.kr,2025-03-06
7bd45ece7fd5508795492f9a943da5f2,naver,news,기숙사 퇴소,KW2,공백기의 존재를 확인하기 위함,연세대학교 '휴학 의대생' 기숙사 퇴소에 일부 반발,연세대가 의과대학 증원에 반발해 동맹 휴학을 이어가는 의대생들을 기숙사에서 퇴소시켰다며 일부 학생이 반발하고 있다. 학교 측은 제중학사 입소 자격이 '재학생'으로 한정된다는 내규를 근거로 제시한 것으로...,https://www.yna.co.kr/view/PYH20250306112500013?input=1196m,www.yna.co.kr,2025-03-06
398c52422663cd2374ed9f70468b9776,naver,news,기숙사 퇴소,KW2,공백기의 존재를 확인하기 위함,연세대 '휴학 의대생' 기숙사 퇴소 결정에 일부 반발,연세대가 의과대학 증원에 반발해 동맹 휴학을 이어가는 의대생들을 기숙사에서 퇴소시켰다며 일부 학생이 반발하고 있다. 학교 측은 제중학사 입소 자격이 '재학생'으로 한정된다는 내규를 근거로 제시한 것으로...,https://www.yna.co.kr/view/PYH20250306112600013?input=1196m,www.yna.co.kr,2025-03-06
7bd18c6adf13d5c0b666786aa3be2207,naver,news,기숙사 퇴소,KW2,공백기의 존재를 확인하기 위함,연세대 '휴학 의대생' 기숙사 퇴소 결정에 일부 반발,연세대가 의과대학 증원에 반발해 동맹 휴학을 이어가는 의대생들을 기숙사에서 퇴소시켰다며 일부 학생이 반발하고 있다. 학교 측은 제중학사 입소 자격이 '재학생'으로 한정된다는 내규를 근거로 제시한 것으로...,https://www.yna.co.kr/view/PYH20250306112000013?input=1196m,www.yna.co.kr,2025-03-06
1a4704e621309ad89183d1a0c7785995,naver,news,기숙사 퇴소,KW2,공백기의 존재를 확인하기 위함,연세대학교 '휴학 의대생' 기숙사 퇴소에 일부 반발,연세대가 의과대학 증원에 반발해 동맹 휴학을 이어가는 의대생들을 기숙사에서 퇴소시켰다며 일부 학생이 반발하고 있다. 학교 측은 제중학사 입소 자격이 '재학생'으로 한정된다는 내규를 근거로 제시한 것으로...,https://www.yna.co.kr/view/PYH20250306112100013?input=1196m,www.yna.co.kr,2025-03-06
43f53b75d002e9e7f5016160ac9a8160,naver,news,기숙사 퇴소,KW2,공백기의 존재를 확인하기 위함,연세대 '휴학 의대생' 기숙사 퇴소 결정에 일부 반발,연세대가 의과대학 증원에 반발해 동맹 휴학을 이어가는 의대생들을 기숙사에서 퇴소시켰다며 일부 학생이 반발하고 있다. 학교 측은 제중학사 입소 자격이 '재학생'으로 한정된다는 내규를 근거로 제시한 것으로...,https://www.yna.co.kr/view/PYH20250306111900013?input=1196m,www.yna.co.kr,2025-03-06
4f4c61452f73ef06fe16db50da4392e6,naver,kin,기숙사 퇴소,KW2,공백기의 존재를 확인하기 위함,학대피해아동 쉼터 퇴소,"... 둘째, 퇴소 후 안전·주거 대안 자료로서 임대차계약서 또는 공공임시주거 제공 확인서, 성년 친족 위탁동의서, 직장 인근 기숙사 제공 확인, 야간 귀가 동선과 비상연락망 계획입니다. 셋째, 경제적 자립 가능성을 보이는 고용확약서...",https://kin.naver.com/qna/detail.naver?d1id=6&dirId=6100105&docId=493851341&qb=6riw7IiZ7IKsIO2HtOyGjA==&enc=utf8,지식iN,
a552fa3f416165bd61b7d8a7bbe3f2dc,naver,kin,기숙사 퇴소,KW2,공백기의 존재를 확인하기 위함,천안 북일여고,"... 학부모 상담, 담임선생님까지 기숙사 퇴소에 동의를 해야하고, 1달에 1번씩 열리는 학교 회의에서 통과가 되어야 그제서야 기숙사에서 나올 수 있어요. 실제... 천안시 옆 아산시 사는 학생이 기숙사 생활이 안맞아서 진짜...",https://kin.naver.com/qna/detail.naver?d1id=12&dirId=121507&docId=492981774&qb=6riw7IiZ7IKsIO2HtOyGjA==&enc=utf8,지식iN,
593a40d85f2ac869b294cd97ccea66f8,naver,kin,기숙사 퇴소,KW2,공백기의 존재를 확인하기 위함,"한국 기독교 복지의 거장, 박인근 장로","... 입·퇴소절차 개선, 수용보호의 전문성 확보 및 직업보도 강화 등 복지서비스 제고 및 시설운영의 내실화에 관한... 위한 기숙사시설이 갖추어져 있다)은 위 형제복지원이 부랑인 선도보호를 위하여 설치운영하는 사회복지시설의...",https://kin.naver.com/qna/detail.naver?d1id=6&dirId=60901&docId=168451057&qb=6riw7IiZ7IKsIO2HtOyGjA==&enc=utf8,지식iN,
a41ef4b6c2e06887c4d3f2c54fb536ff,naver,kin,기숙사 퇴소,KW2,공백기의 존재를 확인하기 위함,고딩 기숙사 퇴소 고민,현재 기숙사다니고았고요 친구관계 때문에 톼소할까 고민입니다. 자금... 이번달에 기숙사를 나간대요.. 그럼 전 앞으로 기숙사애서 걔속 혼자... 야자가필수라 기숙사아닌애들은 자습실자리차지하려고 엄청빨리가야하고 거가서 애들아...,https://kin.naver.com/qna/detail.naver?d1id=11&dirId=110407&docId=492980322&qb=6riw7IiZ7IKsIO2HtOyGjA==&enc=utf8,지식iN,
9687bf4a0f1f38c4897d8b794dc1fb23,naver,kin,기숙사 퇴소,KW2,공백기의 존재를 확인하기 위함,청년내일저축계좌 주거지,"... 주의해야 할 점 - 기숙사 퇴소 여부: 주소지가 기숙사로 되어 있는데 이미 퇴소했다면, 나중에 현장 확인이나 서류 보완 요청이 올 수 있습니다. 가급적 실거주지로 주소지를 옮기거나 부모님 댁으로 옮겨두는 것이 행정 처리상 가장...",https://kin.naver.com/qna/detail.naver?d1id=4&dirId=40101&docId=493142823&qb=6riw7IiZ7IKsIO2HtOyGjA==&enc=utf8,지식iN,
881617a544e9dc0101c31245b62c4499,naver,kin,기숙사 퇴소,KW2,공백기의 존재를 확인하기 위함,리로스쿨 상벌점,... - 기숙사/장학금 제한: 기숙사 퇴소 기준이나 교내 장학금 선발 시 감점 요인. - 생기부 기재와는 별개: 리로스쿨에 기록된 데이터가 그대로 대학교 입학사정관에게 전달되는 시스템이 아닙니다. 현재 많은 교육청에서 공식적인...,https://kin.naver.com/qna/detail.naver?d1id=11&dirId=1114&docId=493093377&qb=6riw7IiZ7IKsIO2HtOyGjA==&enc=utf8,지식iN,
8220c22d7314f43f65dbcfee40ae5209,naver,kin,기숙사 퇴소,KW2,공백기의 존재를 확인하기 위함,동외고 기숙사 생활?,동외고 기숙사 생활 무조건 해야 하나요? 넹.. 필스에요 근데 삼겹살 꾸워먹거나 그러면 2주 퇴소에야,https://kin.naver.com/qna/detail.naver?d1id=11&dirId=110502&docId=492388466&qb=6riw7IiZ7IKsIO2HtOyGjA==&enc=utf8,지식iN,
acc0cbd50b20772a0500387a1dddbf85,naver,kin,기숙사 퇴소,KW2,공백기의 존재를 확인하기 위함,태광고 기숙사,태광고 기숙사 한번 퇴소하면 앞으로 남은 기간동안 재입소 못하나요? 저도 그학교다니다가 개인사정으로 고1때 자퇴해서 내일전화해서 물어보고 휴대폰이랑 옷찾으러가려구요,https://kin.naver.com/qna/detail.naver?d1id=8&dirId=8010502&docId=491618567&qb=6riw7IiZ7IKsIO2HtOyGjA==&enc=utf8,지식iN,
71a6274dc4fde68763681a99154585ef,naver,kin,기숙사 퇴소,KW2,공백기의 존재를 확인하기 위함,용산철도고 사복 가능한가요??,... 기숙사 생활을 한다면 매주 퇴소하는건가요? 4. 패드랑 폰 제출하나요? 교복을 구입해야하지만 없는경우에만 사복을 입을수 있긴하나 교복이 들어오면 사복을 입고 싶어도 못입으며 화장의 경우 스킨 로션같은화장만 허용되고...,https://kin.naver.com/qna/detail.naver?d1id=11&dirId=110407&docId=493025147&qb=6riw7IiZ7IKsIO2HtOyGjA==&enc=utf8,지식iN,
fe24e3114fff6441b0fe2e1589d8ac24,naver,kin,기숙사 퇴소,KW2,공백기의 존재를 확인하기 위함,고등학교 기숙사 같은 방 룸메언니 냄새,... 냄새가 배는 것같고 그냥 언니가 기숙사 퇴소했으면 좋겠어요 고생이 많으신것 같아 안타깝네요 방향제 같은 것을 사용해도 그런가요 한학기 지나서 새로 기숙사 방을 정할때 사감선생님께 말씀드려서 룸메를 바꿔 달라고 해 보시지요,https://kin.naver.com/qna/detail.naver?d1id=11&dirId=110407&docId=492981612&qb=6riw7IiZ7IKsIO2HtOyGjA==&enc=utf8,지식iN,
4da4baae8da5d1cb90db5a10df0c34d9,naver,kin,기숙사 퇴소,KW2,공백기의 존재를 확인하기 위함,고딩 기숙사 퇴소 고민 (다 답변해주세요ㅠㅠ),현재 기숙사다니고았고요 친구관계 때문에 톼소할까 고민입니다. 자금... 이번달에 기숙사를 나간대요.. 그럼 전 앞으로 기숙사애서 걔속 혼자... 야자가필수라 기숙사아닌애들은 자습실자리차지하려고 엄청빨리가야하고 거가서 애들아...,https://kin.naver.com/qna/detail.naver?d1id=11&dirId=110307&docId=492980794&qb=6riw7IiZ7IKsIO2HtOyGjA==&enc=utf8,지식iN,
d1333fc8b667964b0d0ab27d629951ee,naver,kin,기숙사 퇴소,KW2,공백기의 존재를 확인하기 위함,대학교 기숙사 퇴소 관리비 환불,돈 언제쯤 받을 수 잇나요? ㅜ 급한데 2주 정도 걸린다고 하셨는데 진짜 2주정도 걸리너요… 학교마다 다릅니다,https://kin.naver.com/qna/detail.naver?d1id=11&dirId=110502&docId=492973471&qb=6riw7IiZ7IKsIO2HtOyGjA==&enc=utf8,지식iN,
489abd4db2c15b778ec7fd2368474eee,naver,kin,기숙사 퇴소,KW2,공백기의 존재를 확인하기 위함,대학 자취,"... 그러나 3, 4학년이 되면서 기숙사의 각종 규정이 넘 갑갑하고 간혹은 생활규칙을 어겨 퇴소조치 당하기도 하고 그러는 과정에서 자녀의 요청으로 원룸자취 등으로 넘어가는 경욱 많이 발생 합니다.",https://kin.naver.com/qna/detail.naver?d1id=11&dirId=110408&docId=492892846&qb=6riw7IiZ7IKsIO2HtOyGjA==&enc=utf8,지식iN,
39c91df984ac8083f58b9b2cef762f2d,naver,kin,기숙사 퇴소,KW2,공백기의 존재를 확인하기 위함,청년월세 지원 질문 있습니다.,... 이걸 기준으로 하나씩 설명드릴게요 7~8월 본가로 전입 시 이 시점에서는 ✔ 월세 발생 ❌ (기숙사 퇴소) ✔ 부모님 집 거주 → 즉 월세 지원 대상 조건이 일시적으로 사라집니다 그래서 이 기간은 지급 중단되는 게 정상입니다 9월에...,https://kin.naver.com/qna/detail.naver?d1id=11&dirId=110502&docId=492792189&qb=6riw7IiZ7IKsIO2HtOyGjA==&enc=utf8,지식iN,
c03fa33175dc26f611651917cc925609,naver,kin,기숙사 퇴소,KW2,공백기의 존재를 확인하기 위함,21살 가정폭력,... 저는 20살을 맞이해 집네서 벗어나기 위해 연을 끊고 회사 기숙사에서 숙식 중입니다. 그분들. 즉 제 친어머니와... 보호시설에서 보호를 받고 퇴소 시에는 가정폭력을 증빙할 수 있는 서류를 통해 '주민등록등초본열람제한'신청과...,https://kin.naver.com/qna/detail.naver?d1id=6&dirId=60220&docId=492801277&qb=6riw7IiZ7IKsIO2HtOyGjA==&enc=utf8,지식iN,
7755fb43eae6711ce1b81aa1da635b48,naver,kin,기숙사 퇴소,KW2,공백기의 존재를 확인하기 위함,기숙사 강아지,기숙사에서 애완동물 기르다 걸리먄 어떻게 돼용? 애완동물 사육 적발시 강제퇴소입니다,https://kin.naver.com/qna/detail.naver?d1id=11&dirId=110502&docId=492636174&qb=6riw7IiZ7IKsIO2HtOyGjA==&enc=utf8,지식iN,
bb651a6579fd043d6bfcdfb35e86f5ca,naver,kin,기숙사 퇴소,KW2,공백기의 존재를 확인하기 위함,미자인데 룸메가 담배 피는 거 같아요,안녕하세요 저는 고등학교에 다니고 있는데요 이번에 저랑 방을 같이 쓰게 된 룸메가 있는데 저보다 한 살 어려요 이 친구가 흡연자인건 알고 있었는데 미성년자기도 하고 애초에 기숙사에서는 피면 퇴소거든요.. 근데 이 친구가...,https://kin.naver.com/qna/detail.naver?d1id=6&dirId=60208&docId=492501255&qb=6riw7IiZ7IKsIO2HtOyGjA==&enc=utf8,지식iN,
7c4fc68a0482cc8bf64ce3417f33d494,naver,kin,기숙사 퇴소,KW2,공백기의 존재를 확인하기 위함,기숙사 예비31번,... 긍정적 요인: 학기 초 일주일 내외로 적응 문제나 개인 사정으로 퇴소하는 인원이 의외로 많습니다. 특히 대단지 기숙사라면 30명 정도의 순번은 한 달 이내에 빠질 가능성이 꽤 높습니다. 부정적 요인: 하지만 지금이 이미 학기...,https://kin.naver.com/qna/detail.naver?d1id=4&dirId=4020202&docId=492402922&qb=6riw7IiZ7IKsIO2HtOyGjA==&enc=utf8,지식iN,
bb88b4b73f92cdc30f4497c17193a403,naver,kin,기숙사 퇴소,KW2,공백기의 존재를 확인하기 위함,고등학생은 원래 이런 건가요?,"... 기숙사를 퇴소하면 심리적 안정은 찾겠지만, 계산해 본 것처럼 이동 시간으로 인해 잠은 더 부족해질 수 있습니다. 3년이라는 장거리 달리기를 위해서는 무조건적인 휴식보다는 일과 중 틈틈이 쪽잠을 자는 등 자신만의 에너지...",https://kin.naver.com/qna/detail.naver?d1id=11&dirId=110407&docId=492361852&qb=6riw7IiZ7IKsIO2HtOyGjA==&enc=utf8,지식iN,
494bdb29120c2433eed4aa3e63360d74,naver,kin,기숙사 퇴소,KW2,공백기의 존재를 확인하기 위함,기숙사 적응이 너무 힘들어요,... 중간에 퇴소하면 기숙사 비용이나 조식 석식 비용도 환불이 안된다고 해서 적은 금액이 아닌 걸 알기에 더더욱 죄송해요. 그래서 기숙사에 있는 내내 침대에서 혼자 조용히 울고만 있었던 것 같아요. 금요일에는 집에 와서 일주일만에...,https://kin.naver.com/qna/detail.naver?d1id=11&dirId=1104&docId=492350834&qb=6riw7IiZ7IKsIO2HtOyGjA==&enc=utf8,지식iN,
04bad90ef1ac281b92270f9852f63a20,naver,kin,기숙사 퇴소,KW2,공백기의 존재를 확인하기 위함,보육원 아이들의 생활이 궁금합니다,"... 퇴소아니라 일시적으로 나가서 생활할 수 있나요? 보육원(아동양육시설) 아이들의 구체적인 생활이... 기숙사 이용: 특성화고나 예술고처럼 거리가 먼 경우, 학교 기숙사에 들어가서 생활하며 주말에만 보육원(집)으로...",https://kin.naver.com/qna/detail.naver?d1id=6&dirId=6100105&docId=492101185&qb=6riw7IiZ7IKsIO2HtOyGjA==&enc=utf8,지식iN,
ebcc08378e5ab39fb54b268bf2de191d,naver,kin,기숙사 퇴소,KW2,공백기의 존재를 확인하기 위함,기숙사 관련 문의,안녕하세요 거제대 기숙사 4인실을 사용하는 학생입니다 어제까지 룸매가 있었는데 오늘 기숙사 퇴소를 하더라구요 이러한경우에는 4인실을 혼자 사용하나요? 아니면 방을 바꾸어 주시나요? 4인실에 혼자라면 3명이 들어옵니다 그리고...,https://kin.naver.com/qna/detail.naver?d1id=11&dirId=110502&docId=492302604&qb=6riw7IiZ7IKsIO2HtOyGjA==&enc=utf8,지식iN,
99bcc9b751117605a0b6241e31c6d028,naver,kin,기숙사 퇴소,KW2,공백기의 존재를 확인하기 위함,기숙사 흡연검사,내일 기숙사를 들어가는데 흡연검사를 하고 양성이 뜨면 바로 퇴소라는데 한 3일 정도 전부터 안피긴했고 물도 많이 마시고 있긴한데 양성이 나올까요? 안나올려면 어케 해야하나요 제발요ㅠㅜㅜ 개인의 상태와 평소 흡연량에 따라...,https://kin.naver.com/qna/detail.naver?d1id=11&dirId=110307&docId=492249624&qb=6riw7IiZ7IKsIO2HtOyGjA==&enc=utf8,지식iN,
a7356c01c08962b40abfe230c403cd99,naver,kin,기숙사 퇴소,KW2,공백기의 존재를 확인하기 위함,광주중앙고 기숙사 관련 질문,... 그럼 기숙사 퇴소했다 입소하면 되는거 아닌가 싶으실텐데 퇴소하면 6개월동안 입소를 못해요. 4. 벌레 가끔...? 근데 거의 안나와여 5. 에이 그래도 열심히 하면 10프로 안에는 들 수 있을거예여 6. 아주 많다.. 이런건 아닌데 심심치...,https://kin.naver.com/qna/detail.naver?d1id=12&dirId=1205&docId=489917992&qb=6riw7IiZ7IKsIO2HtOyGjA==&enc=utf8,지식iN,
34731af5bc53d681a9fb0942d12ab73c,naver,kin,기숙사 퇴소,KW2,공백기의 존재를 확인하기 위함,서울국제고 금요일 귀가 시간,"... (점심 식사 포함)을 마치고 기숙사 짐 정리 후 오후 2~3시 사이에 귀가하는 것이 맞습니다. 4교시가 일찍 끝나더라도 점심 식사, 기숙사 퇴소 절차 및 개인 짐 정리 시간 등을 고려하면 보통 오후 2시 30분 ~ 3시경 학교에서 나오게 됩니다.",https://kin.naver.com/qna/detail.naver?d1id=1&dirId=1060101&docId=492211518&qb=6riw7IiZ7IKsIO2HtOyGjA==&enc=utf8,지식iN,
5ba37a2083839af14168fa188bf622ca,naver,kin,기숙사 퇴소,KW2,공백기의 존재를 확인하기 위함,매트리스 위에 토퍼 깔라는디 매트리스 커버도 씌워야...,... 나중에 침대를 비울 때를 위해서 기숙사 퇴소할 때 매트리스에 얼룩이 있으면 변상해야 할 수도 있어. 음료수를 쏟거나 땀을 흘렸을 때 토퍼가 다 막아주지 못할 수도 있거든. 커버는 '보험'이라고 생각하면 돼! ✅ 가장 깔끔한 세팅...,https://kin.naver.com/qna/detail.naver?d1id=5&dirId=50501&docId=491962093&qb=6riw7IiZ7IKsIO2HtOyGjA==&enc=utf8,지식iN,
4d6b21209b4e67a46e83c320625b1761,naver,kin,기숙사 퇴소,KW2,공백기의 존재를 확인하기 위함,대학교 기숙사 입사기간과 종강,"... 보통은 언제쯤 종강해요? 네 맞습니다. 보통은 6월 10-20일 사이에 종강입니다. 이때 기말고사가 종료되죠. 대학은 그 학기 기말고사가 있는 주에 종강이고, 기숙사 퇴소일도 기말고사가 있는 주 금요일입니다.",https://kin.naver.com/qna/detail.naver?d1id=11&dirId=110502&docId=491847095&qb=6riw7IiZ7IKsIO2HtOyGjA==&enc=utf8,지식iN,
30652335c134ec1ae1785b12462ebe6a,naver,kin,기숙사 퇴소,KW2,공백기의 존재를 확인하기 위함,부산고등학교 기숙사,"... 일반적으로 학교 기숙사는 주말을 앞둔 금요일 오후에 귀가하는 것이 원칙이지만, 모의고사 당일 퇴소 여부는 학교의 운영 방침에 따라 달라집니다. 모의고사는 보통 화요일, 수요일, 목요일과 같은 평일 중간에 실시되기 때문에...",https://kin.naver.com/qna/detail.naver?d1id=11&dirId=110407&docId=491830430&qb=6riw7IiZ7IKsIO2HtOyGjA==&enc=utf8,지식iN,
499e104b47c39c8056ae8529daf66ecf,naver,kin,기숙사 퇴소,KW2,공백기의 존재를 확인하기 위함,고등학교 기숙사,"... 중도 퇴소 시 이미 납부한 기숙사비에 대한 환불 가능 여부와 구체적인 환불 기준을 파악하고자 하시는 상황입니다. 질문자님의 질문에 대한 답변은, 아래와 같습니다. 1. 기숙사비 납부 방식은 각 시도 교육청의 지침이나 학교별...",https://kin.naver.com/qna/detail.naver?d1id=6&dirId=60208&docId=491639502&qb=6riw7IiZ7IKsIO2HtOyGjA==&enc=utf8,지식iN,
087edf43d1d81ee26bf4355e12a2e76e,naver,kin,기숙사 퇴소,KW2,공백기의 존재를 확인하기 위함,고등학교 기숙사,제가 이번이 고등학교 입학하면서 기숙사에 들어가게 됐는데요 한번 퇴소하면 3년내내 다시 입소 못하나요?? 어떻게 되냐에 따라 다를걸요? 퇴소도 기준이 다 달라서 만약에 잘못해서 규칙 어겨서 퇴소하는 거 몇번 이상이면 아예 퇴소...,https://kin.naver.com/qna/detail.naver?d1id=11&dirId=110308&docId=491618519&qb=6riw7IiZ7IKsIO2HtOyGjA==&enc=utf8,지식iN,
b3c7b53348082980ff510000c3527696,naver,kin,기숙사 퇴소,KW2,공백기의 존재를 확인하기 위함,대학교 기숙사 1인실이랑 자취 중에,... 한 학기 129만원이고 자취방 월세는 47이에요 고등학교 기숙사가 너무 힘들어서 중간에 퇴소햇엇는데 그래서 그런지 쉽사리 결정하기 어려워요 자취를 한다면 빠져나가는 돈이 어마어마할거지만 그래도 혼자 잇다는 거에 마음은 조금...,https://kin.naver.com/qna/detail.naver?d1id=8&dirId=8010502&docId=491196296&qb=6riw7IiZ7IKsIO2HtOyGjA==&enc=utf8,지식iN,
6f471f667605d612e0a0a058cfd07908,naver,kin,기숙사 퇴소,KW2,공백기의 존재를 확인하기 위함,기숙사 자해 흉터,고등학교 기숙사 들어가는데 자해 하면 퇴소라는데 자해 흉터 있어도 퇴소 당할까요 지금은 안 하고 전에 했는데 양쪽 허벅지 맨 위부터 무릎 전까지 있는데 숨기기가 어려울 것 같아요 샤워할 땐 백퍼 보일텐데 애들도 이상하게 볼 거...,https://kin.naver.com/qna/detail.naver?d1id=11&dirId=110407&docId=490890416&qb=6riw7IiZ7IKsIO2HtOyGjA==&enc=utf8,지식iN,
69c73282ba950c3eb8f08f5a7924152f,naver,kin,기숙사 퇴소,KW2,공백기의 존재를 확인하기 위함,한국전통문화고등학교 궁금한점,... 대부분은 전북인데 가끔가다 다른 지역 사람도 있죵 전남 정도는요.. 물론 경기도 같은 먼지역에서 올 정도의 학교는 아니라.. 아주 먼 지역에서는 잘 안 와요. 기숙사 퇴소도 1주일마다 해야해서 먼 지역은 부담이 좀 클 거예요,https://kin.naver.com/qna/detail.naver?d1id=11&dirId=110308&docId=490727056&qb=6riw7IiZ7IKsIO2HtOyGjA==&enc=utf8,지식iN,
f25c7628e508d869a44d5aa1436cabbe,naver,kin,기숙사 퇴소,KW2,공백기의 존재를 확인하기 위함,경북조리과학고 기숙사,"... 재학생 분들 답변 간절합니당,, 경북조리과학고 기숙사 운영규정입니다. 경북조리과학고등학교 > 학생마당 > 생활관 소식상세 > > 나갈수있다 그런건 안적혀있고 ' 퇴소 ' 라고 적혀있네요 자세한건 학교랑 상의를 해봐야할부분인거...",https://kin.naver.com/qna/detail.naver?d1id=11&dirId=110308&docId=490108711&qb=6riw7IiZ7IKsIO2HtOyGjA==&enc=utf8,지식iN,
6b115c5a012a2e99b5428ad4498b3199,naver,kin,기숙사 퇴소,KW2,공백기의 존재를 확인하기 위함,고등학교 어디가야할까요,... 이번년도에 전학와서 주변 고등학교를 모르겠어요 다산고 덕소고 혹은 또 다른 고등학교 어디를 가야될까요 덕소고 기숙사 너무 기대하진 마세요 사감쌤이랑 문제 생겨서 퇴소하는 애들도 있고 적응 못하고 나가는 애들도 꽤 있어요...,https://kin.naver.com/qna/detail.naver?d1id=11&dirId=1111&docId=489556906&qb=6riw7IiZ7IKsIO2HtOyGjA==&enc=utf8,지식iN,
c1a502f1c4465cdd6acb988e2d7b7788,naver,kin,기숙사 퇴소,KW2,공백기의 존재를 확인하기 위함,고2 자퇴 고민중,"... 자퇴상담이나 기숙사 퇴소 상담을 하면서 대략적 상황을 이야기 해봤을 수도 있지만, 지금처럼 힘든 상황이라면 다시 한 번 도움을 요청하는 것이 좋을 것 같아요. 가장 가까운 곳에 있는 부모님이나 담임 선생님, 위클래스...",https://kin.naver.com/qna/detail.naver?d1id=11&dirId=1104&docId=490229170&qb=6riw7IiZ7IKsIO2HtOyGjA==&enc=utf8,지식iN,
872f623ceda1a222ade35f00f6c88fb5,naver,kin,기숙사 퇴소,KW2,공백기의 존재를 확인하기 위함,미용 위탁 학교,"... 기숙사 있는 네일, 메이크업 위탁 학교 여러 곳 추천 좀 부탁드려요 그리고 혹시 위탁학교 다니다가 중간에 다시... • 그래서 퇴소하면 자동으로 원래 학교로 돌아갈 수 있어요. 다만 학교 수업 진도를 따라가기 어렵다면 방과후나...",https://kin.naver.com/qna/detail.naver?d1id=8&dirId=8030302&docId=489916278&qb=6riw7IiZ7IKsIO2HtOyGjA==&enc=utf8,지식iN,
0180b801cef52029c67b7720b5875d75,naver,kin,기숙사 퇴소,KW2,공백기의 존재를 확인하기 위함,전주여고 질문이요,... 이건아니에욤 내신 높은 애들은 의치한약수 스카이 가죠 근데 이정도로 가려면 전교 1등 하겠다는 생각으로 하셔야 돼요 기숙사는 한 번쯤 살아 볼 만 한 것 같아요 근데 나중 되면 다들 퇴소하고 통학해요…ㅎ 궁금한거 있으시면...,https://kin.naver.com/qna/detail.naver?d1id=12&dirId=121305&docId=488151595&qb=6riw7IiZ7IKsIO2HtOyGjA==&enc=utf8,지식iN,
985d1a62dfbbdc2594603ba204a01721,naver,kin,기숙사 퇴소,KW2,공백기의 존재를 확인하기 위함,시대인재 예비고2 기숙,"... 퇴소 시간은 일반적으로 아침 6시 40분까지 기숙사에서 퇴실해야 한다고 해요. 이후 학생들은 식사를 하고 7시 20분까지 도서관에 착석해야 한다고 하니, 재종반 퇴소할 때도 비슷한 시간대인 오전 6시 40분 정도일 가능성이 높아요....",https://kin.naver.com/qna/detail.naver?d1id=11&dirId=1121&docId=489954595&qb=6riw7IiZ7IKsIO2HtOyGjA==&enc=utf8,지식iN,
cc5636873844243aaf53895e2b98e1d0,naver,kin,기숙사 퇴소,KW2,공백기의 존재를 확인하기 위함,억울하게 학폭 신고,"... 수업권 침해가 큰 학급분리, 기숙사 퇴소, 과도한 출석정지 등에 대해 동선분리, 지도교사 지정 등 대체조치를 제시하며 조정안을 함께 제출하면 수용 가능성이 높습니다. 또한 보호자 동석권은 원칙적으로 보장되므로, 조사·심의 전...",https://kin.naver.com/qna/detail.naver?d1id=6&dirId=60208&docId=489850728&qb=6riw7IiZ7IKsIO2HtOyGjA==&enc=utf8,지식iN,
df2d6ebb8e8fbe2ffd2709e604d701be,naver,kin,기숙사 퇴소,KW2,공백기의 존재를 확인하기 위함,오산고등학교,"... 1학년 때 많은 학생들이 기숙사에 입사하지만, 시간이 지나면서 점차 퇴소하는 경향도 있어요. 학업 스트레스와 기숙사 생활의 어려움 때문일 수 있지만, 그럼에도 불구하고 버티는 학생들은 원하는 대학에 진학하는 경우가 많다고...",https://kin.naver.com/qna/detail.naver?d1id=11&dirId=110308&docId=489782696&qb=6riw7IiZ7IKsIO2HtOyGjA==&enc=utf8,지식iN,
724eec7d227a357a65bcc5356f28ae1e,naver,kin,기숙사 퇴소,KW2,공백기의 존재를 확인하기 위함,함안 칠원고,"... 기숙사 생활은 6시 50분에 아침점호 후 7시 10분 까지 퇴소해야 하고 아침급식 후 학교생활 이후 저녁급식 먹고 18시 10분 ~ 19시 40분 야자 1교시 후 20분 쉬는시간, 20시~21시 10분 야자 2교시 후, 60분 샤워시간 및 쉬는시간, 22시 10분...",https://kin.naver.com/qna/detail.naver?d1id=10&dirId=100703&docId=488096788&qb=6riw7IiZ7IKsIO2HtOyGjA==&enc=utf8,지식iN,
645d09b51aa6ac926203d936625f247c,naver,kin,기숙사 퇴소,KW2,공백기의 존재를 확인하기 위함,"대구 일,농업마이스터고",... 농마고 학생입니다 3학년이구요 현 3학년 제외하고는 전원 기숙사입니다. (코로나 때 기수라 저희는 희망자만 들어갑니다) 전 통학이고요 퇴소 당해서 집에서 등하교 하는 경우는 봤지만 본인이 원해서 집에서 등하교 하는 경우는 못...,https://kin.naver.com/qna/detail.naver?d1id=8&dirId=80902&docId=489495770&qb=6riw7IiZ7IKsIO2HtOyGjA==&enc=utf8,지식iN,
b8a3daa9bc8dcc020704122e0631705d,naver,kin,기숙사 퇴소,KW2,공백기의 존재를 확인하기 위함,윈터스쿨 강안교육,강안교육 윈터 스쿨 기숙사에서도 휴대폰 반납하나요?? 강안교육 윈터스쿨에 대해 궁금하신 점이 있군요!... 입소할 때 휴대폰을 제출하고 퇴소할 때 돌려받는 방식이에요. 이런 규정은 학생들이 학업에만 전념하도록 돕기 위한 것이고...,https://kin.naver.com/qna/detail.naver?d1id=11&dirId=1124&docId=489422011&qb=6riw7IiZ7IKsIO2HtOyGjA==&enc=utf8,지식iN,
4ea9bf075cdc0a5d849f3f6494a64fc8,naver,kin,기숙사 퇴소,KW2,공백기의 존재를 확인하기 위함,기숙사 택배함으로,... 넣어준다는데 기숙사로 시켰거든요 택배함이라고 상세주소에 적어놓긴 했는데 택배함으로 배달이 올까요? 그리고 예상 배송일이 16-18일인데 그때가 목-일요일이거든요 저희 학교가 금요일에 퇴소해서 일요일 저녁에 들어가는데 그...,https://kin.naver.com/qna/detail.naver?d1id=8&dirId=80901&docId=489331536&qb=6riw7IiZ7IKsIO2HtOyGjA==&enc=utf8,지식iN,
531b9d1ce453754c50f65bca0009d31c,naver,kin,기숙사 퇴소,KW2,공백기의 존재를 확인하기 위함,고등학교 전학하는 방법 없을까요,... 원래 기숙사 들어갔다가 이것저것 스트레스 때문에 자진퇴소를 한 상태에요 통학도 문제지만 학교 애들 질이 너무 별로고 샘들도 너무 이상해서 진지하게 전학을 고민중입니다 학교 애들은 반에서 전담을 피고 교과과목쌤과...,https://kin.naver.com/qna/detail.naver?d1id=11&dirId=110407&docId=488970141&qb=6riw7IiZ7IKsIO2HtOyGjA==&enc=utf8,지식iN,
50c34ba396ac802408621f692818db7a,naver,kin,기숙사 퇴소,KW2,공백기의 존재를 확인하기 위함,안녕하세요 이 벌레는 대체 뭔가요?,기숙사 살고 있습니다... 입주한 지 일주일도 안 돼서 벌레를 발견했어요 엄청 빠르게 달렸습니다... 뭔지 알아야 나타나는 원인을 알고 대처를 하든 퇴소를 하든 할 것 같아요... 사진의 벌레는 흔히 돈벌레라고도 널리 알려진 그리마...,https://kin.naver.com/qna/detail.naver?d1id=11&dirId=111608&docId=488875181&qb=6riw7IiZ7IKsIO2HtOyGjA==&enc=utf8,지식iN,
3c3ba8c2179a78dbaa53cd862a40c2b5,naver,kin,기숙사 퇴소,KW2,공백기의 존재를 확인하기 위함,한국반도체마이스터고등학교,"... 기숙사 퇴소 주기: 이 부분은 제공된 문서에서 직접적으로 언급되지 않았어요. 보통 마이스터고의 기숙사 정책은 학기 단위나 방학 기간에 따라 다를 수 있으니, 정확한 정보는 학교에 직접 문의하시거나 공식 웹사이트를 확인해...",https://kin.naver.com/qna/detail.naver?d1id=11&dirId=110405&docId=488773003&qb=6riw7IiZ7IKsIO2HtOyGjA==&enc=utf8,지식iN,
a35d73bef6ef2d7aefa806c5e9569b67,naver,kin,기숙사 퇴소,KW2,공백기의 존재를 확인하기 위함,창원 대산고 기숙사ㅠㅠ,... 일주일 강제퇴소 한 번 당하면 다음은 영구퇴소에요. 영퇴당해서 전학가는 애들 많이 봤어요. 기본적으로 기숙사는 거의 자유가 없다고 보시면 됩니다. 2. 주말에는 급식도 안주나요ㅎ 토요일 아침만 줍니다. 3. 기숙사 쓰는데 굳이...,https://kin.naver.com/qna/detail.naver?d1id=12&dirId=121009&docId=485216915&qb=6riw7IiZ7IKsIO2HtOyGjA==&enc=utf8,지식iN,
bfa0fa7674e52c941823886d9c28310c,naver,kin,기숙사 퇴소,KW2,공백기의 존재를 확인하기 위함,마이스터고 담배,... 친구가 저 담배피는거 아는데 친구가 꼰지른다고 하네요 저는 학교에서 흡연한적이 없고 기숙사 퇴소날 집에서만 핍니다. 부모님에게 담배를 걸린적이 없어서 매우 걱정되고 퇴학당할까봐 두렵네요. 담배를 처음 걸리는건데...,https://kin.naver.com/qna/detail.naver?d1id=11&dirId=110407&docId=488395875&qb=6riw7IiZ7IKsIO2HtOyGjA==&enc=utf8,지식iN,
763c0589253cd1cd6b724e94261b7477,naver,kin,기숙사 퇴소,KW2,공백기의 존재를 확인하기 위함,기숙가 중도퇴사 처리 많이 번거로운가오?,기숙사 퇴사 처리가 좀 번거로운가여.?? 기숙사 일주일썼는데 저랑 너무 안맞아서 학업에 지장이 생겨서 퇴소하고 싶어요 말하고 퇴실하면 됩니다,https://kin.naver.com/qna/detail.naver?d1id=4&dirId=40403&docId=488146223&qb=6riw7IiZ7IKsIO2HtOyGjA==&enc=utf8,지식iN,
f7d29b8a0707a6b81a8cdec438bb6f2c,naver,kin,기숙사 퇴소,KW2,공백기의 존재를 확인하기 위함,한국해양마이스터고 (포항) 2025년도 입학에 관해서,... 스마트 운항과에 들어오면 해군 하실 수 있습니다 -분위기는 어떤편인지도 궁금합니다 선생님들께서 열심히 가르쳐 주시는 분위기입니다 -통학버스나 기숙사는 있나요? 퇴소만 안 당하면 전원 기숙사 생활입니다 저는 내년에...,https://kin.naver.com/qna/detail.naver?d1id=11&dirId=1125&docId=487920355&qb=6riw7IiZ7IKsIO2HtOyGjA==&enc=utf8,지식iN,
39655d8df5bef7114a664cf3720135c3,naver,kin,기숙사 퇴소,KW2,공백기의 존재를 확인하기 위함,오래된 염색약 지우는 법..,기숙사에서 염색을 했는데요.. 방학이라서 이번주 일요일에 들어갑니다.(오늘은 수요일..) 락스로 덮었다가... 제발 도와주세요..걸리면 퇴소당할지도 몰라요…. 일반적으로 세면대나 가구에 뭍은 염색약은 락스를 화장솜에 뭍여서...,https://kin.naver.com/qna/detail.naver?d1id=7&dirId=70401&docId=487765732&qb=6riw7IiZ7IKsIO2HtOyGjA==&enc=utf8,지식iN,
12cab6cf3b64b296926a994c98ce3fb6,naver,kin,기숙사 퇴소,KW2,공백기의 존재를 확인하기 위함,아동보육시설에서 남자아이들의 성추행,... 제가 키우는 아동들은 전부 10명인데 한녀석은 올 3월부터 고등학교 기숙사에 들어가 생활을 하구 있습니다.... 이 후 아이들과 저는 저희 원장님과 상담이 이루어졌고 그 주범자인 고1.중3아동을 퇴소조치 시키겠다고 하여 8월 29일...,https://kin.naver.com/qna/detail.naver?d1id=20&dirId=200205&docId=186590041&qb=6riw7IiZ7IKsIO2HtOyGjA==&enc=utf8,지식iN,
cf4a576b4d14b4235421b080575bbdf5,naver,kin,기숙사 퇴소,KW2,공백기의 존재를 확인하기 위함,기숙사 식권 현금영수증 후 환불 거부,"... 2월 말에 기숙사 식당에 식권에 대해 금액 전부를 계좌이체했고, 현금영수증을 신청했습니다. 식당은 현금영수증을 신청했다는 이유로 중간퇴소 이후 식권에 대한 환불을 거부하고 있습니다. 이 경우 제가 현금영수증을 했다는 이유로...",https://kin.naver.com/qna/detail.naver?d1id=6&dirId=60207&docId=487117586&qb=6riw7IiZ7IKsIO2HtOyGjA==&enc=utf8,지식iN,
79b0a494186e41080b75ace80a0b2859,naver,kin,기숙사 퇴소,KW2,공백기의 존재를 확인하기 위함,경기 게임마이스터고,... 기숙사 퇴소 당한 학생들이 학교에서만 잘 지내면 잘 지내는 것으로 학교는 별일 아닌것 처럼 알고 처리하더라구요. (이는 학교에서 제출한 진술서 내용에 적혀 있던 내용입니다.) 기숙사 규정이 갑중에 갑이더군요. 장기 퇴소일 경우...,https://kin.naver.com/qna/detail.naver?d1id=11&dirId=110308&docId=482961037&qb=6riw7IiZ7IKsIO2HtOyGjA==&enc=utf8,지식iN,
9fa85d71deb3aa082bb8dc8ca3ee02a6,naver,kin,기숙사 퇴소,KW2,공백기의 존재를 확인하기 위함,인간관계/단체생활에 힘이 듭니다.,... 기숙사를 다녀서 이러한 친구들을 더 자주 마주쳐 기숙사 퇴소를 할까 생각을 합니다. 기숙사 퇴소를 하면 매일 첫 차타고 1시간 이상 걸리는 거리를 와야하지만 제가 손해를 보더라도 이 상황을 회피하고 싶어집니다. 학교에서...,https://kin.naver.com/qna/detail.naver?d1id=7&dirId=70109&docId=486549649&qb=6riw7IiZ7IKsIO2HtOyGjA==&enc=utf8,지식iN,
d1a0d648c397a84ea0ac8fe48b183471,naver,kin,기숙사 퇴소,KW2,공백기의 존재를 확인하기 위함,보육원 퇴소,"... 현재 직업학교 재학 중이고 기숙사에서 생활 중이라면, 보육원 퇴소 후 해당 학교 및 기숙사 규정에 따라 생활을 이어가거나 다른 조치를 취하셔야 합니다. 퇴소를 원하실 경우, 담당 보호자 또는 복지 기관과 상담하여 절차를...",https://kin.naver.com/qna/detail.naver?d1id=6&dirId=6100105&docId=486788197&qb=6riw7IiZ7IKsIO2HtOyGjA==&enc=utf8,지식iN,
58b2554b5539bdbba954e9eaab09dbe4,naver,kin,기숙사 퇴소,KW2,공백기의 존재를 확인하기 위함,함열여고 기숙사,"... ㅠㅠㅠㅠ 기숙사는 적응력이 나쁘면 이용 불가입니다. 그래서 기숙사 퇴소 시 사인하는 것 외에는 1년 동안은 들어올 수 없기 때문이며, 재입소는 다음 학년 때부터 다시 시작해야 합니다. 이 점 참고하셔야 합니다. 감사합니다.",https://kin.naver.com/qna/detail.naver?d1id=12&dirId=121304&docId=485503718&qb=6riw7IiZ7IKsIO2HtOyGjA==&enc=utf8,지식iN,
ae6991f598ad7484f7b6a90fbcb3280f,naver,kin,기숙사 퇴소,KW2,공백기의 존재를 확인하기 위함,와부고 주말 필수퇴소인가요,... 또 제가 중학교에서 와부고까지 41(직선)~58까지도 나오는데 기숙사 거의 무조건 될가요? 1. 네 주말퇴소 필수 입니다. 징검다리 연휴같은때는 잔류가능한데 주말은 무조건 퇴소했다가 일요일 오후7시이후에 돌아와야해요 2. 기숙사는...,https://kin.naver.com/qna/detail.naver?d1id=11&dirId=110308&docId=486606506&qb=6riw7IiZ7IKsIO2HtOyGjA==&enc=utf8,지식iN,
8e46af5f945ac9b7beb37341758dafde,naver,kin,기숙사 퇴소,KW2,공백기의 존재를 확인하기 위함,롯데택배 기숙사 예약,"제가 22일에 퇴소를 하기 때문에 롯데택배 앱으로 기숙사예약을 해서 22일에 짐을 부치기로 했는데 방문요청일을 보니까 21일, 23일은 되지만 22일은 방문요청일에 없었어요. 어떻하면 좋을까요? 분명 기숙사 공지엔 22일도 가능하다고...",https://kin.naver.com/qna/detail.naver?d1id=8&dirId=81302&docId=486367332&qb=6riw7IiZ7IKsIO2HtOyGjA==&enc=utf8,지식iN,
1f1f43ee8e41d04a57ef8dccb02b6b63,naver,kin,기숙사 퇴소,KW2,공백기의 존재를 확인하기 위함,함열여고 기숙사 재입사……..,함열여고 기숙사 제가 3월달에 기숙사 생활 적응 잘 못 해서 나왔는데 기숙사 다시 들어가고 싶어요 근데 퇴소 할때 사인하는거에 뭐 1년 동안 못 들어온다고 써져있었는데 진짜 재입사 할 수 있는 방법이 없는건가요ㅠㅠ 너무...,https://kin.naver.com/qna/detail.naver?d1id=12&dirId=12130432&docId=485495852&qb=6riw7IiZ7IKsIO2HtOyGjA==&enc=utf8,지식iN,
58373a68854fa2f1cc896fbb5967d0ba,naver,kin,기숙사 퇴소,KW2,공백기의 존재를 확인하기 위함,두꺼운 양면테이프로 붙인 거울,양면테이프 두꺼운 거(젤리 같은 거)로 붙인 거울 어떻게 떼나요 ㅠㅠㅠ 기숙사 퇴소해야 하는데... 스티커 제거제 뿌려서 떼세요 젤리같은거도 종류가 많습니다. 스티커 제거제 아니면 드라이기 열로 천천히 떼세요,https://kin.naver.com/qna/detail.naver?d1id=5&dirId=50501&docId=486344692&qb=6riw7IiZ7IKsIO2HtOyGjA==&enc=utf8,지식iN,
06f2c3c7e8fcae49b5b97be3522fe406,naver,kin,기숙사 퇴소,KW2,공백기의 존재를 확인하기 위함,자립준비청년(기초생활수급자),"... 아직 대학교를 다니고 있고 아동복지시설퇴소는 18년3월입니다. 수급비로는 한달에 약70만원정도 받고있습니다.... '한국장학재단'의 주거지원형 기숙사 및 학자금 지원 확인 현재 대학 재학 중이시라면, 한국장학재단의 기숙사...",https://kin.naver.com/qna/detail.naver?d1id=6&dirId=6100101&docId=468314113&qb=6riw7IiZ7IKsIO2HtOyGjA==&enc=utf8,지식iN,
fa50fffe71dfe24886d10b1fc735c19e,naver,cafe,방학 방양도,KW2,공백기의 존재를 확인하기 위함,봉명동에 방학동안 (7~8) 방양도 혹은 단기로 방 구합니다~,매물 상세정보 빠른 임차인 확보를 위해 카페에 등록하신 매물을 피터팬의 좋은방 구하기 APP과 웹사이트에 등록시켜 드립니다.* 카페에 매물을 올려주시면 APP과 웹사이트 등록에 동의한 것으로 판단하며 정확한...,http://cafe.naver.com/kig/10826824,ㆍ피터팬의 좋은방 구하기ㆍ,
57b1d18f47dc32b5e28367668b552221,naver,kin,방학 방양도,KW2,공백기의 존재를 확인하기 위함,방학때 자취방비어서 방양도를 구하고있,방학때 자취방비어서 방양도를 구하고있는데 이거해본적이없어서요 1000/35. 관리세별도로하고있는데 방양도 할때 그냥 사람구하고 보증금없이 2달 빌려줘도 아무이상없는건가요?? 집주인과상의해야하나요??,https://kin.naver.com/qna/detail.naver?d1id=8&dirId=8080101&docId=328597516&qb=67Cp7ZWZIOuwqeyWkeuPhA==&enc=utf8,지식iN,
b821eb497096585124be6284417ac23c,naver,kin,방학 방양도,KW2,공백기의 존재를 확인하기 위함,자취방 양도관련,학교앞에서 자취를하고있는데 불법으로 알고있습니다만 방학때 방쓸일도없고 돈도 아까우니 한달간 30만원에 방양도를 해줬습니다. 그런데 양도 받는사람이 알바월급이 8월10일날 들어온다고 그때 준다고해서 그러라고 했는데 상대방이...,https://kin.naver.com/qna/detail.naver?d1id=6&dirId=60202&docId=282408767&qb=67Cp7ZWZIOuwqeyWkeuPhA==&enc=utf8,지식iN,
f845fd2d78dc7f1114ec24d1b89a5c06,naver,kin,방학 방양도,KW2,공백기의 존재를 확인하기 위함,원룸 방 양도 하는거 .. 급해요 질문잇어요!! ㅜㅜㅜ...,... 근데 제가 방을 양도 하는걸 정하고 아줌마한테 방학동안 방을 양도하려는데 지문인식 저거 어떻하냐고 했더니 안된다는거에요 그래서 방양도하는거 안되는거냐고 햇더니 안되는거에요 안돼요 만 연발하는거에요... 1년동안은 제...,https://kin.naver.com/qna/detail.naver?d1id=4&dirId=402&docId=151622621&qb=67Cp7ZWZIOuwqeyWkeuPhA==&enc=utf8,지식iN,
cbb86a52856634447ba70d655ac83eca,naver,blog,자취방 단기임대,KW2,공백기의 존재를 확인하기 위함,대전 충남대 카이스트 여성전용 단기임대 쉐어하우스 1인실...,단기임대 문의주셔서 감사해요! 빨리 2호점 레스기릿! 지금 타지라 보러 갈 수 없는 상황인데 룸투어나 계약은 어떻게 하나요? 코코하우스는 전자계약으로 비대면 계약이 가능합니다!!ㅎㅎ 그래도 원룸 자취방...,https://blog.naver.com/my_sweet_coco/224318260385,대전 충남대 카이스트 쉐어하우스 코코하우스,2026-06-17
324eae33791dce7b5badcb4f9ff32ccf,naver,blog,자취방 단기임대,KW2,공백기의 존재를 확인하기 위함,"[원시역/오피스텔] 안산 반월공단 기숙사, 공단 근로자 원룸...",곳이라 자취방이나 사무실 용도로도 임대하시기 좋은 오피스텔입니다. 관리사무소가 건물 내 상주하고... 오늘 소개드리는 안산 원시역 오피스텔의 경우 전입신고가 불가능하며 단기 임대 또한 받지 않고...,https://blog.naver.com/injae0627/224316497718,[안산역]이정민부동산,2026-06-15
cfd5b54bb600a3ba8630818518366daa,naver,blog,자취방 단기임대,KW2,공백기의 존재를 확인하기 위함,계절학기 단기 방 구한다면 '루키하우스 노들역점'이 정답인...,"짧게는 몇 주, 길게는 두 달 정도 머물러야 하는데, 비싼 보증금을 내고 원룸 자취방을 구하기란... 학생분들의 단기 임대 문의가 빠르게 이어지고 있습니다. 좋은 뷰를 가진 외창방이나 인기 있는 타입은...",https://blog.naver.com/sesame_open/224315625314,Open Sesame,2026-06-14
d9460c0f60b42e3400ec0d5a358c5b18,naver,blog,자취방 단기임대,KW2,공백기의 존재를 확인하기 위함,캠퍼스타운역 원룸 구하기 비싸다면 여기서 구하세요! 버스로...,송도국제도시 캠퍼스타운역 인근에는 아파트와 오피스텔만 있어서 비싼 임대료가 부담스럽고 단기임대로 자취방을 구하기가 어려운데요~! 이 곳 청학동은 버스로 약 20분이면 도착이 가능하고 임대료도...,https://blog.naver.com/yongnami815/224314830535,맘에드는집,2026-06-13
ebaf2e69f16a9f08ec810089dd02be06,naver,blog,자취방 단기임대,KW2,공백기의 존재를 확인하기 위함,부산 김해장유진영 원룸 쓰레기집 청소 및 퇴실 쓰레기처리...,학생자취방/직장인 원룸/단기 임대 오피스텔/공질 정리 등의 문의가 많습니다. 대형가구 침대 책상 의자 냉장고 세탁기 등도 함께 처리 가능합니다. 작업 부산 김해 진영 장유 동김해 서김해 진례 한림 대동...,https://blog.naver.com/goodjobclean/224312538260,굿잡환경,2026-06-11
ad8a13476833af9256ce333af274e888,naver,blog,자취방 단기임대,KW2,공백기의 존재를 확인하기 위함,칠곡 석적 중리 미니투룸 월세 ✔ 보증금 50만 초특가 매물,요즘 자취방 구하시는 분들이 가장 많이 찾는 조건은 ✔ 저렴한 보증금 ✔ 부담 없는 월세... 초기 비용 부담이 적어 ✔ 사회초년생 ✔ 직장인 ✔ 단기 거주 예정자 분들에게 특히 인기가 높은 조건입니다....,https://blog.naver.com/hdw1338333/224312472390,구미원룸시크릿가든,2026-06-11
cbf6b4b1bc80714fcc743919fd99c6a4,naver,blog,자취방 단기임대,KW2,공백기의 존재를 확인하기 위함,"대전 궁동 원룸 vs 쉐어하우스, 실제 생활비 얼마나 차이날까?","자취, 월세 말고도 생각보다 많이 드는 비용 안녕하세요, 대전 충남대 카이스트 자취방을 구할 때 가장... 그래서 단기임대로 찾고 계시는 분들이라면 초기 준비 비용이 더욱 부담이 되실 수 있어요. 이외에도...",https://blog.naver.com/my_sweet_coco/224312287510,대전 충남대 카이스트 쉐어하우스 코코하우스,2026-06-11
dbff4fe01750472de62bf444ac21100c,naver,blog,자취방 단기임대,KW2,공백기의 존재를 확인하기 위함,경희대 외대 단기임대 추천 계절학기 2학기 앞두고 방 구할 때...,“경희대 단기임대” “회기 자취방” “계절학기 방 추천” “기숙사 떨어지면 어떡하지…” 특히 계절학기나 2학기 준비하는 학생들은 생각보다 방 때문에 스트레스를 많이 받더라고요 ✔ 한 달~몇 달만...,https://blog.naver.com/stayj2235/224312242138,경희대외대쉐어하우스stayj2235님의 블로그,2026-06-10
e9574c4e181e1f935f19f73728307b21,naver,blog,자취방 단기임대,KW2,공백기의 존재를 확인하기 위함,세명대학교 원룸 전세 제천단양투데 의림지로...,"5일 세명대 총학생회에 따르면 지난달 학교 인근 62개분 ✔️ 세명대학교·한방병원 인근 자취방... 22만 (단기임대 가능) 주차가능 : 가능 주변편의시설 : 의림지, 세명대학교 집주인이 전세 옆집에 살고...",https://www.bluelog.kr/61046,bluelog.kr,2026-06-10
9dd94978f1ad90542d4d9e1243011564,naver,blog,자취방 단기임대,KW2,공백기의 존재를 확인하기 위함,대전에서 보기 드문 초가성비 단기 원룸 소개드립니다,"오늘은 충남대학교 인근에서 자취방을 찾고 계신 분들이라면 정말 눈여겨보셔야 할 원룸을... "" 사실 대전에서 단기 임대 가능한 원룸은 생각보다 많지 않습니다. 그리고 단기가 가능하더라도... ❌ 보증금이...",https://blog.naver.com/dmadudxo1/224309457788,대전광역시 음소장,2026-06-08
cea4e3a12c4a6e9a8263ff7385109bd5,naver,blog,자취방 단기임대,KW2,공백기의 존재를 확인하기 위함,대전 쉐어하우스 충남대 도보 5분컷 6월 한정 오픈 할인 이벤트,"✨ 방학을 앞두고 계절학기, 랩실 인턴, 취업 준비 등으로 단기 자취방 알아보시는 분들 많으시죠?... 드릴게요 #대전단기임대 #대전쉐어하우스 #대전여성쉐어하우스 #대전유성쉐어하우스 #대전유성단기임대...",https://blog.naver.com/my_sweet_coco/224309348590,대전 충남대 카이스트 쉐어하우스 코코하우스,2026-06-08
fd966af758f64f6ad8c5ac170a358d53,naver,blog,자취방 단기임대,KW2,공백기의 존재를 확인하기 위함,"서울단기월세, 건대입구역 어린이대공원·구의역 주변 오피스텔...","""건대 자취방은 죄다 1년 계약이던데"" ""두세 달만 살 집은 어디서 알아보지?"" ""보증금 수백에 가구까지... ▼ 건대입구역 단기임대 알아보기 ▼ & & 소파와 무드등이 놓인 거실 통창 (집 번호 : 33581) 건대입구역...",https://blog.naver.com/live1month/224309313109,단기임대 한달살기 리브애니웨어 공식 블로그,2026-06-08
760a49c8d8c4b705ef91f79a4826cb37,naver,blog,자취방 단기임대,KW2,공백기의 존재를 확인하기 위함,"중앙대후문원룸300-30만원,중앙대원룸자취방...","6개월 단기도 입주 가능한 원룸으로 단기 찾는 분들도 좋습니다. 사이즈는 사진으로 보듯이 크지 않습니다. 잠만 자면 된다는 저렴한 방 찾는 학생들, 편하게 연락주세요~~ 임대가격 월세300만원/30만원 면적...",https://blog.naver.com/theshop4743/224306831584,상도더샵# 공인중개사사무소(SangDo TheSharp#),2026-06-05
ba73534c8af88211fe0169d53f0065a0,naver,blog,자취방 단기임대,KW2,공백기의 존재를 확인하기 위함,국민대원룸 서경대원룸 계약 후 전월세신고 꼭 해야 할까?...,"출장, 발령, 실습 등으로 일시적으로 거주하는 단기 임대차 계약 중 본 거주지가 따로 있고 일시 거주가 명확한 경우에는 신고 대상이 아닌 것으로 판단될 수 있습니다. 하지만 대학생 자취방처럼 학기 중 계속...",https://blog.naver.com/kljg28/224306657632,정릉부동산[굿모닝공인중개사]-국민대원룸 전문,2026-06-05
cc25b2d89f860fe2ebcab768dc4cd903,naver,blog,자취방 단기임대,KW2,공백기의 존재를 확인하기 위함,충남대원룸 26년 6월 기준 궁금사항,"안녕하세요 충남대학교 원룸 전문 한눈에 부동산입니다 요즘 충남대학교 학생분들 자취방을 많이... 죽동은 임대 금액이 높은 편이고, 장대동은 건물 년식이 있지만 넓고 저렴하며 궁동은 가장 일반적으로 많이...",https://blog.naver.com/cndskawnd123/224305850314,하소장,2026-06-04
0d10eb99d7f7fd67051cb05f85188628,naver,blog,자취방 단기임대,KW2,공백기의 존재를 확인하기 위함,만족도높은 GTNSTAY 연세대점 신촌 단기임대,요즘 신촌이나 연세대 근처에서 자취방을 알아보는 분들이 정말 많죠. 하지만 막상 찾아보면 위치는... 02-1670-8876 영업시간: 09:00 ~ 18:00 #연세대고시원 #신촌원룸텔 #세브란스고시원 #신촌단기임대 #연희동고시원,https://blog.naver.com/junghwa1058/224305341811,육아맘의_정보공유,2026-06-04
ad2fa3264fe98c328e1e6653eb801063,naver,blog,자취방 단기임대,KW2,공백기의 존재를 확인하기 위함,✨✨계명대 원룸✨✨2학기 6개월 단기방 구해드립니다.✅정문...,"모든 방이 가능한 것은 아니지만 임대인과 협의 가능한 방, 단기 거주 가능한 방들을 중심으로... 계명대 자취방 ✔ 계명대 복학생 원룸 ✔ 계명대 신입생 원룸 ✔ 계명대 학생 원룸 #계명대원룸...",https://blog.naver.com/ryu7228/224304804169,❤️계명대역 공인중개사❤️,2026-06-03
babb93ec62aea09df0a62b5a1fadf60c,naver,blog,자취방 단기임대,KW2,공백기의 존재를 확인하기 위함,대학생의 50만원대 단기 월세방 구하는 일지 (강남/관악 부동산),"근방 자취방은 그냥 학생들 많이 사는 오피스텔 들어가 살았었기에 어려움을 많이 겪었다. 이걸... 그래서 해당 부동산과 함께 공실을 찾아다녔으나, 강남 내의 싼 단기임대 집은 1. 구축의 정말 좁고 좁고 좁은...",https://blog.naver.com/glassy_yun/224304356109,유리같은,2026-06-03
fdb4e5875b379563835bb7bcdf516198,naver,blog,자취방 단기임대,KW2,공백기의 존재를 확인하기 위함,"게이밍PC 9600X RX9070XT 30일 임대, 자취방에서 써본 후기","게이밍PC 9600X RX9070XT 30일 임대, 자취방에서 써본 후기 이 30일 단기 게이밍 PC 렌탈 후기는 업체로부터 제품을 무상으로 제공받아 작성되었습니다. 3줄 요약: * 급하게 고사양 PC가 필요하지만 구매는...",https://blog.naver.com/hycnuqg/224303542012,hycnuqg님의 블로그,2026-06-02
802f488aa50cf9ee6f57c6f5b0bd9d6e,naver,blog,자취방 단기임대,KW2,공백기의 존재를 확인하기 위함,공과금무료/자취방/한달... 달방/단기/계약자유/소방교육...,"풀옵션·무보증 원룸 단기임대! 대전에서 교육, 출장, 취업 준비, 이사 공백 기간 등으로 단기간 거주할 곳을 찾고 계신가요? 보증금 부담 없이 바로 입주 가능한 풀옵션 원룸 보증금 없이 편하게 입주! 일반 월세...",https://blog.naver.com/jmche/224303284096,대전무보증원룸,2026-06-02
afc40fe2ceb4ebc136c74b2cdcd0852a,naver,blog,자취방 단기임대,KW2,공백기의 존재를 확인하기 위함,구미 송정동 보관 이사 비용 필수적인 준비,"구미 송정동 이사, 보관 이사 비용 제대로 알아보자 지난 봄, 자취방을 옮기면서 보관 이사를 처음... 이처럼 주택 임대차 계약 만료와 새집 입주 시점 사이의 공백이 생겼을 때, 또는 이사할 집 공사가 마무리되지...",https://blog.naver.com/okrjsda461794_ls/224300011552,"키보드의 오늘, 그리고 내일",2026-05-30
d4dda12f30feb399c64822445b1a5d46,naver,blog,자취방 단기임대,KW2,공백기의 존재를 확인하기 위함,구미 임은동 원룸 월세｜올리모델링 풀옵션·즉시입주 가능...,"인동생활권과 구미산단 접근성이 좋아 구미직장인원룸, 구미산단원룸, 임은동자취방 찾으시는... 기준) 임대 조건 : 보증금 2,500만 원 / 월세 35만 원 옵션 : TV, 냉장고, 세탁기, 가스레인지, 에어컨 실사진 100...",https://blog.naver.com/gumismile0009/224300126262,[구미부동산전문] LH/중기청/보증보험/매매,2026-05-29
0127dade896cd6b6124a08950b821aad,naver,blog,자취방 단기임대,KW2,공백기의 존재를 확인하기 위함,새로운 자취로 떠나며,"새 자취방 가구, 급하게 빌려야 했던 이유 곧 자취방으로 이사 가야 하는데, 가구 사는 게 영 부담스러웠어요. 친구들한테 고민을 털어놓으니 단기 임대 서비스가 있다는 걸 알려주더라고요. 침대랑 책상 정도만...",https://blog.naver.com/cpwoj8977/224297903722,자동차생각,2026-05-27
566aab2d5ebce3a4f0a0620a8c2e31c2,naver,blog,자취방 단기임대,KW2,공백기의 존재를 확인하기 위함,노량진고시원 단기임대하기 좋은 럭키하우스 남성전용,맞추더라도 단기 임대로 구할 곳도 없었어요 정말 고민을 많이 했는데 마침 지인이 노량진고시원에... 원룸이나 자취방에 비해서 금액적으로 메리트가 있어요 창문이 있고 없고에 따라서 금액은 약간 차이가...,https://blog.naver.com/ontw1013/224296977888,행복한 하루,2026-05-26
052f486d7def7eadf142ac49ae7e5a29,naver,blog,자취방 단기임대,KW2,공백기의 존재를 확인하기 위함,EP.11일차 [인스타 도전기] 마음이 어지러울 때는 책 앞으로...,"발견, 관점을 바꾸어 스토리를 찾아보자 나라는 사람 고졸에 고시원 살던 사람이 단기임대 사업을... 변화 자취방 하나 바뀌자 인생이 달라졌다 서울 여자들은 왜 향수에 집착할까 혼자 버티던 시절의 옷장...",https://blog.naver.com/natural_bona/224296696298,인생수정 이야기,2026-05-26
41efef689c477e84de00b579400e44ef,naver,blog,자취방 단기임대,KW2,공백기의 존재를 확인하기 위함,인천 1박 2일,"단기임대로 이용하는 거주자들도 많은지 기본적인 식기와 생수, 세탁기 등이 구비돼있었다. 굉장히... 것들을 지금은 새롭게 알게 되었다. 전남친을 떠나보내는 마음으로, 자취방에 눈인사를 하고 집으로 향했다.",https://blog.naver.com/astralberry/224296269444,Everywhere but nowhere,2026-05-25
173dcc1490ee57e0b181e90dff14587e,naver,blog,자취방 단기임대,KW2,공백기의 존재를 확인하기 위함,일산 고시원 레지던스여유 일산대화점 합리적 가격에 쾌적함 강조,"1개월-6개월 살 자취방을 구하고 계신가요? 직장 때문에 단기 임대 방을 찾는 분들이 많습니다. 다만, 단기임대는 아무리 발품 팔아도 방 찾기 쉽지 않으셨을 수 있습니다. 원룸 , 오피스텔 찾고 계신가요?...",https://blog.naver.com/blogerblog/224294469778,오늘의이야기,2026-05-24
a42f7734ccce9b347808ecd02c21ce74,naver,blog,자취방 단기임대,KW2,공백기의 존재를 확인하기 위함,럭키하우스 남성전용 노량진고시텔 단기임대 가능,"요즘 자취방이나 단기거주 공간 찾는 분들도 많이 계신 것 같습니다. 럭키하우스 남성전용은... 노량진 고시원 럭키하우스는 단기임대와 장기거주 모두 가능해 학생이나 직장인, 자취 시작하는 분들도 부담...",https://blog.naver.com/ksi8719/224294959964,사랑하자!!,2026-05-24
9cb60bb400fded9db5f40d9ac19e9329,naver,blog,자취방 단기임대,KW2,공백기의 존재를 확인하기 위함,2026 수성구원룸임대 완전 가이드 (건우부동산이 직접 확인한...,"→ 단기 거주(6개월 이하)는 고시원, 1년 이상 거주는 원룸이 경제적으로 유리합니다. Q. 수성구 원룸... 대구원룸임대 #대구원룸투어 #건우부동산 #건우부동산원룸 #수성구자취방 #수성구오피스텔...",https://blog.naver.com/room8777/224292093638,❤건우 부동산❤,2026-05-22
62539c2900396cd2b49a4ba61342d4dc,naver,blog,자취방 단기임대,KW2,공백기의 존재를 확인하기 위함,용산비상주사무실 후기 : 용산 숙대 공유오피스 소호오피스...,처음에는 제대로 된 사무실을 구하는 게 사치라고 생각해서 자취방 구석에 노트북 하나 켜놓고 하면... 임대차계약서를 온라인으로 바로 제공해 주셔서 당일 날 사업자등록을 원패스로 끝냈거든요. 게다가...,https://blog.naver.com/tmdwls1004zzang/224292393419,건강한B군,2026-05-21
cd3d0210be2aa2e8883b217c0ecb9361,naver,blog,자취방 단기임대,KW2,공백기의 존재를 확인하기 위함,강동구단기임대 찾다가 괜히 마음 놓였던 어느 밤 이야기,"강동구단기임대 검색하는 사람들 마음도 비슷하지 않을까 싶다. 단순히 잠만 자는 곳보다, 며칠이라도... 그 냄새 맡는데 갑자기 대학생 때 자취방 생각나서 괜히 웃겼다. 낯선 공간인데도 이상하게 사람 사는...",https://blog.naver.com/sirnekofpi2560/224292253733,추억풍경,2026-05-21
74c1e364cab8f13a184b0e0b60f25fb9,naver,blog,자취방 단기임대,KW2,공백기의 존재를 확인하기 위함,"""크리에이터들이 원룸 대신 '숙식 가능 연습실'을 찾는 진짜 이유","고정 지출의 파격적인 절감: 따로 자취방 월세를 내고, 작업실 대여료를 이중으로 지출하면 매달... 결론 단기 임대는 단순히 '잠만 자는 방'에 국한되지 않습니다. 내 라이프스타일, 직업적 특성, 그리고 예술적...",https://blog.naver.com/locaplace/224291744652,L___OCA 로카플레이스 단기임대,2026-05-20
db4341244e818cbc0feec14ada88a00d,naver,blog,자취방 단기임대,KW2,공백기의 존재를 확인하기 위함,무타공 암막커튼 돈 굳는 가성비 제품 고르는 법,"저도 첫 자취방에서는 커튼레일보다 벨크로 방식이 훨씬 간단해서 혼자서도 바로 마무리할 수... 원룸, 임대주택, 단기 거주 장기 거주, 고정형 인테리어 돈 굳는 제품은 무엇을 먼저 봐야 할까 가성비는...",https://blog.naver.com/l7xnqks/224290774061,l7xnqks님의 블로그,2026-05-20
9879c64b5a28c7850633f1ab12ecd2b3,naver,blog,자취방 단기임대,KW2,공백기의 존재를 확인하기 위함,몸만 오면 끝! 트렌디한 인테리어와 풀옵션으로 완성하는 첫...,"오늘은 신촌이나 홍대 근처에서 깔끔하고 안전한 자취방을 찾고 계신 여성분들을 위해, 제가 열심히... 서울시 서대문구 연세로4길 34 2,3,4 0507-1346-7111 매일 오전 10시 ~ 오후 9시 #신촌단기임대...",https://blog.naver.com/hyrung0927/224290421989,진실된 후기남녀,2026-05-19
e7ed45ba3d32f3a1b8a15a75ccacc22c,naver,blog,자취방 단기임대,KW2,공백기의 존재를 확인하기 위함,대전 궁동 원룸 공과금 다포함된 가성비매물 단기가능,"유연한 계약 조건, ""단기 임대 가능"" 보통 원룸 계약은 1년이나 2년 단위로 진행되는 경우가 많아... 이번 대전 궁동 원룸 자취방은 자취생에게 필요한 모든 가전과 가구가 완벽하게 세팅되어 있습니다. 가전류...",https://blog.naver.com/loveredv/224290220946,My방❤,2026-05-19
546ff6fcfb2efa8ff567cca5f2a5cf80,naver,cafe,자취방 단기임대,KW2,공백기의 존재를 확인하기 위함,d+113 단기임대 알아보기. 어렵다,신혼집 입주 전에 인테리어 해야 해서 신랑 자취방 계약 끝나면 잠깐 살 곳 알아보는중,http://cafe.naver.com/directwedding/9062215,다이렉트 결혼준비,
2453c06bdbc06cdcc70c0d0705d3ab49,naver,cafe,자취방 단기임대,KW2,공백기의 존재를 확인하기 위함,내가 성향자가 된 이야기 - 첫 인지,"내가 모텔에 가자고 졸라만대거나, '오늘 같이 있자'만 시전하면 그 작은 행동들이 나비효과가 되어 집착남이 될 것이고, 섹스를 하기 위해 알바를 해서 단기 선세 자취방을 임대했다면 그건 집념의 무사가 되는 것이다....",http://cafe.naver.com/withdeviance/9757,[시크릿팟]일탈만남유부성인싱글모임s...,
9e9a8fe6e1e7b45a24493c27544483fd,naver,cafe,자취방 단기임대,KW2,공백기의 존재를 확인하기 위함,부산컴퓨터렌탈 동래 쪽에서 진행한 개인PC 컴퓨터 렌탈,동래구단기사용PC렌탈 동래구월렌탈컴퓨터 동래구고성능PC렌탈 동래구컴퓨터임대 동래구노트북임대... 동래구자취방컴퓨터렌탈 동래구사무실컴퓨터렌탈 동래구렌탈PC추천 동래구고사양게임용PC렌탈...,http://cafe.naver.com/7mancom/19,칠만렌탈,
ee50a4c44dc8408be7c5eb96edddb6f6,naver,cafe,자취방 단기임대,KW2,공백기의 존재를 확인하기 위함,[신림동 고시원]서울대 근처 고시원 단기 임대 장기거주 할인 전입 가능,"서울대 가까운 ‘하이엠스테이’에서 시작해보세요 서울에서 자취방을 구해본 사람이라면 한 번쯤 느껴봤을... 그래서 대학생뿐 아니라 직장인, 취준생, 단기 거주자들도 많이 찾고 있어요. ️요즘은 ‘가격’보다 ‘생활...",http://cafe.naver.com/gof4m/3898,구석구석 동네왕(강남 청담 압구정)공...,
7bac0f537d9c6f23e5797de95dd989d8,naver,cafe,자취방 단기임대,KW2,공백기의 존재를 확인하기 위함,행복주택 예비로 기다리고 있는데 부모님집으로 들어갈 경우...,현재 거주하는 자취방 계약이 이번 달 말에 만료라 단기 월세방을 생각하고있었는데 부모님께서 부모님 집에서 지내는 게 어떻냐고 제안을 주셨습니다. 이 집이 부모님 명의의 집일 경우 전입신고하여 산다면 행복주택...,http://cafe.naver.com/ayshh/174511,아영이네 행복주택 공식카페-공공장기...,
413a16815d726bf8edf3a23d934ee6c3,naver,cafe,자취방 단기임대,KW2,공백기의 존재를 확인하기 위함,틀주 0~99탄 내용요약,저 병철인데요: 자취방 문 밖에서 후배의 목소리를 똑같이 흉내 내며 문을 열어달라는 정체불명의 존재... 오래된 아파트 (시청자) 1년간 단기 임대한 구축 아파트에서 겪은 일련의 사건들입니다. 아내 눈에만 보이는 큐브...,http://cafe.naver.com/sumalco/20260,슈말코 카페,
452a858073ae63f64e95fe7294a81ec4,naver,cafe,자취방 단기임대,KW2,공백기의 존재를 확인하기 위함,[한국부동산원] 2026년 4월 29일 오늘의 기관 주요 뉴스브리핑,"sid=101 ──────────────────────── • ""자취방 곰팡이, “환기 안... 만일 그럼에도 협의가 이뤄지지 않았다면 대한법률구조공단, 부동산원 임대차분쟁조정위원회...",http://cafe.naver.com/pinkbrgd1/3491,공공라운지 ★ 혁신도시 공공기관·공...,
dc25c8363803ee344ccc52072db25441,naver,cafe,자취방 단기임대,KW2,공백기의 존재를 확인하기 위함,관리비 1만원인 임대인님 세입자되니 고맙습니다만,지금은 한세대에 만원 넘게 드는 비용이지만 업글하면 더 들더라도 해주고 싶은 마음이 지방 자취방에... 공실은 줄이고 가능성은 늘리세요ㅣ단기임대는 삼삼엠투 https://link.33m2.co.kr/7y4twe...,http://cafe.naver.com/knbro/261058,임대 사업자 모임,
84aeae508c987c18c41b0b4345ff771b,naver,cafe,자취방 단기임대,KW2,공백기의 존재를 확인하기 위함,내일은 새 방을 보러가는 날~,월세나 단기임대 들어갈거라 크게 사기 걱정같은건 없어서 좋당 쾌적한 풀옵션 원룸 투룸 어떤방이던 내게 오라!!!☺️ 그래서 내일은 좀 많이 걸어다닐 예정 방 후보들은 봐뒀지만 그래도 내 눈으로 보고 결정하는게 늘...,http://cafe.naver.com/olulet/74,오르렛의 캣닢창고,
4b3c5a35359c9f4adf0ca3d472aa16fb,naver,cafe,자취방 단기임대,KW2,공백기의 존재를 확인하기 위함,이브 스탠드 공간분리 이동식 칸막이 가벽 파티션 - 1200mm 2colors,"▷ 별도의 공사나 설치 도구 없이 제품을 받은 즉시 배치하여 사용할 수 있어, 임대 주택이나 자취방, 단기 거주 공간에 실용적입니다. ▷ 얇은 두께지만 안정적인 스탠드형 구조로 잘 넘어지지 않으며, 틈새 없이 공간을...",http://cafe.naver.com/bestfind/38543,생활의 아이템,
eb1921e600ac8511eb58d4e66387c3d1,naver,cafe,자취방 단기임대,KW2,공백기의 존재를 확인하기 위함,평택고덕 단기월세 1.5룸 p5인근,특징 단기임대 6개월가능 삼성 자전저10분안쪽 셔틀노선 인접 넓은 방사이즈 구조 거실+방1+화장실+발코니... 진짜 '나 혼자 쓰는 자취방'을 원한다면 선택지가 극히 좁아지는 이유입니다. 오늘 소개할 매물은 바로 그...,http://cafe.naver.com/brown6iger/13,고덕우리부동산❤️,
873ad4364f33238fc2aed531d80932b8,naver,cafe,자취방 단기임대,KW2,공백기의 존재를 확인하기 위함,수진역 가천대 고시원 고시텔 원룸텔 단기임대 프리미엄 드레코하우스,"웬만한 가천대 자취방보다 강의실까지 가는 시간이 짧을 수도 있어요! 이렇게 편리한 교통 덕분에 수진역... 가천대 자취방을 구하지 못해 발을 동동 구르고 계신다면, 주저하지 말고 드레코하우스로 연락 주세요. 지금...",http://cafe.naver.com/kig/19463207,ㆍ피터팬의 좋은방 구하기ㆍ,
feea1d6004de9ea2384d574d2b2e2cec,naver,cafe,자취방 단기임대,KW2,공백기의 존재를 확인하기 위함,수원 단기임대 구하시는분,"혹시 수원역 쪽에 8개월 단기 자취방 알아보시는 분 계시다면 연락주세요 ..! LH 인턴 때문에... 무단 복제, 가공 및 도용은 저작권 침해로 법적 책임을 물을 수 있습니다.단기임대 구하시는분",http://cafe.naver.com/dakchi/3097362,"공취모★공기업NCS,공공기관취업,코레...",
172796d99e8c8d7c88584ba62937605f,naver,cafe,자취방 단기임대,KW2,공백기의 존재를 확인하기 위함,서울대입구 가성비 고시텔 추천 부탁드려요!,자취방을 구하기엔 기간이 너무 짧아서 신림동 단기임대 고시원 위주로 알아보고 있는데 아무래도 여자 혼자 지낼 곳이라 시설이나 보안이 제일 걱정되네요. ㅠㅠ.... 혹시 서울대입구 가성비 고시텔 중에서 관리가 빡세게...,http://cafe.naver.com/bbbup/8800,"고창클(고시원,파티룸,공유오피스,단기...",
ea20ff53932f3a4b884917e4e53abd9b,naver,cafe,자취방 단기임대,KW2,공백기의 존재를 확인하기 위함,가천대 기숙사 떨어져서.방얻을려니.방이없네요ㅠㅠ,단기임대.방도 알아보니 단기는 안한다고하고.자취방도없고. 고시텔도.거의.방없다고하네요. 가천대.다니는 학생들은 지방에서온 학생들.어디 방구하시는지 궁금합니다. 가천대.기숙사.남학생은 특히.인원도 더적고...,http://cafe.naver.com/suhui/29468403,"수만휘-수능,공부,입시,재수,편입,기출...",
5d4bda0b350cd56b5aea0e2263abe8f4,naver,cafe,자취방 단기임대,KW2,공백기의 존재를 확인하기 위함,자취방 구하기,"단기 거주를 위한 대안 및 플랫폼 활용 • 리브애니웨어는 보증금 30~50만 원, 2~3개월 단기임대, 카드 결제·5% 캐시백(58박 이상)을 제공합니다. • 단기 월세 플랫폼은 사진·후기·결제·분쟁 해결을 제공해 개인 간...",http://cafe.naver.com/suhui/29450598,"수만휘-수능,공부,입시,재수,편입,기출...",
7add0e2d1bbbafe6e27f24ac93265c99,naver,cafe,자취방 단기임대,KW2,공백기의 존재를 확인하기 위함,대학신입생 청년전세임대?,제가 3월에는 무조건 이사를 해야해서 단기 잠시 들어갔다가 2026년에 청년전세임대 공고나오면 신청하고 이사를 갈까 아니면 1년 계약을 하고 1년뒤 이사를 할까 생각중인데 어느 방향이 더 나을까요? 현재 자취방에...,http://cafe.naver.com/ayshh/167238,아영이네 행복주택 공식카페-공공장기...,
47f7b012824496755fdfa2b59c4bf9ec,naver,cafe,자취방 단기임대,KW2,공백기의 존재를 확인하기 위함,인턴 추가합격 가도 되는걸까요?,"그리고 한달 뒤인 오늘 추가합격 대상자라고 연락이 왔는대요 일단 지역이 멀어서(서울-대전) 이사를 해야한다는점(단기임대 집을 구할 수 있을지 모르겠네요), 6개월이상의 근무를 못한다는 점에서...",http://cafe.naver.com/uccplus/2347208,"공취사│공기업,공공기관,공무원,민경...",
623b88804f038278edfcd08bcd0a40f9,naver,cafe,자취방 단기임대,KW2,공백기의 존재를 확인하기 위함,기숙사 대기자...(경희대),대기자명단 5번에 있는데 추가합격 가능성이 있을까요? 경희대입니다..ㅠ,http://cafe.naver.com/gdedu/55012,재외국민 특례,
bbae6510b67545d8399a764f42a4a08e,naver,cafe,자취방 단기임대,KW2,공백기의 존재를 확인하기 위함,배보다 배꼽이 더커진상황......,제목 그대로....배보다 배꼽이 더커진 우리집... 이게 지금 웃어야할찌 울어야할찌 ;;; 저희 아이요 원하는대학 원하는 과 는한번에 합격 했는데요 기숙사 는 당연히 될줄알고 결과발표날 바로 기숙사비 납부하려고...,http://cafe.naver.com/no1cheonan/4234062,천안아산줌마렐라 [천안.아산 대표지역...,
bbab3db5776310dd3b245c6a2e4e1ebc,naver,cafe,자취방 단기임대,KW2,공백기의 존재를 확인하기 위함,낙성대알뜰폰 1인가구 유행 선불폰,"낙성대 1인 가구에게 선불폰이 필요한 이유 낙성대에는 대학생, 취준생, 단기 임대 거주자 등 경제적 부담을... 자취방 주소도 개통에 사용 가능한가요? → 네, 본인 인증만 되면 주소지 제한 없이 개통 가능해요. Q2....",http://cafe.naver.com/whaqlxkagjaeks/1146,선불폰 개통대리점 l 선불폰개통,
36b7a2113b39f4fd26ad0e5c2d2a3c05,naver,cafe,자취방 단기임대,KW2,공백기의 존재를 확인하기 위함,[D-193] 단기임대 알아보기⭐걱정ㅠㅠ,새로운 문제가 생겼다 지금 살고 있는 자취방 계약이 얼마 안남았다는거.... 어제 드디어 집주인분께 6개월만... 아무리 길어봐야 반년만 살 곳이니까 얼른 단기임대를 알아봐야겠다 역시 집 문제가 제일 어려워!,http://cafe.naver.com/directwedding/8402931,다이렉트 결혼준비,
30d2a291a28890bd2c3f11f28bb37f74,naver,cafe,자취방 단기임대,KW2,공백기의 존재를 확인하기 위함,한양대 원룸이사 업종의 네이버 스마트플레이스 성공 전략: '단기 이사 수요'에 집중하는 마케팅 전환,"단기 수요' 타겟팅을 강화하라 수요 타이밍에 맞춘 콘텐츠 구성: '2월에 이사 준비하세요!', '8월엔 자취방... 후 단기 임대 이동, 재계약 종료 이사 수요 증가 12월~1월: 수요 소강기, 이 시점엔 마케팅보다 리뷰, 후기 콘텐츠...",http://cafe.naver.com/homenetwork/19069,노출하는사람들 노출사 네이버 플레이...,
395709f67e30f88aa661a3dd06f73648,naver,cafe,자취방 단기임대,KW2,공백기의 존재를 확인하기 위함,고민입니다..lh아파트 당첨 펑 +추가글,저는 늘 2년마다 월세자취방과 본가에 들어가서 살았습니다 lh전세 임대가되는 친구들을 보면 왜 나는 lh가... lh임대 아파트로 들어가고싶은 마음이 커서 욕심좀 내볼려고 합니다 일은 1-2월에 아는곳에 단기로 시작하고...,http://cafe.naver.com/kookminlease/1315899,국민 공공 민간 임대아파트 들어가기,
fc944a67cb9ea4c94e71a6156a76b01e,naver,cafe,자취방 단기임대,KW2,공백기의 존재를 확인하기 위함,자취방 전대차 할때 뭘해야 하나요?,"올해 초 자취방 얻어주구 여름방학 두달동안 집에 와있어서 두달 월세 그냥 냈었는데, 딸아이가 주변에 두달 단기임대 많이들 한다구 해서 오늘 들어올 사람 구했다는데, 필요한 서류나 보증금 같은건 어떻게 하시나요?...",http://cafe.naver.com/rainup/3448625,아름다운 내집갖기,
c4a31a40926df3ef2bc81b041c4af438,naver,cafe,자취방 단기임대,KW2,공백기의 존재를 확인하기 위함,인턴하면 자취해야 하는데 하는게 좋을까요?,인턴 본사 사무 근무 출근할려면 자취를 해야 하는데 아무래도 자취방 계약은 1년부터니 이 부분 때문에 고민이네요 (인턴 기간은 6개월이니...) 사기업 취준 병행인데 사기업도 취업이 힘드네요 일단 계약직 1년 경험이...,http://cafe.naver.com/studentstudyhard/2693612,"공준모★공기업,채용,공공기관,코레일...",
19a84f3e702d409fcadd064e410f49d5,naver,cafe,자취방 단기임대,KW2,공백기의 존재를 확인하기 위함,자취방 정리 + 식문화에 대한 간단한 고찰,"'단기 임대' 물건이다 보니까 '취사'가 불가능한 집이더군요. 가격은 저렴하진 않았는데, 전기료,수도세,인터넷 비용까지 포함한 걸 생각해 보면 .. 쏘쏘였어요. 다음 번에 서울에 오면 부동산 계약을 하는 연습을 해...",http://cafe.naver.com/gay3535/667750,너랑나랑 ( 게이 레즈비언 동성애 성소...,
74e5d848c7241be59d20e529f87a5313,naver,cafe,자취방 단기임대,KW2,공백기의 존재를 확인하기 위함,서울한달단기임대는 어디에서 할까? K-직장인이 직접 살아본 Cove 성산 후기,"저도 사회 초년생 시절, 처음 자취방을 구할 때 ‘그냥 원룸 하나면 되겠지’ 싶었어요. 그런데 막상... 게다가 대부분은 1년 계약이라 단기로 살고 싶을 땐 선택지가 거의 없어요. 그러다 문득 이런 생각이 들었어요....",http://cafe.naver.com/suddengongyou/155771,"일년에한도시한달살기(디지털노마드,해...",
9ec1c44795dcebe84ddd85d43693b561,naver,cafe,자취방 단기임대,KW2,공백기의 존재를 확인하기 위함,가산디지털단지역 원룸 월세 vs 고시원 단기임대 추천,"안녕하세요 가산디지털단지역 근처에서 자취방이나 단기임대를 고민 중이신가요? 직장 근처라 교통은 좋은데, 막상 원룸 월세 가격을 보면 부담스러워 고민되셨던 분들 많으실 거예요. 오늘은 가산디지털단지역 기준...",http://cafe.naver.com/woowhat/19386,사당스토리 | 방배 이수 동작 서초 강...,
23421f590f85c2b5a3d2b97f6bd5e47a,naver,cafe,자취방 단기임대,KW2,공백기의 존재를 확인하기 위함,알뜰 인터넷 KT 케이티 스카이라이프 설치 요금제 장단점 핵심요약,"겉보기에 “KT” 이름이 들어가 있어서 KT 본사 상품과 헷갈리기 쉬운데, 실제로는 KT 망을 임대해 더... 가구, 자취방, 신혼부부 등 가성비 중심 고객 핵심정리 구분 KT 본사 KT 스카이라이프 품질 동일 KT망 동일...",http://cafe.naver.com/spykr/3404,통신의민족 - 인터넷가입 / 렌탈 사은...,
c2d49503728bab2f21e568fb95ae16c2,naver,cafe,자취방 단기임대,KW2,공백기의 존재를 확인하기 위함,이사하고 적응하는데 얼마나 걸리세여?,"저는 내년에 3월쯤 신혼집에 입주할 예정인데, 그 전에 회사 근처 단기 임대집으로 먼저 이사를 했어요. 4년 넘게 살던 자취방을 정리하고 새로운 집으로 오니까 뭔가 너무 낯설고 어색해요. 짐은 거의 다 정리했는데도...",http://cafe.naver.com/b00k2012/1406297,다이렉트웨딩카페-제이웨딩 결혼준비싸...,
e973737e38745570658775bdaa299d06,naver,cafe,자취방 단기임대,KW2,공백기의 존재를 확인하기 위함,단기원룸 찾는 사람들 요즘 왜 이렇게 많을까?,저도 예전에 자취방 급하게 구하다가 단기임대 찾았던 기억이 있어서 공감 100%. 오늘은 단기원룸 구할 때 주의할 점이랑 요즘 시세 분위기 한번 정리해드릴게요. ───────────────── ★ 단기원룸은 월세가...,http://cafe.naver.com/cafemakecafebest/17883,세상모든꿀팁 ㅣ영업·창업·부업·투...,
72f0d4edfac32b96c05e872427b0fe8f,naver,cafe,자취방 단기임대,KW2,공백기의 존재를 확인하기 위함,횡성 초고속 인터넷 티비 신규 가입 설치 신청 비교 신청 연결 요금 현금많이주는곳 ADT 캡스 보안 출동경비,오피스텔 자취방 건물 알뜰 SKT 스카이라이프 현대HCN 티브로드밴드 딜라이브 SKY LIFE TV IPTV 포함 미소인터넷 아정당 단기 대칭형 인터넷가입 사은품 현금지원 지원금 혜택 SK KT LG SK텔레콤 SK브로드밴드 사무실 식당 가게...,http://cafe.naver.com/labella2305053/1746,전국포스15773832,
c201de475e00ca8ea78923767ce7008f,naver,cafe,자취방 단기임대,KW2,공백기의 존재를 확인하기 위함,원주 초고속 인터넷 티비 신규 가입 설치 신청 비교 신청 연결 요금 현금많이주는곳 ADT 캡스 보안 출동경비,"오피스텔 자취방 건물 알뜰 아파트 카페 인터넷성지 미소인터넷 아정당 단기 대칭형 원주에서 초고속... 요금 측면에서는 단순히 월 기본료만 보지 말고, TV 채널 구성이나 셋톱박스 임대 비용, 그리고 추가...",http://cafe.naver.com/labella2305053/1740,전국포스15773832,
7f3d916fa32d9c51d3dbe1ae62b3688b,naver,cafe,자취방 단기임대,KW2,공백기의 존재를 확인하기 위함,오산 세교 10단지 46형 예비번호 55번인데 자취방 구해도 되는지.....,안녕하세요 이번에 공고 6월 28일 결과 나올 때 앞에 예비번호 79번 받았습니다. 어제 2025년 8월 13일 기준해서 55번으로 됬습니다. 회사 기숙사가 2인 1실이라 스트레스 받아서 LH 입주 기간 동안 나가 살려고 하는데...,http://cafe.naver.com/kookminlease/1297180,국민 공공 민간 임대아파트 들어가기,
e4acaf658f27c4cf883fbc825e9805c9,naver,cafe,자취방 단기임대,KW2,공백기의 존재를 확인하기 위함,안중원룸 단기·장기 자취러 모두 만족하는 조건은?,옵션은 충분한가?] 안중 쪽은 단기 임대 가능한 원룸도 제법 많아요. 특히 3개월~6개월짜리 찾는 분들은... 지금 자취방 알아보는 분들 있다면 안중도 꼭 리스트에 넣어보시길 추천드려요! 정말 괜찮은 방은 빨리 빠지니까...,http://cafe.naver.com/uouv96/1160,오늘도 달린다 ㅣ영업·창업·부업 ㅣ...,
90c15d9d8e0f962a11ff969fc95c4cef,naver,cafe,자취방 단기임대,KW2,공백기의 존재를 확인하기 위함,자취방 구인 플랫폼 사칭 보증금 사기,자취방 구인 플랫폼 사칭 보증금 사기 ━━━━━━━━━━━━━━━━━━━━━━━━━━━━━━ 단기 임대 플랫폼을 사칭해 월세 또는 보증금을 선결제하도록 유도한 뒤 방이 존재하지 않거나 취소되는...,http://cafe.naver.com/dreamofficia/27282,사피모 (사기 피해를 대응하는 모임),
5eff191d13a8b5cbe1903fed982e20a0,naver,cafe,자취방 단기임대,KW2,공백기의 존재를 확인하기 위함,에피소드 신촌캠퍼스 같은곳은 주로 대학생들이 거주하나요??,단기임대 가능한 자취방 알아보고 있는데 오피스텔 보다는 코리빙하우스가 더 제 생활패턴에 맞아보여서요. 신촌역 바로 근처라 위치는 넘넘 괜찮은데.. 혹시 여기 사는 주 객층(?) 이 어떻게 될까요.. 한학기 단위로 임대도...,http://cafe.naver.com/jobtong/1432321,"취업의달인-인턴,공기업,채용,면접,이...",
6452a10bcae930abb6f7852d0c7da72e,naver,cafe,자취방 단기임대,KW2,공백기의 존재를 확인하기 위함,"무보증원룸, 보증금 부담 없는 자취 꿀팁~","처음엔 자취방 보증금이 너무 부담돼서 한참 고민하더라구요 ㅠㅠ 그때 친구 추천으로 무보증 단기 임대 원룸을 찾았는데, 옵션도 괜찮고 출퇴근 거리도 짧아서 완전 만족했대요! 이후 정규직 전환되고 나서 일반 원룸으로...",http://cafe.naver.com/uouv96/304,오늘도 달린다 ㅣ영업·창업·부업 ㅣ...,
dd8866bf94167b5a3e514fc2e0a2eab9,naver,cafe,자취방 단기임대,KW2,공백기의 존재를 확인하기 위함,대학생 아이 자취방 함께 구하셨어요?,"안전 생각하면 여성전용 고시텔인데(단기임대도 가능하구요) 느~~무 좁은게 맘에 걸리고. 가서 몇 집이나 보시고 계약하셨는지, 혹은 아이혼자 구했는지? 팁좀 부탁드려요.",http://cafe.naver.com/dlxogns01/291530,은퇴 후 50년 [시니어·실버·투자·귀...,
7dca27bfdfe9cbe483d7d73328443fff,naver,cafe,자취방 단기임대,KW2,공백기의 존재를 확인하기 위함,서울 사시는 분이나 자취 하시는 분들께 질문!,제가 세상물정 아직 잘 모르는 사회초년생이라ㅠㅠ 또 어머니께서는 한 달 단기임대라 평범함 오피스텔 같은 곳 가기도 쉽지 않다고 말씀하시더군요.. 혹시 단기임대 집 잘알아볼 수 있는 법이나 자취(꼭 서울이...,http://cafe.naver.com/mancityworld/612903,Manchester City World : 맨체스터 시...,
2f6ace809cee009ac6c86ece856e4ba0,naver,cafe,자취방 단기임대,KW2,공백기의 존재를 확인하기 위함,1기 2주차 류한나 후기,임장 전화하고 찾아가는 것도 자취방 구하는 것 말고는 해보지 않아서 고민됐는데 말씀해주신대로만 해서 또 잘 따라가보겠습니다!!! 2. 차주 목표 설정 1) 단기임대 전화 임장 50곳 돌려보기 2) 실제 부동산...,http://cafe.naver.com/charmingseul0325/238,차밍슬의 놀면서 돈버는 공간대여 창업,
15bd49f356fcb3df822cedae5ca73041,naver,news,자취방 단기임대,KW2,공백기의 존재를 확인하기 위함,"[이슈] ""빈방 월세 100만 원 부담""…방학마다 반복되는 '몰래 양도' 불법...","오픈채팅방에는 자취방을 양도한다는 글이 쏟아지고 있다. 게시글의 주된 내용은 ""7~8월 두 달 사용하실 분 구합니다"", ""보증금 없이 월세만 받겠다"" 등이다. 일부 학생들은 원룸 사진과 상세 조건을 올리며 사실상 단기 임대...",https://www.idaegu.com/news/articleView.html?idxno=663688,www.idaegu.com,2026-06-17
c5e3e348bf00862302baf62f15a98c0d,naver,news,자취방 단기임대,KW2,공백기의 존재를 확인하기 위함,대학가 방학 중 자취방 '단기양도'…법적 보호 사각지대,여름방학을 앞두고 지역 대학가의 원룸촌에서 집주인의 동의없이 자취방을 무단 임대하는 '단기양도(전대차)'가 성행하고 있다. 무단 전대는 구두상으로 이뤄지는 탓에 보증금 미회수 등의 법적 분쟁으로 이어질 수 있어...,https://www.daejonilbo.com/news/articleView.html?idxno=2280643,www.daejonilbo.com,2026-06-09
75513ddb64366595a4f3afad02fe88d8,naver,news,자취방 단기임대,KW2,공백기의 존재를 확인하기 위함,"전북도, 대학가 '불법 전대' 집중 단속…허위매물·떴다방도 점검","기간 자취방을 비우는 대학생들이 집주인 동의 없이 제3자에게 방을 빌려주는 이른바 '불법 전대'가 늘어날 가능성에 대응하기 위한 조치다. 최근 대학생 커뮤니티와 사회관계망서비스(SNS) 등에는 '방학 단기 임대', '방...",https://www.pressian.com/pages/articles/2026060815330650525?utm_source=naver&utm_medium=search,www.pressian.com,2026-06-08
464d7a84c4ccd4dadb97021d64b43156,naver,news,자취방 단기임대,KW2,공백기의 존재를 확인하기 위함,"전북자치도, 대학가 '불법 전대' 집중 단속…부동산 위법 중개행위 점검","이번 단속은 이번 단속은 종강 이후 대학생들이 방학 기간 자취방 월세 부담을 줄이기 위해 집주인 동의 없이... 최근 온라인 커뮤니티와 사회관계망서비스(SNS) 등을 중심으로 '방학 단기 임대', '방 양도' 등의 게시물이...",http://www.jeollailbo.com/news/articleView.html?idxno=802077,www.jeollailbo.com,2026-06-08
72a86749528e6cf938852110aee3d20f,naver,news,자취방 단기임대,KW2,공백기의 존재를 확인하기 위함,"전북도, 대학가 불법전대·허위매물 특별단속","이번 단속은 대학가 주변에서 반복적으로 발생하는 이른바 '방 양도', '단기 월세 승계' 형태의 불법 전대차... 통해 자취방을 제3자에게 넘기는 사례가 늘고 있지만, 상당수는 임대인 동의 여부가 명확하지 않아 법적 분쟁...",https://www.newsfreezone.co.kr/news/articleView.html?idxno=693448,www.newsfreezone.co.kr,2026-06-08
3f978f2d5b54ce77981b9ddc52fbd315,naver,news,자취방 단기임대,KW2,공백기의 존재를 확인하기 위함,"외국인 주민 258만, 총인구 5% 시대…외국인 1인가구도 늘어난다",보증금·보증인 요건을 충족하기 어려워 월세 단가가 높은 단기 임대·고시원·외국인 전용 셰어하우스에 머무는 비중이 높다. 일부에서는 같은 평수의 자취방을 같은 지역에서 빌릴 때 한국 청년보다 더 높은 단가를...,http://www.dailypop.kr/news/articleView.html?idxno=98715,www.dailypop.kr,2026-05-14
7799e5baa43c680413b6ad05d194c452,naver,news,자취방 단기임대,KW2,공백기의 존재를 확인하기 위함,"오세훈 ""정원오, 서울 부동산 지옥 만들 것…공소취소 시도에 입장 밝혀...","오 후보는 이날 오전 서울 관악구 신림동에서 상경청년 자취방 방문 등 월세 실태를 점검하고... 그게 시장의 법칙이다""라며 ""그런 점을 알면서도 그런 정책을 동원하는 것은 선거 때까지 초단기 대책으로 일관하겠다는...",https://www.newsis.com/view/NISX20260502_0003614971,www.newsis.com,2026-05-02
6e71eef2736d1a990f84773add89cd1d,naver,news,자취방 단기임대,KW2,공백기의 존재를 확인하기 위함,"오세훈 ""정원오, 서울 부동산 지옥 만들 것…공소취소 시도에 입장 밝혀...","오 후보는 이날 오전 서울 관악구 신림동에서 상경청년 자취방 방문 등 월세 대한 현장을 점검하고... 그게 시장의 법칙이다""라며 ""그런 점을 알면서도 그런 정책을 동원하는 것은 선거 때까지 초단기 대책으로...",https://www.newsis.com/view/NISX20260502_0003614798,www.newsis.com,2026-05-02
ff56aca9802050089a440664c96f75e0,naver,news,자취방 단기임대,KW2,공백기의 존재를 확인하기 위함,"""잠깐 살 건데 1년 계약?""...새 학기 대학생 울리는 '자취방 함정' 세 가...",이런 문제 때문에 최근 인기를 얻는 것이 단기임대 플랫폼이다. 핸디즈의 ‘플라트 라이프’나 삼삼엠투 같은 단기임대 전문 플랫폼은 이런 유연성 문제를 구조적으로 해결한다. 월 단위 계약을 기본으로 운영해 딱 필요한...,https://zdnet.co.kr/view/?no=20260226140918,zdnet.co.kr,2026-02-26
54358a31f581076c26d2cd2965564872,naver,news,자취방 단기임대,KW2,공백기의 존재를 확인하기 위함,[르포] “웬만한 지방 아파트 전셋값”… 서울 대학가 주거비용 ‘고공...,전문가들은 이러한 월세 지원은 단기적 처방인 만큼 청년을 대상으로 한 공공주택 공급을 확대하는 등의 구조적 변화도 동시에 진행돼야 한다고 지적했다. 역세권 청년 임대주택을 늘리겠다는 정부의 공급 방안이...,https://biz.chosun.com/real_estate/real_estate_general/2026/02/19/FC5QT7DFNJHNJALHE3X2GDLDJY/?utm_source=naver&utm_medium=original&utm_campaign=biz,biz.chosun.com,2026-02-19
8b86df3ccb79ece8051ca7ebb937873f,naver,news,자취방 단기임대,KW2,공백기의 존재를 확인하기 위함,"[2026 지방선거][인터뷰] 공재광 평택시장 출마예정자 ""평택 대전환을 위...","무엇보다 일반 서울의 자취방 월세보다 저렴해 학생과 학부모들의 경제적 부담을 덜어주고 있다. 자신에게... ""교통이라는 것은 단기간 해결이 상당히 어렵다""면서도 ""평택 동서를 잇는 국도 38호선은 출퇴근 시간에 체증이...",https://www.polinews.co.kr/news/articleView.html?idxno=722292,www.polinews.co.kr,2026-02-09
7685d410361cbb62975df622fa81a42d,naver,news,자취방 단기임대,KW2,공백기의 존재를 확인하기 위함,“외국인 학생 몰려 방 없어요” 대학가 덮친 ‘원룸플레이션’,"자취방 부족하고 월세 계속 올라… 고시원으로 밀려나는 학생들 연세대와 이화여대 등이 있는 서울 신촌... 달린 ‘단기 임대’로 돌리고 있다”고 했다. 고시원 전문 중개 플랫폼 ‘고방’에 따르면, 이 앱을 통해...",https://www.chosun.com/national/national_general/2026/01/16/N56TWGGRLVGEFHEQTF3PSBPKOQ/?utm_source=naver&utm_medium=referral&utm_campaign=naver-news,www.chosun.com,2026-01-16
0e5a3a90a4a07048e014babd6496a5fa,naver,news,자취방 단기임대,KW2,공백기의 존재를 확인하기 위함,"'구해줘! 홈즈', 대형 병원세권만의 특수 매물 공개…의사-환자 위한 맞...",두 번째 임장지는 강남구 일원동의 '단기 임대 환자방'이었다. 임시 거처가 필요한 환자와 보호자를 위한... 세 사람은 붉은 벽돌이 매력적인 신축 건물에 살고 있는 8년차 중환자실 간호사의 원룸 자취방을 임장하며 주변...,https://www.mhnse.com/news/articleView.html?idxno=469526,www.mhnse.com,2025-10-10
0abd210add5f400f6265d8622e979ff1,naver,news,자취방 단기임대,KW2,공백기의 존재를 확인하기 위함,"‘중증외상센터’ 원작자 이낙준 ‘홈즈’ 떴다, 건축상 대상 주택에 감...",두 번째 임장지는 강남구 일원동의 단기 임대 환자방이었다. 임시 거처가 필요한 환자와 보호자를 위한 단기... 세 사람은 붉은 벽돌이 매력적인 신축 건물에 살고 있는 8년차 중환자실 간호사의 원룸 자취방을 임장하며...,https://www.newsen.com/news_view.php?uid=202510101042340410,www.newsen.com,2025-10-10
80765b3120f55d3d7bf82b532232e475,naver,news,자취방 단기임대,KW2,공백기의 존재를 확인하기 위함,"‘홈즈’ 강남X이낙준X주우재, 강남 대형병원세권 임장",두 번째 임장지는 강남구 일원동의 ‘단기 임대 환자방’이었다. 임시 거처가 필요한 환자와 보호자를 위한... 세 사람은 붉은 벽돌이 매력적인 신축 건물에 살고 있는 8년차 중환자실 간호사의 원룸 자취방을 임장하며...,http://www.tvdaily.co.kr/read.php3?aid=17600607711765776019,www.tvdaily.co.kr,2025-10-10
6fe127b85f27b820e3498c140217adeb,naver,news,자취방 단기임대,KW2,공백기의 존재를 확인하기 위함,"강남 대형병원세권 임장…강남·이낙준·주우재, '의사 아파트' 소개(홈...",두 번째 임장지는 강남구 일원동의 ‘단기 임대 환자방’이었다. 임시 거처가 필요한 환자와 보호자를 위한... 세 사람은 붉은 벽돌이 매력적인 신축 건물에 살고 있는 8년차 중환자실 간호사의 원룸 자취방을 임장하며...,http://enews.imbc.com/News/RetrieveNewsInfo/479525,enews.imbc.com,2025-10-10
a5ba0abf346db70643f815dab87983a9,naver,news,자취방 단기임대,KW2,공백기의 존재를 확인하기 위함,‘구해줘홈즈’ 강남 병원세권,두 번째 임장지는 강남구 일원동의 ‘단기 임대 환자방’이었다. 임시 거처가 필요한 환자와 보호자를 위한... 세 사람은 붉은 벽돌이 매력적인 신축 건물에 살고 있는 8년차 중환자실 간호사의 원룸 자취방을 임장하며...,https://www.bntnews.co.kr/article/view/bnt202510100028,www.bntnews.co.kr,2025-10-10
6d798617ba905f38b4358d70d22e5e8c,naver,news,자취방 단기임대,KW2,공백기의 존재를 확인하기 위함,아파트 입주민 대부분이 의사…일명 '의사 아파트' 어떻길래 ('홈즈'),두 번째 임장지는 강남구 일원동의 '단기 임대 환자방'이었다. 임시 거처가 필요한 환자와 보호자를 위한... 세 사람은 붉은 벽돌이 매력적인 신축 건물에 살고 있는 8년차 중환자실 간호사의 원룸 자취방을 임장하며 주변...,https://www.tenasia.co.kr/article/2025101000034,www.tenasia.co.kr,2025-10-10
770859e19bb5eacdcecce15bb99c3170,naver,news,자취방 단기임대,KW2,공백기의 존재를 확인하기 위함,"고시원, 대안적 주거의 가능성: 선랩건축사사무소","대학 진학을 계기로 상경해 고시원, 하숙집, 자취방, 원룸 등 다양한 임시 주거를 옮겨 다닌 유목민 중 한... 6개월간 연구 조사를 바탕으로, 공공에서 리모델링 비용 일부를 지원받고, 해당 고시원을 5년간 임대해 시범...",https://vmspace.com/report/report_view.html?base_seq=MzM4NQ==,vmspace.com,2025-04-30
8c7364aa78488933ee38b14d6ab4b0eb,naver,news,자취방 단기임대,KW2,공백기의 존재를 확인하기 위함,"김신록, '구해줘! 홈즈'서 서울대 후배 위한 관악구 자취방 탐색",홈즈'에서 배우 김신록이 서울대 후배들을 위한 자취방 찾기에 나섰다. 새 학기를 맞아 대학생들의 자취방... 세련된 인테리어와 다양한 기본 옵션이 마련된 이곳은 입주민을 위한 무료 스터디카페와 단기 임대룸까지...,https://www.stardailynews.co.kr/news/articleView.html?idxno=477355,www.stardailynews.co.kr,2025-03-04
02eae63552132e67bf5a714449cd195e,naver,news,자취방 단기임대,KW2,공백기의 존재를 확인하기 위함,"서울대 출신 재벌집 고명 딸 김신록, 서울대 앞 자취방 전격 비교(홈즈...",홈즈'가 새 학기를 맞아 대학생들을 위한 자취방 임장 특집으로 서울대를 찾았다. 27일 방송된 이번... 특히 건물 9층에는 단기 임대룸이 마련되어 있어 단기간 거주를 원하는 학생들에게 적합했다. 서울대 인근 외에도...,https://www.mhnse.com/news/articleView.html?idxno=373489,www.mhnse.com,2025-02-27
3fce22f309aafba4da8b5ef79e613676,naver,news,자취방 단기임대,KW2,공백기의 존재를 확인하기 위함,"‘구해줘! 홈즈’ 서울 관악구 편, 대학생들 자취방 임장 특집[Ce:스포]","홈즈’에서 새 학기를 맞아 대학생들의 자취방을 찾아나선다. 27일 방송되는 MBC ‘구해줘! 홈즈’에서는 새... 건물 내 스터디카페는 입주민은 무료로 이용할 수 있으며, 건물 9층에는 단기 임대룸까지 갖추고 있다고 한다....",http://www.celuvmedia.com/article.php?aid=1740661200495157010,www.celuvmedia.com,2025-02-27
78f9668e850234f7ba9bd1210eec8c19,naver,news,자취방 단기임대,KW2,공백기의 존재를 확인하기 위함,"양세형, ♥박나래 열애설→45세 여배우에 플러팅..핑크빛 썸 예고 [홈즈...","홈즈'(이하 '홈즈')에서는 새 학기를 맞아 대학생들의 자취방 임장 특집으로 서울대 편을 진행했다. 27일 오후... 건물 내 스터디카페는 입주민은 무료로 이용할 수 있으며, 건물 9층에는 단기 임대룸까지 갖추고 있다....",https://www.starnewskorea.com/stview.php?no=2025022708251265075,www.starnewskorea.com,2025-02-27
ee9b17313e5a3f4e0d6a8ba3072bb1dd,naver,news,자취방 단기임대,KW2,공백기의 존재를 확인하기 위함,"'구해줘 홈즈' 서울 관악구, 서울대 자취방 매물소개","홈즈'(연출:정다히,김문섭,소인지,허자윤,김완철/이하 '홈즈')에서는 새 학기를 맞아 대학생들의 자취방 임장... 건물 내 스터디카페는 입주민은 무료로 이용할 수 있으며, 건물 9층에는 단기 임대룸까지 갖추고 있다고...",https://www.gukjenews.com/news/articleView.html?idxno=3212928,www.gukjenews.com,2025-02-27
393b00bfbc1f5c800d1cf2c57b572426,naver,news,자취방 단기임대,KW2,공백기의 존재를 확인하기 위함,"양세형, ♥박나래는 어쩌고 김신록에 플러팅…""오늘 같이 밥 먹을래요?...","홈즈’(이하 ‘홈즈’)에서는 새 학기를 맞아 대학생들의 자취방 임장 특집으로 서울대 편을 진행한다. 이번... 건물 내 스터디카페는 입주민은 무료로 이용할 수 있으며, 건물 9층에는 단기 임대룸까지 갖추고 있다고...",https://mydaily.co.kr/page/view/2025022720105418799,mydaily.co.kr,2025-02-27
5306809b4bdb86c3282a384c86914310,naver,news,자취방 단기임대,KW2,공백기의 존재를 확인하기 위함,"MBC 구해줘! 홈즈 김신록-양세형-양세찬, 대학생 자취방 임장 특집-서울...","홈즈'(연출:정다히,김문섭,소인지,허자윤,김완철/이하 '홈즈')에서는 새 학기를 맞아 대학생들의 자취방 임장... 건물 내 스터디카페는 입주민은 무료로 이용할 수 있으며, 건물 9층에는 단기 임대룸까지 갖추고 있다고...",https://www.gukjenews.com/news/articleView.html?idxno=3212875,www.gukjenews.com,2025-02-27
b3b16bdc9db7b7e55eff7695751815aa,naver,news,자취방 단기임대,KW2,공백기의 존재를 확인하기 위함,"양세형, '4살 연상' 서울대 출신 여배우와 ♥핑크빛…녹화 도중 돌발 데...","홈즈'(이하 홈즈)에서는 새 학기를 맞아 대학생들의 자취방 임장 특집으로 서울대 편을 진행한다. 이번... 건물 내 스터디카페는 입주민은 무료로 이용할 수 있으며, 건물 9층에는 단기 임대룸까지 갖추고 있다고 한다....",https://tenasia.hankyung.com/article/2025022721594,tenasia.hankyung.com,2025-02-27
079c30e7faea5b7d26bf130d47ed860c,naver,news,자취방 단기임대,KW2,공백기의 존재를 확인하기 위함,"양세형, ‘박경찬♥’ 김신록에 잘못된 하트 발사..“이러다 썸 생겨”...","홈즈'(연출:정다히,김문섭,소인지,허자윤,김완철/이하 '홈즈')에서는 새 학기를 맞아 대학생들의 자취방 임장... 건물 내 스터디카페는 입주민은 무료로 이용할 수 있으며, 건물 9층에는 단기 임대룸까지 갖추고 있다고...",https://www.sportschosun.com/entertainment/2025-02-27/202502270100174860026499,www.sportschosun.com,2025-02-27
9968319931c5ba9db60f910374292484,naver,news,자취방 단기임대,KW2,공백기의 존재를 확인하기 위함,"‘서울대’ 김신록, 후배 위해 자취방 찾는다 (홈즈)","홈즈’(이하 ‘홈즈’)에서는 새 학기를 맞아 대학생들의 자취방 임장 특집으로 서울대 편을 진행한다. 이번... 건물 내 스터디카페는 입주민은 무료로 이용할 수 있으며, 건물 9층에는 단기 임대룸까지 갖추고 있다고...",https://www.bntnews.co.kr/article/view/bnt202502270072,www.bntnews.co.kr,2025-02-27
4a40aa53c8991f7c1a1633e0a3f00ed1,naver,news,자취방 단기임대,KW2,공백기의 존재를 확인하기 위함,"양세형, 박나래 아닌 서울대 출신 여배우와 핑크빛 예고...""이렇게 썸이...","홈즈'(연출:정다히,김문섭,소인지,허자윤,김완철/이하 '홈즈')에서는 새 학기를 맞아 대학생들의 자취방 임장... 건물 내 스터디카페는 입주민은 무료로 이용할 수 있으며, 건물 9층에는 단기 임대룸까지 갖추고 있다고...",https://www.sportschosun.com/entertainment/2025-02-27/202502270100174160026306,www.sportschosun.com,2025-02-27
a83332436826cc4f3d97501e7a7a881e,naver,news,자취방 단기임대,KW2,공백기의 존재를 확인하기 위함,"서울대 선배 김신록, 관악구 자취방 임장(‘구해줘! 홈즈’)","배우 김신록이 관악구 자취방 임장에 나선다. 27일 오후 10시 방송되는 MBC 예능프로그램 ‘구해줘! 홈즈’... 건물 내 스터디카페는 입주민은 무료로 이용할 수 있으며, 건물 9층에는 단기 임대룸까지 갖추고 있다고 한다....",https://www.mk.co.kr/article/11251495,www.mk.co.kr,2025-02-27
7d8736e8e10ba26aa6e4eac498a9ae94,naver,news,자취방 단기임대,KW2,공백기의 존재를 확인하기 위함,"'서울대' 김신록, ♥박경찬과 결혼했는데…양세형 ""오늘 같이 먹을래요...","홈즈’에서는 새 학기를 맞아 대학생들의 자취방 임장 특집으로 서울대 편을 진행한다. 이번 홈즈는 새 학기... 건물 내 스터디카페는 입주민은 무료로 이용할 수 있으며, 건물 9층에는 단기 임대룸까지 갖추고 있다고...",https://www.xportsnews.com/article/1966839,www.xportsnews.com,2025-02-27
f9755130914d288318eb5691149fc0d1,naver,news,자취방 단기임대,KW2,공백기의 존재를 확인하기 위함,"서울대 출신 김신록, 후배 위해 자취방 찾는다 (홈즈)","홈즈’(이하 ‘홈즈’)에서는 새 학기를 맞아 대학생들의 자취방 임장 특집으로 서울대 편을 진행한다. 이번... 건물 내 스터디카페는 입주민은 무료로 이용할 수 있으며, 건물 9층에는 단기 임대룸까지 갖추고 있다고...",http://starin.edaily.co.kr/news/newspath.asp?newsid=01134886642074784,starin.edaily.co.kr,2025-02-27
8a9a44531ab570387d1cb8c4a568d7c6,naver,news,자취방 단기임대,KW2,공백기의 존재를 확인하기 위함,"양세형, ♥︎박나래 두고 여배우에 플러팅 ""오늘 학식 같이 먹을래요?""...","대학생들의 자취방 임장 특집으로 서울대 편을 진행한다. 이번 '홈즈'는 새 학기 특집으로 자취방의 성지... 건물 내 스터디카페는 입주민은 무료로 이용할 수 있으며, 건물 9층에는 단기 임대룸까지 갖추고 있다고 한다....",http://www.osen.co.kr/article/G1112513501,www.osen.co.kr,2025-02-27
3c13be891e5c7b1ff79603afdbb21cff,naver,news,자취방 단기임대,KW2,공백기의 존재를 확인하기 위함,"박나래 어쩌고…양세형, 김신록에 ""학식 먹자"" 플러팅(홈즈)","홈즈’(연출:정다히,김문섭,소인지,허자윤,김완철/이하 ‘홈즈’)에서는 새 학기를 맞아 대학생들의 자취방... 건물 내 스터디카페는 입주민은 무료로 이용할 수 있으며, 건물 9층에는 단기 임대룸까지 갖추고 있다고 한다....",http://enews.imbc.com/News/RetrieveNewsInfo/450763,enews.imbc.com,2025-02-27
bab2f9b7948cd5a35f9d4ed9ebf92c5b,naver,news,자취방 단기임대,KW2,공백기의 존재를 확인하기 위함,[MBN이 본 신간] 뇌는 어떻게 성공하는가·월 500만 원 따박따박 받는 공...,"저자는 자신의 자취방을 대여한 경험을 시작으로 공유숙박(에어비앤비), 단기임대, 파티룸, 렌탈스튜디오, 공유오피스 등 여러 업종을 거치며 공간대여 전문가로 성장했습니다. 책에는 입지 선정부터 인테리어, 운영...",http://mbn.mk.co.kr/pages/news/newsView.php?category=mbn00007&news_seq_no=5091791,mbn.mk.co.kr,2025-02-03
a140c5924b416120f9ca5350497acd06,naver,news,자취방 단기임대,KW2,공백기의 존재를 확인하기 위함,“남는 공간 빌려줬더니 월 500만원씩 꽂히네”…제2의 월급 받아볼까 ...,"그는 자기 자취방을 대여한 경험을 시작으로 공유숙박, 단기임대, 파티룸, 공유오피스 등 여러 업종을 경험했다. 지금도 서울에서 46개 공간을 운영하고 있다고 한다. 이런 경험을 통해 책에서 다양한 공간대여업 성공과...",https://www.mk.co.kr/article/11230109,www.mk.co.kr,2025-02-02
3127175a968ae305141d9dfadf743ff7,naver,news,자취방 단기임대,KW2,공백기의 존재를 확인하기 위함,"""방학 기간만 지낼 분""…대학가 불법 전대 성행 '주의보'","같은 날 또 다른 지역 온라인 커뮤니티에서도 단기 임대 홍보 게시물을 심심치 않게 확인할 수 있었다. 사이트에서는 방학을 맞아 빈 자취방을 기존 월세보다 저렴하게 내놓고, 보증금이 없는 조건으로 타인에게 전대하고...",https://www.jemin.com/news/articleView.html?idxno=784841,www.jemin.com,2025-01-14
03ad724c5a3e3d6d79857e7b6d15a7b5,naver,news,자취방 단기임대,KW2,공백기의 존재를 확인하기 위함,"[현장] 주거위기청년의 휴(休)식처…신한은행X아름다운재단 '청년, 공간...",당시 신한은행은 해당 사업을 통해 만 18~34세의 주거위기 청년들의 사회적 자립 구축을 위해 임대보증금... 다다다자립동행사업을 통해 긴급복지 신청과 자취방 구하기 등에도 신청할 수 있고 안정적인 주거 마련과 이를...,http://www.handmk.com/news/articleView.html?idxno=27563,www.handmk.com,2025-01-10
4f193c2761019ecfa1e719925037ca66,naver,news,자취방 단기임대,KW2,공백기의 존재를 확인하기 위함,"종강 맞아 자취방 불법 임대하는 대학생들…""임차인 덤탱이 쓴다"" [데일...",종강을 앞두고 대학가 원룸촌에서는 세입자가 다른 사람에게 자취방을 단기간 임대하는 '전대'가 이뤄지고 있다. 하지만 학생들 간의 전대 거래 대부분이 집주인의 동의 없이 진행되는 '불법 전대'라는 점에서 문제가 되고...,https://www.dailian.co.kr/news/view/1441951/?sc=Naver,www.dailian.co.kr,2024-12-17
bcb19094e32c3a32b314393fbd997f28,naver,news,자취방 단기임대,KW2,공백기의 존재를 확인하기 위함,"4000만원으로 덜컥 빌라 산 20대 '대박'…""퇴사합니다"" [방준식의 재+부...","어쩌다 본격적으로 임대업에 뛰어드셨나요. ""지방에서 상경해서 자취방을 구했던 일이 생각났어요.... 얼굴도 모르는 사람에게 단기임대용 매물을 주지는 않더라고요. 직접 얼굴을 비추고 발품을 팔아야겠다고 생각했죠....",https://www.hankyung.com/article/202405022636i,www.hankyung.com,2024-05-11
a3003248c157c7dd942a109eb64e7396,naver,news,자취방 단기임대,KW2,공백기의 존재를 확인하기 위함,"[9층시사국] 2023, 청년의 삶","더는 기숙사에서 지낼 수 없어 자취방을 구하기 위해 지난 5월 원룸이 많은 서울 신림동을 찾았습니다.... "" (*제너레이션 렌트 Generation Rent: 소득으로 집값을 감당할 수 없고 주거 임대료 부담도 큰 세대) ■ 피해자 72%가...",https://news.kbs.co.kr/news/pc/view/view.do?ncd=7854904&ref=A,news.kbs.co.kr,2023-12-30
705fa5354cd544bf426d3f0f6ebf7872,naver,news,자취방 단기임대,KW2,공백기의 존재를 확인하기 위함,실밸 살인적 집값에... LA서 비행기 통학 선택한 美 버클리대생,"자신을 ‘빌’이라 소개한 학생은 지난해 UC버클리의 1년 단기 공학 석사 프로그램에 합격한 후 학교 인근... 미국의 직방인 ‘질로우’를 사용해 이 지역 아파트 임대료를 검색해보면, 1개 침실을 갖춘 자취방의...",https://www.chosun.com/economy/tech_it/2023/07/02/E7GIFKMIEJEWFBQBFUEI2UMIN4/?utm_source=naver&utm_medium=referral&utm_campaign=naver-news,www.chosun.com,2023-07-02
b3b7ef314dd531fa3f7ca3fa788b4b75,naver,news,자취방 단기임대,KW2,공백기의 존재를 확인하기 위함,[스타트업 인터뷰] 자취해도 될까? 고민될 땐 '삼삼엠투'로 경험해볼까,삼삼엠투는 이런저런 이유로 단기임대 주택이 필요한 이들을 위한 플랫폼이다. 서비스에 대한 자세한... 않아 자취방을 쓸 수 없을 때 등의 상황에서 삼삼엠투 이용이 유용할 것이다. 또는 자취를 시작하거나 경험해보고...,http://www.dailypop.kr/news/articleView.html?idxno=66446,www.dailypop.kr,2023-02-02
284162bb62eb69b68a7aee0e1a06f99a,naver,news,자취방 단기임대,KW2,공백기의 존재를 확인하기 위함,[자취꿀팁] 500/50 월세 말고..내게 맞는 자취방 구하는 방법은?,"최근 자취방을 구하는 가장 대중적인 방법은 직방, 다방 등 부동산 플랫폼으로 먼저 매물을 살펴본 후... - 삼삼엠투: 전국 단기임대 가능 주택이 모여있는 단기임대 플랫폼이다. 지역과 입실날짜, 거주기간 등을 입력한 후...",http://www.dailypop.kr/news/articleView.html?idxno=62200,www.dailypop.kr,2022-08-23
c24a2abe0b195284ce1a4e058015d4f4,naver,news,자취방 단기임대,KW2,공백기의 존재를 확인하기 위함,"[활기 찾는 대학가] ③ ""코로나 이전으로 돌아온 월세""","확대되면서 임대인들이 단기계약을 하지 않으려고 하는데다 가격도 올랐는데 40만원대 월세가 지금은 평균 50만원대이고 더 좋은 곳은 60만원까지 받기도 한다""고 했다. 대학가 원룸과 자취방은 주로 학기가 시작되기 전에...",http://www.newspim.com/news/view/20220429000866,www.newspim.com,2022-05-01
8286f13157e348a0d607b6e88a6de9c4,naver,news,자취방 단기임대,KW2,공백기의 존재를 확인하기 위함,[르포] 활기 되찾은 대학가 원룸촌… 방 한 칸 월세 50만 원에 학생들 '...,정부 방침에 따라 각 대학들이 일제히 대면 수업을 실시하면서 대학가 인근 자취방 수요도 늘고 있기... 비대면 수업 당시 성행하던 3~6개월 단위의 '단기 임대 계약'도 줄어들고 있다. 대학들이 비대면·대면 수업을...,http://news.unn.net/news/articleView.html?idxno=525493,news.unn.net,2022-03-18
07bf275178dff1c275e7c70abd300887,naver,news,자취방 단기임대,KW2,공백기의 존재를 확인하기 위함,정치·선거 무관심이 부른 참극…기업도 국민도 전부 가난해졌다,이어 “직장에 다니는 딸은 독립하게 하고 대학에 다니는 아들은 자취방을 구하게 했다. 아이들이 집을... 시에 단기적 충격을 생각했을 때 당장 철폐하는 것은 무리겠지만 그렇더라도 임대차3법은 없어져야 한다”고...,http://www.skyedaily.com/news/news_view.html?ID=141990,www.skyedaily.com,2021-10-12
97885d660d48f2aa23b76708078aec68,naver,news,자취방 단기임대,KW2,공백기의 존재를 확인하기 위함,대면수업 2주 앞둔 서울대… “방 구해야 하나” 혼란,전국 각지의 집에서 ‘비대면 수업’을 받던 비수도권 학생들의 가장 큰 고민은 ‘자취방 마련’이다. 현재 서울대 온라인 커뮤니티에는 “2~3개월 단기 임대 가능한 원룸을 구한다”는 학생들의 글이 잇따라 올라오고...,https://www.chosun.com/national/national_general/2021/10/05/CPDM5HJVDNGJHO7JVNCSDODXSA/?utm_source=naver&utm_medium=referral&utm_campaign=naver-news,www.chosun.com,2021-10-05
5adc8f5f9ab70256b0cb90a685253900,naver,news,자취방 단기임대,KW2,공백기의 존재를 확인하기 위함,30만 원짜리 방을 40만 원에? 대학가 '자취방 양도' 괜찮을까,대학교 개강을 앞두고 서울 자취방을 찾던 이 씨는 학교 커뮤니티에서 ‘원룸 단기임대’를 접했다. ‘직방’이나 ‘다방’ 등 부동산 거래 앱을 보는 것처럼 다양한 방이 올라와 있었다. 며칠을 들여다보다 이내 한 곳을...,http://www.bizhankook.com/article/21799,www.bizhankook.com,2021-04-23
ea55170bd876e6635247d43dd0d920a0,naver,news,자취방 단기임대,KW2,공백기의 존재를 확인하기 위함,"대학 원룸가, 코로나·신입생 감소에 ‘썰렁’",단위 단기 계약을 하는 곳이 늘었다”고 말했다. 부동산 중개업자들은 자취방 임대 수요 감소 원인으로 코로나19 확산으로 인한 비대면 수업 가능성을 꼽으면서도 신입생 감소의 영향도 무시할 수 없다고 설명했다....,http://www.knnews.co.kr/news/articleView.php?idxno=1348000,www.knnews.co.kr,2021-04-01
0768f6ddca40c6ff0eb712195fb85acb,naver,news,자취방 단기임대,KW2,공백기의 존재를 확인하기 위함,세입자가 자취방 활용한 '불법 숙박업' 등장,"원룸을 비워둔 채 월세만 내던 윤씨는 지난해 12월 집주인과 협의해 모바일 애플리케이션을 통해 '한달 살기' 단기임대 매물로 원룸을 내놨고 지난달 계약이 성사됐다. 윤씨는 ""작년 내내 학사일정이 불확실해 언제 다시...",http://www.incheonilbo.com/news/articleView.html?idxno=1081666,www.incheonilbo.com,2021-02-27
fc74a3bf0776610717af30b4eb570442,naver,news,자취방 단기임대,KW2,공백기의 존재를 확인하기 위함,재택 근무 · 수업에…자취방 활용한 '불법 숙박업' 등장,"원룸을 비워둔 채 월세만 내던 윤 씨는 지난해 12월 집주인과 협의해 모바일 애플리케이션을 통해 '한달 살기' 단기임대 매물로 원룸을 내놨고 지난달 계약이 성사됐습니다. 윤 씨는 ""작년 내내 학사일정이 불확실해 언제...",https://news.sbs.co.kr/news/endPage.do?news_id=N1006224367&plink=ORI&cooper=NAVER,news.sbs.co.kr,2021-02-27
c402171a9832be300851504c1bd35ced,naver,news,자취방 단기임대,KW2,공백기의 존재를 확인하기 위함,비대면 수업·근무에 자취방 활용한 '불법 숙박업' 등장,"원룸을 비워둔 채 월세만 내던 윤씨는 지난해 12월 집주인과 협의해 모바일 애플리케이션을 통해 '한달 살기' 단기임대 매물로 원룸을 내놨고 지난달 계약이 성사됐습니다. 윤씨는 ""작년 내내 학사일정이 불확실해 언제...",http://mbn.mk.co.kr/pages/news/newsView.php?category=mbn00009&news_seq_no=4435128,mbn.mk.co.kr,2021-02-27
73e30508f8c20effdadfbb6e85538fc7,naver,news,자취방 단기임대,KW2,공백기의 존재를 확인하기 위함,장기 재택근무·수업에…자취방 활용 '불법 숙박업' 등장,"원룸을 비워둔 채 월세만 내던 윤씨는 지난해 12월 집주인과 협의해 모바일 애플리케이션을 통해 '한달 살기' 단기임대 매물로 원룸을 내놨고 지난달 계약이 성사됐다. 윤씨는 ""작년 내내 학사일정이 불확실해 언제 다시...",http://yna.kr/AKR20210226174100004?did=1195m,yna.kr,2021-02-27
d2db69a971b920738324fc10ff097c46,naver,news,자취방 단기임대,KW2,공백기의 존재를 확인하기 위함,봄은 왔건만 대학가 원룸촌 '찬바람',"근처 자취방에서 생활했다. 계약대로라면 올해 1월 말까지 지냈어야 했지만 각종 공과금과 생활비 부담에 한... 늘어 단기 계약을 진행하려는 임대업자들도 나오는 추세""라고 설명했다. 이어 B씨는 ""지난해 대학가...",http://www.honam.co.kr/detail/DDAuq0/641429,www.honam.co.kr,2021-02-22
d7d515e8413081075e3fba884b305c8e,naver,news,자취방 단기임대,KW2,공백기의 존재를 확인하기 위함,‘비대면인데 뭣하러 방 구해요’… 대학가 원룸촌 공실 비명,서울의 한 사립대 문과대학에 다니고 있는 장모(20)씨는 지난해 초 부산에서 올라와 8월말까지 자취방에서... 코로나19 장기화로 서울 주요 대학들이 비대면 수업 위주의 학사 운영 방침을 밝히면서 대학가 원룸 임대시장...,http://news.kmib.co.kr/article/view.asp?arcid=0015537086&code=61121111&cp=nv,news.kmib.co.kr,2021-02-16
8aa1056bf77003e4819fe8db07699da6,naver,news,자취방 단기임대,KW2,공백기의 존재를 확인하기 위함,"'찬바람' 부는 코로나 속 대학가…대학생들 ""자소서 쓸 내용도 없다""","곳곳에는 임대 현수막을 내건 점포도 보였다. 원룸촌도 마찬가지. 예년 같았으면 신학기를 앞두고 자취방을... 3개월 단기 계약이 많아진 점도 특징""이라고 설명했다. 코로나19가 대학가를 삼켰다. 비대면 수업 비중이...",https://news.imaeil.com/Education/2021021414394905114,news.imaeil.com,2021-02-14
2e2cd3e2695f3e911058769350a0a3dd,naver,news,자취방 단기임대,KW2,공백기의 존재를 확인하기 위함,"‘하숙집이 사라진다’ 코로나19에, 원룸에 밀려 사라지는 하숙집",대학생 손님 발걸음 뚝…대학 임대업 비상 △15일 오후 2시 홍익대학교 인근 원룸촌이 한산한 모습을 보인다.... 마찬가지로 다른 익명의 학부생은 대면 비대면 수업이 확실하게 정해지지 않아 자취방을 잡지 못한다고...,https://magazine.hankyung.com/job-joy/article/202102109518d,magazine.hankyung.com,2021-02-10
c508be1f041678f4242416ba14d8ce76,naver,news,자취방 단기임대,KW2,공백기의 존재를 확인하기 위함,'역대급 공실'…적막 감도는 대학가 원룸촌,"신학기를 앞두고 대학 인근 자취방을 구하기 위해 학생과 부모들로 북적였던 예전의 모습은 찾기 어려웠다.... 6개월 단기임대 등의 파격적인 조건을 조심스럽게 제안할 생각""이라고 귀띔했다. 파행을 겪는 학사 일정 탓에...",http://www.daejonilbo.com/news/newsitem.asp?pk_no=1458349,www.daejonilbo.com,2021-02-09
ca904d0a02e9211ab5c8bd57d8c395b9,naver,news,자취방 단기임대,KW2,공백기의 존재를 확인하기 위함,"인하대, ‘2021 윈터 아이스타트업랩 데모데이’ 마쳐",1부는 △1인가구와 대학생의 자취방 단기임대 중개 플랫폼인 내방니방 △출석체크·에듀테크·QR코드를 활용한 O2O 교육플랫폼 SPILT △웹툰 소재를 공유하는 C2C 플랫폼 웰트랜스 △기상·해양 빅데이터를 수집하는...,http://www.g-enews.com/ko-kr/news/article/news_all/2021020117005032564e4869c120_1/article.html,www.g-enews.com,2021-02-01
2cff0f1eaf59ae4a0f1417936be9ebc4,naver,news,자취방 단기임대,KW2,공백기의 존재를 확인하기 위함,"인하대, 2021 윈터 아이스타트업랩 데모데이 성료",1부는 △1인가구와 대학생의 자취방 단기임대 중개 플랫폼인 내방니방 △출석체크·에듀테크·QR코드를 활용한 O2O 교육플랫폼 SPILT △웹툰 소재를 공유하는 C2C 플랫폼 웰트랜스 △기상·해양 빅데이터를 수집하는...,http://www.kmaeil.com/news/articleView.html?idxno=263505,www.kmaeil.com,2021-01-31
ffaa1a705229606d7b17059eba27ca23,naver,news,자취방 단기임대,KW2,공백기의 존재를 확인하기 위함,"인하대, ‘2021 윈터 아이스타트업랩 데모데이’ 성료",1부는 △1인가구와 대학생의 자취방 단기임대 중개 플랫폼인 내방니방 △출석체크·에듀테크·QR코드를 활용한 O2O 교육플랫폼 SPILT △웹툰 소재를 공유하는 C2C 플랫폼 웰트랜스 △기상·해양 빅데이터를 수집하는...,http://www.newsway.co.kr/news/view?tp=1&ud=2021012917564161041,www.newsway.co.kr,2021-01-29
a25f245134053e789681e7514cc1e286,naver,news,자취방 단기임대,KW2,공백기의 존재를 확인하기 위함,"인하대, ‘2021 윈터 아이스타트업랩 데모데이’ 성료",1부는 △1인가구와 대학생의 자취방 단기임대 중개 플랫폼인 내방니방 △출석체크·에듀테크·QR코드를 활용한 O2O 교육플랫폼 SPILT △웹툰 소재를 공유하는 C2C 플랫폼 웰트랜스 △기상·해양 빅데이터를 수집하는...,https://www.dnews.co.kr/uhtml/view.jsp?idxno=202101291056177600341,www.dnews.co.kr,2021-01-29
ea618c801aef0eb93d7435e31422ad1a,naver,news,자취방 단기임대,KW2,공백기의 존재를 확인하기 위함,"인하대, '2021 윈터 아이스타트업랩 데모데이' 성료",1부는 △1인가구와 대학생의 자취방 단기임대 중개 플랫폼인 내방니방 △출석체크·에듀테크·QR코드를 활용한 O2O 교육플랫폼 SPILT △웹툰 소재를 공유하는 C2C 플랫폼 웰트랜스 △기상·해양 빅데이터를 수집하는...,http://news.unn.net/news/articleView.html?idxno=503818,news.unn.net,2021-01-29
80973a84c06cdcd5dc4955e450d50d0f,naver,news,자취방 단기임대,KW2,공백기의 존재를 확인하기 위함,인하대 2021 윈터 아이스타트업랩 데모데이 성료,1부는 △1인가구와 대학생의 자취방 단기임대 중개 플랫폼인 내방니방 △출석체크·에듀테크·QR코드를 활용한 O2O 교육플랫폼 SPILT △웹툰 소재를 공유하는 C2C 플랫폼 웰트랜스 △기상·해양 빅데이터를 수집하는...,http://www.veritas-a.com/news/articleView.html?idxno=355064,www.veritas-a.com,2021-01-29
dc8347cfb716e9faccf018bfd1c06aa4,naver,news,자취방 단기임대,KW2,공백기의 존재를 확인하기 위함,"인하대, '윈터 아이스타트업랩 데모데이' 개최",1부는 ▲1인가구와 대학생의 자취방 단기임대 중개 플랫폼인 내방니방 ▲출석체크·에듀테크·QR코드를 활용한 O2O(online to offline) 교육플랫폼 SPILT ▲웹툰 소재를 공유하는 C2C(Customer to Customer) 플랫폼 웰트랜스 ▲기상...,http://www.dhnews.co.kr/news/articleView.html?idxno=135952,www.dhnews.co.kr,2021-01-29
1e2ade1ede9b7a0179326e3544f3ebd8,naver,news,자취방 단기임대,KW2,공백기의 존재를 확인하기 위함,도내 대학가 원룸 '공실' 공포...집주인은 지친다,"예년 연말 같으면 미리 자취방을 구하려는 학생들로 북적거렸던 것과는 다른 모습이다. 건물 앞 곳곳에는... 단위의 '초단기 계약'도 잇따르고 있다. 원룸 임대업을 하고 있는 이모(66)씨는 ""올해 수업은 거의 안했다고 보면...",http://www.jeonmin.co.kr/news/articleView.html?idxno=323595,www.jeonmin.co.kr,2020-12-23
90e8f3ad1c74a0c0c63c9813115e3dfe,naver,news,자취방 단기임대,KW2,공백기의 존재를 확인하기 위함,"""손님 이렇게 없긴 처음"" 텅빈 대학가 원룸촌","미리 자취방을 구하려는 학생들로 북적거렸던 것과는 다른 모습이다. 건물 앞 곳곳에는 '원룸 임대' '빈방... 수업 정상화 요원, 한두달짜리 초단기 계약 늘어 17일 업계에 따르면 신종 코로나바이러스감염증(코로나19)...",https://view.asiae.co.kr/article/2020121513234719908,view.asiae.co.kr,2020-12-17
3b2b5e6bfc4aa85b0d3d0f9f88cb3883,naver,news,자취방 단기임대,KW2,공백기의 존재를 확인하기 위함,코로나19 속 낮아진 대학가 원룸 월세…학생들은 “40만원 미만이 적정...,21일 부동산 정보 플랫폼 다방의 9월 원룸 임대 시세 리포트에 따르면 서울 다가구·다세대주택 등의 원룸... 자취방 구하기에 소극적인 모습이었다. 되려 이전부터 원룸에 살고 있던 학생들도 이를 다른 이에게 단기로...,http://edu.chosun.com/site/data/html_dir/2020/10/21/2020102101239.html,edu.chosun.com,2020-10-21
7c0e5435146afc975f95f3c30a964291,naver,news,자취방 단기임대,KW2,공백기의 존재를 확인하기 위함,[대표연설 전문] 심상정 “코로나 시대 극복하는 새로운 사회계약 4대 과...,코로나 전쟁은 단기속결전이 아니라 장기지구전이 될 것입니다. 장기지구전에 승리하려면 기초체력이... 알바조차 구하기도 힘든데 대학생들은 살지도 않는 자취방 월세 다달이 내고 있습니다. 그런데 건물주의 임대료...,http://www.polinews.co.kr/news/article.html?no=474627,www.polinews.co.kr,2020-09-15
d9a2303a23a17ac9ba3acfa31de83e9b,naver,news,자취방 단기임대,KW2,공백기의 존재를 확인하기 위함,"심상정 ""임대인도 임대료 감면 동참, 코로나 고통분담 예외 없어야""",코로나 전쟁은 단기속결전이 아니라 장기지구전이 될 것입니다. 장기지구전에 승리하려면 기초체력이... 알바조차 구하기도 힘든데 대학생들은 살지도 않는 자취방 월세 다달이 내고 있습니다. 그런데 건물주의 임대료...,http://www.ohmynews.com/NWS_Web/View/at_pg.aspx?CNTN_CD=A0002676190&CMPT_CD=P0010&utm_source=naver&utm_medium=newsearch&utm_campaign=naver_news,www.ohmynews.com,2020-09-15
5b4adc327bc6118542844369636cd409,naver,news,자취방 단기임대,KW2,공백기의 존재를 확인하기 위함,"심상정 ""의원 세비 30% 삭감, 코로나 고통 부담 경감하자""(전문)",코로나 전쟁은 단기속결전이 아니라 장기지구전이 될 것입니다. 장기지구전에 승리하려면 기초체력이... 알바조차 구하기도 힘든데 대학생들은 살지도 않는 자취방 월세 다달이 내고 있습니다. 그런데 건물주의 임대료...,http://news.tf.co.kr/read/ptoday/1812984.htm,news.tf.co.kr,2020-09-15
4582a7da6d7769450217022b3ea2fc7e,naver,news,자취방 단기임대,KW2,공백기의 존재를 확인하기 위함,"[전문]심상정, ""대전환 위한 새로운 사회계약 추진""",심상정 정의당 대표는 15일 “코로나 전쟁은 단기 속결전이 아니라 장기 지구전이 될 것”이라며 “코로나... 알바조차 구하기도 힘든데 대학생들은 살지도 않는 자취방 월세 다달이 내고 있습니다. 그런데 건물주의 임대...,http://www.edaily.co.kr/news/newspath.asp?newsid=03207846625900448,www.edaily.co.kr,2020-09-15
309bfd4f72267ad7f694bbcd100f8268,naver,news,자취방 단기임대,KW2,공백기의 존재를 확인하기 위함,"심상정 ""이상직에 금배지 달아준 與, 나몰라라 하면 되나"" [전문]",코로나 전쟁은 단기속결전이 아니라 장기지구전이 될 것입니다. 장기지구전에 승리하려면 기초체력이... 알바조차 구하기도 힘든데 대학생들은 살지도 않는 자취방 월세 다달이 내고 있습니다. 그런데 건물주의 임대료...,https://www.hankyung.com/politics/article/2020091517707,www.hankyung.com,2020-09-15
91d2d04c02910292414deb2866bb301d,naver,news,자취방 단기임대,KW2,공백기의 존재를 확인하기 위함,"[전문] 심상정 ""영업 폐쇄인데 임대료 따박따박… 정의 재구성해야""",코로나 전쟁은 단기속결전이 아니라 장기지구전이 될 것입니다. 장기지구전에 승리하려면 기초체력이... 알바조차 구하기도 힘든데 대학생들은 살지도 않는 자취방 월세 다달이 내고 있습니다. 그런데 건물주의 임대료...,http://www.shinailbo.co.kr/news/articleView.html?idxno=1321180,www.shinailbo.co.kr,2020-09-15
33402ec3aac6798748a337764e49b3ab,naver,news,자취방 단기임대,KW2,공백기의 존재를 확인하기 위함,"심상정, 선거제 개혁 꺼내들고 ""양당 반성문 아직 없어""",코로나 전쟁은 단기속결전이 아니라 장기지구전이 될 것입니다. 장기지구전에 승리하려면 기초체력이... 알바조차 구하기도 힘든데 대학생들은 살지도 않는 자취방 월세 다달이 내고 있습니다. 그런데 건물주의 임대료...,http://www.mediatoday.co.kr/news/articleView.html?idxno=209302,www.mediatoday.co.kr,2020-09-15
303114c5ce2475865adec506a36a722c,naver,news,자취방 단기임대,KW2,공백기의 존재를 확인하기 위함,"[전문] 심상정 비교섭단체 대표연설 ""정치개혁 사라졌는데…거대양당 반...",코로나 전쟁은 단기속결전이 아니라 장기지구전이 될 것입니다. 장기지구전에 승리하려면 기초체력이... 알바조차 구하기도 힘든데 대학생들은 살지도 않는 자취방 월세 다달이 내고 있습니다. 그런데 건물주의 임대료...,https://view.asiae.co.kr/article/2020091514212063150,view.asiae.co.kr,2020-09-15
94dc5025a777e93349b97c872f971e5e,naver,kin,자취방 단기임대,KW2,공백기의 존재를 확인하기 위함,여자친구 외국인등록증 발급시 거주지 제공 서류(임대차...,... 제 집에 한 달 정도 머물다가 자취방을 구해서 나갈 예정인데 문제는 외국인 등록증 발급 시 거주지 제공 서류에... 이용한 단기 임대계약을 고려해 볼 수 있습니다. 이런 방식은 계약상의 문제를 최소화하면서 여자친구의 체류 기간을...,https://kin.naver.com/qna/detail.naver?d1id=6&dirId=60212&docId=493559854&qb=7J6Q7Leo67CpIOuLqOq4sOyehOuMgA==&enc=utf8,지식iN,
8acb8d319db50d86c496ba4650de8edc,naver,kin,자취방 단기임대,KW2,공백기의 존재를 확인하기 위함,lh청년전세임대 도중에 잠시 다른 지역에서 자취를...,안녕하세요 현재 lh청년전세임대를 통해 서울에서 자취를 하고 있습니다. 지금 살고 있는 집은 한 번 연장을 해서... 근데 지방에 위치한 공기업 청년인턴을 붙게 되면 아마 그 곳에 단기로(6개월) 자취방을 구해서 지내야 할 것 같은데 이...,https://kin.naver.com/qna/detail.naver?d1id=4&dirId=4020201&docId=492643960&qb=7J6Q7Leo67CpIOuLqOq4sOyehOuMgA==&enc=utf8,지식iN,
35d85899f336acfe3514e6cca16c0ba1,naver,kin,자취방 단기임대,KW2,공백기의 존재를 확인하기 위함,건대입구 원룸텔? 자취방?,"성수역이나 건대앞쪽 대학생이 머물기 적당한 원룸텔이나 자취방 있을까요? 외지지 않고 치안안전하고 관리... 대표적으로 ""건대 프레지던트텔"", ""한양유니온빌""같은 곳이 있으며, 일정 기간 단기 또는 장기 임대가 가능합니다. 2. 성수역...",https://kin.naver.com/qna/detail.naver?d1id=8&dirId=80801&docId=491469932&qb=7J6Q7Leo67CpIOuLqOq4sOyehOuMgA==&enc=utf8,지식iN,
ed5df2e45d502b06101bce4041abfa4e,naver,kin,자취방 단기임대,KW2,공백기의 존재를 확인하기 위함,자취에 대해서 질문이 있습니다.,... 1년도 안 채우고 자취방을 나가면 위약금 있나요? 계약 형태에 따라 다릅니다. 1년·2년 전세계약/월세계약 → 계약... 부담) 단기임대·풀옵션 단기계약 → 계약서에 정해진 중도해지 조항에 따름 (위약금이 명확히 정해진 경우가 많음)...,https://kin.naver.com/qna/detail.naver?d1id=4&dirId=406&docId=491506551&qb=7J6Q7Leo67CpIOuLqOq4sOyehOuMgA==&enc=utf8,지식iN,
261da08481fbb69d3b0bb64e9d0849e5,naver,kin,자취방 단기임대,KW2,공백기의 존재를 확인하기 위함,서울 집값 질문,"안녕하세요!.서울에 자취방 알아보고 있는 학생입니다 혹시 다방이나 이런 곳에서 월세 100/20 이런 곳이 많던데... 피터팬의 좋은 방 구하기: 네이버 카페로 시작한 곳인데, 직거래나 단기 임대 매물을 찾기에 좋습니다. 컴앤스테이...",https://kin.naver.com/qna/detail.naver?d1id=12&dirId=1201&docId=491245509&qb=7J6Q7Leo67CpIOuLqOq4sOyehOuMgA==&enc=utf8,지식iN,
c0bdac31444d8fa1e296400bcd59664c,naver,kin,자취방 단기임대,KW2,공백기의 존재를 확인하기 위함,보증금 싼 이유,"피터팬의 좋은 방 구하기라는 앱에서 서울 자취 방을 보구 이ㅛ는데여 보증금이 없거나 100이런 곳운 왤케 싼건가요???... 선납, 단기임대, 셰어하우스 형태 등 특수 조건이 붙어 있을 수 있으니 계약 전 반드시 조건을 꼼꼼히 확인해야...",https://kin.naver.com/qna/detail.naver?d1id=8&dirId=8080103&docId=491162730&qb=7J6Q7Leo67CpIOuLqOq4sOyehOuMgA==&enc=utf8,지식iN,
0033185bf17960a43b02728b0c3f1f33,naver,kin,자취방 단기임대,KW2,공백기의 존재를 확인하기 위함,"임대차 기간 만료 전 갱신 거절 통지, 이후 임대인이...","... 지금 임대아파트 신청한 것이 있어서 당첨된다면 입주 전까진 지금 자취방에서 살고 싶다""라고 통화로... (녹음본 있음) - 계약서 특약에는 ""본 계약은 1년단기 계약이며, 임대인 임차인은 만기2개월전에 연장유무를 통보한다...",https://kin.naver.com/qna/detail.naver?d1id=4&dirId=4020202&docId=490165373&qb=7J6Q7Leo67CpIOuLqOq4sOyehOuMgA==&enc=utf8,지식iN,
d0708b0c9de400bb5ef9c062f6f3adbf,naver,kin,자취방 단기임대,KW2,공백기의 존재를 확인하기 위함,군 입대전 인터넷 정지 가능한 상품도 있을까요?,내년 초 입대를 앞두고 있는데요! 자취방에서 짧게 인터넷 사용 후 입대 후에는 정지를 시킬수 있는 그런 상품이 있을까요? 그냥 단기 임대로 사용하시면됩니다.,https://kin.naver.com/qna/detail.naver?d1id=1&dirId=1070201&docId=488909025&qb=7J6Q7Leo67CpIOuLqOq4sOyehOuMgA==&enc=utf8,지식iN,
34773e014d5684a16297d41cb59a45a3,naver,kin,자취방 단기임대,KW2,공백기의 존재를 확인하기 위함,자취방 월세 전입신고,"... 공공임대 자격 등 주소 기준 서비스 이용 어려움 회사 주소지 제출 **등본 요구 시 ‘실거주 증명 불가’**로 곤란할 수 있음 단기 거주 + 보증금 적고 우편 불편 감수 가능 → OK 장기 거주 or 회사 제출서류, 보증금 보호 중요 → 피하는...",https://kin.naver.com/qna/detail.naver?d1id=4&dirId=4020202&docId=481632670&qb=7J6Q7Leo67CpIOuLqOq4sOyehOuMgA==&enc=utf8,지식iN,
919ee374c276e91280bbcb23fe8d02ae,naver,kin,자취방 단기임대,KW2,공백기의 존재를 확인하기 위함,고등학생 자취방,"현재 살고있는집은 용인 동백이고 용인 안에서만 자취방을 구하고싶어요 당장 제가 있는돈으로 하고싶은데... 낮거나 없는 매물 우선 검색. - 가능하면 보증금을 줄이고 월세를 높이거나, 단기 임대, 혹은 공유 주택 등을 고려하세요.",https://kin.naver.com/qna/detail.naver?d1id=4&dirId=402&docId=486280305&qb=7J6Q7Leo67CpIOuLqOq4sOyehOuMgA==&enc=utf8,지식iN,
484058cb13c49bc8d6371c459663a51e,naver,kin,자취방 단기임대,KW2,공백기의 존재를 확인하기 위함,집에서 독립해야할까요,... 딱히 나가서 살아야할 필요성을 못느끼고있지만 그래도 자취방이라도 구해서 한번 혼자 살아보는게 좋을까요? 1.... 예: 도심 쉐어하우스나 원룸형 단기임대 3. ‘애 같은 삶’은 외형이 아니라 시선에서 옵니다 지금 느끼는 불안은...,https://kin.naver.com/qna/detail.naver?d1id=4&dirId=406&docId=486095463&qb=7J6Q7Leo67CpIOuLqOq4sOyehOuMgA==&enc=utf8,지식iN,
5559236897cf1630ba18fd0222b07883,naver,kin,자취방 단기임대,KW2,공백기의 존재를 확인하기 위함,전입신고 안해도 전기세 등 할인받을 수 있나요?,"지금 타 지역에 LH 전세임대로 지내다가 갑자기 서울로 일하러 왔습니다. 12월에 LH 만기라 그 전에는 이사를 할 수 없어 단기로 서울에 자취방을 구했는데요, 전입신고는 못하는 상황입니다. 기초생활수급자(주거)라서 전기세 등 할인을...",https://kin.naver.com/qna/detail.naver?d1id=6&dirId=6100101&docId=473108692&qb=7J6Q7Leo67CpIOuLqOq4sOyehOuMgA==&enc=utf8,지식iN,
83a38aa109b88fcb133a1361c3eaa844,naver,kin,자취방 단기임대,KW2,공백기의 존재를 확인하기 위함,이사가려고합니다,"... ② 경기 남부권 추천 수원역 주변: 상권 활발, 일자리 풍부, 고시원 및 단기 임대도 많음 안산 중앙역/고잔: 공단... 많고, 자취방·고시원 풍부 청주 흥덕구: 대도시급 중심지 + 번화가 위치 + 물류 단지 인접 --- 4. 직업 및 일 성향...",https://kin.naver.com/qna/detail.naver?d1id=3&dirId=31501&docId=485686344&qb=7J6Q7Leo67CpIOuLqOq4sOyehOuMgA==&enc=utf8,지식iN,
ca7323f093695d9c6dd0f1ec9a596c11,naver,kin,자취방 단기임대,KW2,공백기의 존재를 확인하기 위함,전입신고 안되는집 전입신고 하면,... 단기임대로 월새 자취방을 구하는중인데 전부 전입신고가 안되는 집이라 하는데 그러면 제 보증금 보증(?)이 어떻게 이루어지는건가요ㅠㅠ!!? 그리고 만약 전입신고 안되는 방을 계약하고 제가 그냥 전입신고를 해버리면 불리한 경우가...,https://kin.naver.com/qna/detail.naver?d1id=6&dirId=60202&docId=485449101&qb=7J6Q7Leo67CpIOuLqOq4sOyehOuMgA==&enc=utf8,지식iN,
48cdde80e16a8ea5e54757c73eb595e3,naver,kin,자취방 단기임대,KW2,공백기의 존재를 확인하기 위함,단기임대 전입신고,지금 자취방을 빼고 단기임대에서 한달 안되게 살게되었는데 본가로 전입신고 무조건 해야하는건가요? 정부24 등 온라인으로도 전입신고 가능한지 문의드립니다 (전출신고도 마찬가지) 전입신고 안해도 되요. 보증금이 크면 하는게...,https://kin.naver.com/qna/detail.naver?d1id=4&dirId=4020201&docId=476997852&qb=7J6Q7Leo67CpIOuLqOq4sOyehOuMgA==&enc=utf8,지식iN,
aa5d2fa8b102ca25e352e8542e24b2cb,naver,kin,자취방 단기임대,KW2,공백기의 존재를 확인하기 위함,자취 전입신고,월세로 단기 자취하는데 꼭 전입신고 해야하나요..? 본래 등본의 거주지가... 자취방은 임시 거주지에 불과하다면 주민등록법 상 전입신고를 할 의무는 없는 것으로 해석됩니다. 물론 상기 다른 분들의 답변과 같이 임차권과 임대보...,https://kin.naver.com/qna/detail.naver?d1id=4&dirId=402&docId=484752009&qb=7J6Q7Leo67CpIOuLqOq4sOyehOuMgA==&enc=utf8,지식iN,
47e972e635c48b4d45d3f7ed8ff016bc,naver,kin,자취방 단기임대,KW2,공백기의 존재를 확인하기 위함,사회초년생 서울 자취방,제가 3월 초에 첫 출근을 하게 되었는데 제가 지금 사는 곳은 지방이고 회사는 서울입니다 현재 집도 못 구한 상태이며 제일 고민이 되는 건 자취방 구하기인데 제가 모아둔 돈도 너무 없고 단기임대 이런것도 알아보는 중인데 월세가...,https://kin.naver.com/qna/detail.naver?d1id=4&dirId=4020202&docId=481394247&qb=7J6Q7Leo67CpIOuLqOq4sOyehOuMgA==&enc=utf8,지식iN,
d3b98e6df8798d8c82cb61639e0038e1,naver,kin,자취방 단기임대,KW2,공백기의 존재를 확인하기 위함,3월마지막주에 자취방 구할 예정입니다,... 자취방을 구하시려는 계획이 있으시군요. 인천과 서울 중 선택하는 것은 중요한 결정이에요. 두 도시 모두... 두 달 계약이라면 보증금이 적고 월세가 높은 단기임대를 찾아보세요. 부동산 앱이나 단기임대 전문 사이트를 활용하면...,https://kin.naver.com/qna/detail.naver?d1id=3&dirId=31501&docId=482553635&qb=7J6Q7Leo67CpIOuLqOq4sOyehOuMgA==&enc=utf8,지식iN,
391729fa26b9c3149304a7383938db39,naver,kin,자취방 단기임대,KW2,공백기의 존재를 확인하기 위함,인천에 자취방을좀 알아보려고합니다,"... 또한, 부평동 필하우스와 같은 무보증 단기 임대 풀옵션 원룸도 고려해보실 수 있습니다. 이러한 매물은 주로 고시원, 원룸텔, 쉐어하우스 형태로 제공되며, 관리비와 공과금이 포함된 경우가 많아 초기 비용 부담을 줄일 수 있습니다....",https://kin.naver.com/qna/detail.naver?d1id=12&dirId=1204&docId=20307119&qb=7J6Q7Leo67CpIOuLqOq4sOyehOuMgA==&enc=utf8,지식iN,
4461327b8d236de52a9611f24b953643,naver,kin,자취방 단기임대,KW2,공백기의 존재를 확인하기 위함,강남구 주변 단기자취방,"... 단기 자취방을 찾을 때는 단기 임대를 전문적으로 취급하는 부동산을 이용하는 것이 안전한데요! 또한, 월 단위 계약이 가능한 오피스텔이나 원룸텔도 단기 거주에 적합한 옵션이 될 수 있습니다. 허위매물을 피하기 위해서는 1....",https://kin.naver.com/qna/detail.naver?d1id=4&dirId=4020202&docId=452898163&qb=7J6Q7Leo67CpIOuLqOq4sOyehOuMgA==&enc=utf8,지식iN,
68583d486d4dbed60a0ac311ab0bb6bb,naver,kin,자취방 단기임대,KW2,공백기의 존재를 확인하기 위함,자취방 원룸,"... 임대인 입장에서는 공실을 방치하는 것보단 단기 임대를 통해 현금을 확보하는 것이 좋기 때문에 매물이 꽤 있는 편이에요. 자취방 계약서, 관련 서류, 문제 상황을 정리한 메모를 준비하시는 것을 추천드려요. 상담 시간이 절약되고...",https://kin.naver.com/qna/detail.naver?d1id=8&dirId=81003&docId=482140377&qb=7J6Q7Leo67CpIOuLqOq4sOyehOuMgA==&enc=utf8,지식iN,
10b08c32bfeb223875f69cc107e81969,naver,kin,자취방 단기임대,KW2,공백기의 존재를 확인하기 위함,청년월세지원 질문,"... 3개월 단기 임대 자취방으로 거주하신다면, 전입신고 후 청년월세지원 신청이 가능합니다. 즉, 3개월 동안 자취방에서 거주하실 경우 월세지원 대상이 될 수 있습니다. 하지만, 3개월 단기임대가 끝나면 남은 기간에 대한 지원은 받을...",https://kin.naver.com/qna/detail.naver?d1id=4&dirId=4020202&docId=481946852&qb=7J6Q7Leo67CpIOuLqOq4sOyehOuMgA==&enc=utf8,지식iN,
ca4743d5153a6a129ab038bf868a1bb3,naver,kin,자취방 단기임대,KW2,공백기의 존재를 확인하기 위함,서울 자취방 질문(내공 100),"... 단기임대 불가능인 방들은 보통 몇년 계약을 해야 되는건가요? 반갑습니다. 조건에 맞춘 최적 매물, 대형 로펌... 혹시나 서울 자취방 관련해서 더 궁금한 점이 있으실까요? 365일 밤 10시까지 언제든 문의 가능해요~! 자세한 내용은...",https://kin.naver.com/qna/detail.naver?d1id=4&dirId=4020202&docId=431867783&qb=7J6Q7Leo67CpIOuLqOq4sOyehOuMgA==&enc=utf8,지식iN,
af6e27914a7d4e7fba8544833cb0b297,naver,kin,자취방 단기임대,KW2,공백기의 존재를 확인하기 위함,집주인에게 협박 당하고 있습니다.,저는 대학생이고 11월에 학교 앞 자취방 단기 임대를 살았었습니다. 본 집주인은 따로 있는 상태에서 계약을 한 세입자가 2달 동안 집을 비우는 기간에 제가 따로 계약서나 보증금 없이 기존 세입자에게 월세만 입금해주는 형태였고...,https://kin.naver.com/qna/detail.naver?d1id=6&dirId=60202&docId=481576817&qb=7J6Q7Leo67CpIOuLqOq4sOyehOuMgA==&enc=utf8,지식iN,
740ceb338fac649d112b064db54cac9d,naver,kin,자취방 단기임대,KW2,공백기의 존재를 확인하기 위함,대학생 자취,... (고등학교3년 내내 기숙사에 살아서 기숙사는 그만가고싶네요..) 네 그렇게 되셔도 상관없는데 자취방 물색 때 '단기임대'가 되는 방 찾아야 됩니다. 보통 자취방 계약은 2년입니다. 하지만 대학가에 학기 하나나 님처럼 1년만...,https://kin.naver.com/qna/detail.naver?d1id=11&dirId=110502&docId=480501811&qb=7J6Q7Leo67CpIOuLqOq4sOyehOuMgA==&enc=utf8,지식iN,
209d1f4d05ed396c53d4d2d477400f53,naver,kin,자취방 단기임대,KW2,공백기의 존재를 확인하기 위함,월세랑 보증금이 동일한 경우는 뭔가요?,"다방으로 서울에 자취방을 알아보는 중인데요 대부분 5000/60, 1000/80 이런식인데 신축으로 보일 정도로 컨디션... 다방은 100개중 90개는 허위 매물일 가능성이 큽니다 허위매물이거나 단기임대 방일 수 있습니다",https://kin.naver.com/qna/detail.naver?d1id=4&dirId=4020202&docId=479869023&qb=7J6Q7Leo67CpIOuLqOq4sOyehOuMgA==&enc=utf8,지식iN,
b3423c3d6b9d9df55bdffdec7ed698b4,naver,kin,자취방 단기임대,KW2,공백기의 존재를 확인하기 위함,자취방질문,"... 대학 입학을 앞두고 자취방을 찾고 계시는군요! 동국대학교와 건국대학교 사이에 자취할 만한 위치를... 이용 기간은 1개월부터 단기 임대가 가능해요. 월 이용료는 50-60만 원대로 약간 비싸다고 생각할 수 있지만, 서울의 중심지...",https://kin.naver.com/qna/detail.naver?d1id=11&dirId=110701&docId=479559551&qb=7J6Q7Leo67CpIOuLqOq4sOyehOuMgA==&enc=utf8,지식iN,
eb05699d549536c4b6d2b1d13786072f,naver,kin,자취방 단기임대,KW2,공백기의 존재를 확인하기 위함,단기임대 월세 양도,안녕하세요 이번에 첫 인턴활동으로 지방에서 서울로 첫 자취방을 구하게되었습니다.(회사 역 부근)딱 출근 전날 집... 두달짜리 단기임대 방을 당근마켓 부동산이나 단기임대어플로 다른 분에게 대신 양도 할 수 있을까요?? 임대인의...,https://kin.naver.com/qna/detail.naver?d1id=4&dirId=4020202&docId=476760583&qb=7J6Q7Leo67CpIOuLqOq4sOyehOuMgA==&enc=utf8,지식iN,
af62a5e93f92b94871b1ce34e3e2b6bf,naver,kin,자취방 단기임대,KW2,공백기의 존재를 확인하기 위함,안양 자취방,"안양역, 명학역 근처 직장 발령이 나서 자취방 알아보고 있는데 보증금 500만원 이하 원룸이나, 쉐어하우스... 특징: 단기 임대 가능하고, 기본 가구(침대, 책상, 의자 등)와 공용 주방, 세탁 시설 등이 제공됩니다. 출퇴근이 편리하며...",https://kin.naver.com/qna/detail.naver?d1id=5&dirId=50501&docId=476188466&qb=7J6Q7Leo67CpIOuLqOq4sOyehOuMgA==&enc=utf8,지식iN,
9a51f338e2da668705e8fbf309b0a548,naver,kin,자취방 단기임대,KW2,공백기의 존재를 확인하기 위함,대학생 자취,"... 아니면 학교 커뮤니티나 SNS에 '단기 임대'를 구하는 글을 올려보는 것도 좋아요. 자취방을 비우는 기간이 비슷하거나, 방학 동안에만 임대를 원하는 사람들이 있을 수 있으니까요. 자취방을 잘 해결하시길 바랄게요!",https://kin.naver.com/qna/detail.naver?d1id=8&dirId=809&docId=475789499&qb=7J6Q7Leo67CpIOuLqOq4sOyehOuMgA==&enc=utf8,지식iN,
57d8b370fd04fb38ac7107e77217196f,naver,kin,자취방 단기임대,KW2,공백기의 존재를 확인하기 위함,자취방 단기임대,"단기임대가 뭔가요...? 월세로 사는걸 짧게사는건가요? 어떻게 보증금이 이랗게 작나요?? 1년 미만으로 단기로 임대하는것을 단기임대라하며, 이것은 임대차보호법으로 보호를 받지 못합니다. 그래서 보증금이 적습니다....",https://kin.naver.com/qna/detail.naver?d1id=4&dirId=4020202&docId=475568152&qb=7J6Q7Leo67CpIOuLqOq4sOyehOuMgA==&enc=utf8,지식iN,
241d6c7ddf22ea87a3edb6057f86499c,naver,kin,자취방 단기임대,KW2,공백기의 존재를 확인하기 위함,청년월세한시특별지원,"... 그런데 6개월간 자취를 하고 연장되면 이어서 하려는데 반년만 단기로 자취방을 구하고 1인가구로 따로... 공공임대주택(공무원임대주택 포함) 거주 1실(방)에 다수가 거주하는 방식의 전대차인 경우(단, 1실에 다수가 거주하는...",https://kin.naver.com/qna/detail.naver?d1id=4&dirId=40308&docId=473455368&qb=7J6Q7Leo67CpIOuLqOq4sOyehOuMgA==&enc=utf8,지식iN,
dd964d85c6a55fac656bb57a57c58308,naver,kin,자취방 단기임대,KW2,공백기의 존재를 확인하기 위함,투룸 단기임대 자취방,피터팬에서 부동산없이 투룸 단기임대방 계약을 했습니다. 3개월로 계약했고 보증금이랑 첫한달 월세+관리비 내고 방을 사용 중인데요. 진짜 도저히 집이 너무 냄새나고 머리아프고 기관지도 안좋아지고 잠을 못잡니다.. 가져다 둔 옷에...,https://kin.naver.com/qna/detail.naver?d1id=4&dirId=4020202&docId=422629331&qb=7J6Q7Leo67CpIOuLqOq4sOyehOuMgA==&enc=utf8,지식iN,
cb13949bdbd1cbbeaa29597b843e4543,naver,kin,자취방 단기임대,KW2,공백기의 존재를 확인하기 위함,원룸 양도 관련해서 질문 있습니다,"... 계약을 하게되면 내년 두달은 단기임대, 혹은 다음 양도 받을 사람을 구해서 다음 계약을 이어드리려고 합니다. 양도를 하게 되면 다음 자취방을 1년동안 계약하고자 하는 사람을 찾아 양도하려고 하는데, 가능한 걸까요? 3. 1년 단위...",https://kin.naver.com/qna/detail.naver?d1id=6&dirId=60202&docId=472962934&qb=7J6Q7Leo67CpIOuLqOq4sOyehOuMgA==&enc=utf8,지식iN,
b05b35019db64e6ecee5c9b183701aa4,naver,kin,자취방 단기임대,KW2,공백기의 존재를 확인하기 위함,자취방을 반년세로 구하려합니다.,... 수 없습니다 당연한것이 임대인 입장에서는 단기임대를 내주었는데 임차인이 주택임대차보호법을 들먹이면서 2년으로 계약기간을 주장해버리면 곤란하기에 이러한것을 방지하고자 계약서에 임대차가 일시사용임을 명백히 해버리죠,https://kin.naver.com/qna/detail.naver?d1id=4&dirId=40202&docId=471961628&qb=7J6Q7Leo67CpIOuLqOq4sOyehOuMgA==&enc=utf8,지식iN,
34c3550cd591ad5eca79de81f6380a3b,naver,kin,자취방 단기임대,KW2,공백기의 존재를 확인하기 위함,20살 (만18세) 자취 부모님동의서 필요한가요?,... 부모님이 바쁘셔서 혼자 부동산 돌아다니면서 자취방 구하고싶은데 부동산 자취방(원룸 단기임대) 계약하려면 부모님 동의서 필요한가요?... 성인인데ㅠ ==> 현재 미성년자인 만큼 임대차 계약을 하는 경우 법정대리인의 동의를...,https://kin.naver.com/qna/detail.naver?d1id=6&dirId=60202&docId=471199304&qb=7J6Q7Leo67CpIOuLqOq4sOyehOuMgA==&enc=utf8,지식iN,
9852f95f470f1d6c02423517eb28feb1,naver,kin,자취방 단기임대,KW2,공백기의 존재를 확인하기 위함,월세 중도퇴실 관련 질문,"자취를 1년만 하고 군대를 가고 싶어서 1년짜리 자취방을 알아봤는데 전부 2년이더라구요.. 근데 지인께서 일단 2년... 중도퇴실을 하는 것보다 애초에 단기임대로 구하는 방법이 있으며, 삼삼엠투와 같은 단기임대 살아보기 앱 들이 잘...",https://kin.naver.com/qna/detail.naver?d1id=4&dirId=4020202&docId=469269072&qb=7J6Q7Leo67CpIOuLqOq4sOyehOuMgA==&enc=utf8,지식iN,
6c4e56dc5763852dd0b74b2b91b73b49,naver,kin,자취방 단기임대,KW2,공백기의 존재를 확인하기 위함,2달정도 월세방 단기임대하는법 알려주세요,"23살 대학생 사회초년생입니다 이번에 방학 2~3달 정도 처음으로 자취방을 들어가려고 하는데요 월세로 구할 방은... 다음부터는 2달 정도 단기임대 구하실 때, 에타나 기타 직거래보다는 삼삼엠투라는 단기임대 앱 사용하시면 안전하게...",https://kin.naver.com/qna/detail.naver?d1id=4&dirId=4020202&docId=469316342&qb=7J6Q7Leo67CpIOuLqOq4sOyehOuMgA==&enc=utf8,지식iN,
cc1fb2dd2d168621df4403d7bfd51a32,naver,kin,자취방 단기임대,KW2,공백기의 존재를 확인하기 위함,자취방 3개월 계약,제가 개인적인 사정으로 3개월정도 자취방 구해야하는 상황인데 3개월도 가능할까요?? 기본적으로 월세는 1년 또는 2년 계약입니다. 단기임대나 원룸텔 고시텔 또는 쉐어하우스로 알아보시는게 부담없을거예요,https://kin.naver.com/qna/detail.naver?d1id=8&dirId=8080101&docId=468490936&qb=7J6Q7Leo67CpIOuLqOq4sOyehOuMgA==&enc=utf8,지식iN,
6b2dd22a9d58ca844945ab92d21c6be4,naver,kin,자취방 단기임대,KW2,공백기의 존재를 확인하기 위함,전세 만기 전 단기 임대,... 자취방을 구하는 중에 당근에서 기존 세입자가 전세로 살던 방을 집주인 허락 하에 월세로 임대를 준다는 곳을 발견했습니다~ 위치나 가격이 적당한 듯 하여 매물도 직접 보고 결정하고 싶은데 제가 합당하게 요구할 수 있는 권리나...,https://kin.naver.com/qna/detail.naver?d1id=4&dirId=4020202&docId=464416485&qb=7J6Q7Leo67CpIOuLqOq4sOyehOuMgA==&enc=utf8,지식iN,
42d8a45a434f4356228d2faf69ad4477,naver,kin,자취방 단기임대,KW2,공백기의 존재를 확인하기 위함,부동산 수수료?,제가 내일 자취방 단기임대로 보러 가는데 진짜 아는게 하나도 없는데 만약 마음에 들지 않아서 계약 안해도 따로 중개인에게 돈을 지불해야 하나요? 얼마정도..,https://kin.naver.com/qna/detail.naver?d1id=6&dirId=60202&docId=460758507&qb=7J6Q7Leo67CpIOuLqOq4sOyehOuMgA==&enc=utf8,지식iN,
7a20ae60ec1681616c4db03fef9fe491,naver,kin,자취방 단기임대,KW2,공백기의 존재를 확인하기 위함,청년주택 때문에 원룸 계약기간 고민입니다,"... 원래 예정이 집에서 청년주택이 될때까지 거주할 계획이었지만 상황이 달라져서 급한대로 자취방을 구해서 나가야... 애매한 상황이지만 6개월 단위로 구할 수 있는 단기임대로 갈지, 그냥 1년 계약을 할지 고민입니다.",https://kin.naver.com/qna/detail.naver?d1id=8&dirId=809&docId=456764193&qb=7J6Q7Leo67CpIOuLqOq4sOyehOuMgA==&enc=utf8,지식iN,
307afd1f7e5c306ae067d842b7bfb141,naver,kin,자취방 단기임대,KW2,공백기의 존재를 확인하기 위함,삼삼엠투 오피스텔 단기임대 구하는데요.,취업해서 곧 서울 올라가는데 지방이라 부동산 가기가 마땅찮아요ㅜㅜ 10월에 2주만 삼삼엠투에서 단기임대로 지내면서 자취방 구하려고 해요. 삼삼엠투에서 보고 있는데 집도 너무 많고 어떤 집을 구해야 할지 모르겠거든요ㅜㅜ 혹시...,https://kin.naver.com/qna/detail.naver?d1id=8&dirId=8080101&docId=454159467&qb=7J6Q7Leo67CpIOuLqOq4sOyehOuMgA==&enc=utf8,지식iN,
9852e979111e658de7b61b13a2f98b0a,naver,kin,자취방 단기임대,KW2,공백기의 존재를 확인하기 위함,"전세집이 경매에 넘어간다음, 남은 차액","살던 전세 자취방이 4000만원이었는데, 23년 3월경에 은행이건 경매를 마친후, 사는 지역이 대전이어서 총 2000만원의... 먼저 선순위의 근저당 때문에, 대항력을 상실한 상황이었고, 현재는 HUG의 도움을 받아 단기임대주택에 살고있는...",https://kin.naver.com/qna/detail.naver?d1id=6&dirId=60202&docId=453108926&qb=7J6Q7Leo67CpIOuLqOq4sOyehOuMgA==&enc=utf8,지식iN,
213e17f1b632981bbd0ee4ae1e54eafe,naver,kin,자취방 단기임대,KW2,공백기의 존재를 확인하기 위함,자취방 임대 단기 양도하기로 하고 갑자스러운 취소...,"안녕하세요 현재 원룸 자취방 임대중인데 방학기간동안 본가에 올라가서 해당 기간동안 단기로 월세 양도하기로 했습니다. 6/20 ~ 8/31 까지로 기간은 2개월10일에 2개월치 월세 받기로 했었고, 계약금 5만원 포함하여 월세...",https://kin.naver.com/qna/detail.naver?d1id=4&dirId=4020202&docId=447584780&qb=7J6Q7Leo67CpIOuLqOq4sOyehOuMgA==&enc=utf8,지식iN,
915b0e616aac01269955646c24580cb5,naver,kin,자취방 단기임대,KW2,공백기의 존재를 확인하기 위함,자취방 대항력,... 근데 자취방으로 주소지가 안되어있으면 대항력이 없어진다고 들었는데 단기가만 주소를 옮겻다 다시 바꿔도... 짧은 기간 전출을 하시는 것이라면 그 사이 집주인이 임대목적물을 담보권을 설정하는 등의 행위를 할 가능성은 낮아...,https://kin.naver.com/qna/detail.naver?d1id=6&dirId=60202&docId=447136980&qb=7J6Q7Leo67CpIOuLqOq4sOyehOuMgA==&enc=utf8,지식iN,
e687c84233b81b526d197c95ee5170f5,naver,kin,자취방 단기임대,KW2,공백기의 존재를 확인하기 위함,바퀴벌레방역업체하고유지질문,원룸 자취방인데 미국 바퀴벌레가 나와서 방역업체 불러서 장농 뒤에는 현미경으로 찍으니 죽은 바퀴벌레 시체가... 제가 현재 거주하는 방에서 일주일에 2-3번만 머물고 잇고 단기임대라 다행히 3개월뒤에는 나가지만.. 업체랑 방...,https://kin.naver.com/qna/detail.naver?d1id=8&dirId=80901&docId=441157939&qb=7J6Q7Leo67CpIOuLqOq4sOyehOuMgA==&enc=utf8,지식iN,
f9d8f3a6406f381a02477a578593004e,naver,kin,자취방 단기임대,KW2,공백기의 존재를 확인하기 위함,한부모 가정 성년자녀 전입신고,"... 현재 한부모가정으로, 아버지와 영구임대 아파트에 거주중입니다. 그러던 와중 단기 인턴에 붙어 별도로 자취방을 구해 전입신고를 해야하는 상황인데 다른 지역으로 전입신고를 할 경우 한부모가정 자격이 박탈되나요?...",https://kin.naver.com/qna/detail.naver?d1id=4&dirId=40202&docId=440781867&qb=7J6Q7Leo67CpIOuLqOq4sOyehOuMgA==&enc=utf8,지식iN,
6c8e914b77b810ed3c8d8e5166ad5ee9,naver,kin,자취방 단기임대,KW2,공백기의 존재를 확인하기 위함,자취방 질문,자취방을 구하려는데 딱 4개월만 있고 싶은데 그게 가능한가요? 4개월만 하는곳 어캐 찾을수있나요 다방이나... 일단 부동산에 전화걸어서 집주인에게 단기임대 가능한지 물어보는게 가장 빠릅니다. 더 궁금한 것이 있다면 채택 후 1:1...,https://kin.naver.com/qna/detail.naver?d1id=8&dirId=8080103&docId=438738689&qb=7J6Q7Leo67CpIOuLqOq4sOyehOuMgA==&enc=utf8,지식iN,
3db7d4a3c76999d87cda56721b2da70c,naver,kin,자취방 단기임대,KW2,공백기의 존재를 확인하기 위함,Lh청년전세임대 조건,"... 쓰고있는데 자취방을 알아보다 너무 비싸더라구요..그러다 이것저것 몇개알아보니 청년전세임대주택 뭐 이런것도 있다 하더라구요 근데 또 조건을... 3순위밖에 없던데 제가 또 월급이 적다생각해서 2잡 3잡 배달, 단기알바같은것...",https://kin.naver.com/qna/detail.naver?d1id=4&dirId=4020201&docId=435832100&qb=7J6Q7Leo67CpIOuLqOq4sOyehOuMgA==&enc=utf8,지식iN,
4256dd54e6e2ddbc1e32f02185a759e3,naver,kin,자취방 단기임대,KW2,공백기의 존재를 확인하기 위함,인천 한달 자취방 (국립생물자원관 근처거나 통근 30분...,"인천에서, 청라국제도시 나 혹은 청라국제도시에서 30분 이내 거리 중에서 딱 2023년 1월 중순부터 2월 중순까지 한달만 살 수 있는 자취방 같은거 없을까요? 여기서 매물정보 확인가능 원룸투룸 > 거래방식 단기임대로 선택하면...",https://kin.naver.com/qna/detail.naver?d1id=12&dirId=1204&docId=435250847&qb=7J6Q7Leo67CpIOuLqOq4sOyehOuMgA==&enc=utf8,지식iN,
3b0e83e39dd053bf0bf8b1d151ca33ac,naver,kin,자취방 단기임대,KW2,공백기의 존재를 확인하기 위함,원룸 단기임대 집주인한테 말해야하나요?,제가 2022-9월부터 2023-8월까지 1년동안 자취방 월세계약을 했는데요. (대학생) 사정상 2월부터 방을 빼고싶어서 학교 에타에 글을 올렸더니 단기임대(2-8월)를 하고 싶다고 연락이 왔어요 이 경우에 제가 집주인한테 연락을 해서...,https://kin.naver.com/qna/detail.naver?d1id=4&dirId=4020202&docId=434866154&qb=7J6Q7Leo67CpIOuLqOq4sOyehOuMgA==&enc=utf8,지식iN,
3a3cf298a9e129a936499f292cf84d9c,naver,kin,자취방 단기임대,KW2,공백기의 존재를 확인하기 위함,원룸 자취방 수도세 납부 질문,... 관리비는 따로 없습니다 혹시나 방을 빼겠다고 얘기할 경우에 뜬금없이 그동안에 수도세를 내라고 할까봐 걱정이되서요 처음엔 무보증 단기임대로 들어왔다가 5년동안 눌러앉은 케이스라 그동안 따로 말없이 월세만 내고 살았거든요...,https://kin.naver.com/qna/detail.naver?d1id=8&dirId=80902&docId=434803967&qb=7J6Q7Leo67CpIOuLqOq4sOyehOuMgA==&enc=utf8,지식iN,
6d893462eb9dd9690357acfa86203de0,naver,kin,자취방 단기임대,KW2,공백기의 존재를 확인하기 위함,월세 자취방 수도세 및 부가적인 질문,... 관리비는 따로 없습니다 혹시나 방을 빼겠다고 얘기할 경우에 뜬금없이 그동안에 수도세를 내라고 할까봐 걱정이되서요 처음엔 무보증 단기임대로 들어왔다가 5년동안 눌러앉은 케이스라 그동안 따로 말없이 월세만 내고 살았거든요...,https://kin.naver.com/qna/detail.naver?d1id=4&dirId=4020202&docId=434803268&qb=7J6Q7Leo67CpIOuLqOq4sOyehOuMgA==&enc=utf8,지식iN,
422a20a2852c8e70234bd79b8461984f,naver,kin,자취방 단기임대,KW2,공백기의 존재를 확인하기 위함,원룸 월세 자취방 수도세 및 부가적인 질문드립니다,... 관리비는 따로 없습니다 혹시나 방을 빼겠다고 얘기할 경우에 뜬금없이 그동안에 수도세를 내라고 할까봐 걱정이되서요 처음엔 무보증 단기임대로 들어왔다가 5년동안 눌러앉은 케이스라 그동안 따로 말없이 월세만 내고 살았거든요...,https://kin.naver.com/qna/detail.naver?d1id=8&dirId=80902&docId=434803246&qb=7J6Q7Leo67CpIOuLqOq4sOyehOuMgA==&enc=utf8,지식iN,
baa1a48101e1cc70e13e18c6ee529029,naver,kin,자취방 단기임대,KW2,공백기의 존재를 확인하기 위함,원룸 자취방 수도세등 부가적인사항 질문드립니다,... 혹시나 방을 빼겠다고 얘기할 경우에 뜬금없이 그동안에 수도세를 내라고 할까봐 걱정이되서요 처음엔 무보증 단기임대로 들어왔다가 5년동안 눌러앉은 케이스라 그동안 따로 말없이 월세만 내고 살았거든요 그리고 벽지 군데군데...,https://kin.naver.com/qna/detail.naver?d1id=4&dirId=4020202&docId=434802348&qb=7J6Q7Leo67CpIOuLqOq4sOyehOuMgA==&enc=utf8,지식iN,
bc599c36bae2fc21578a488e3be5618c,naver,kin,자취방 단기임대,KW2,공백기의 존재를 확인하기 위함,판교역 인근 자취방 구하기,"... 부동산다니며 발품팔기엔 지역간 거리도 상당하고 힘드네요. 단기임대여도 좋습니다. 평소 취미로는 바이크.볼링.골프.등 다양하게 즐기는 편이고 아직 차량은 없습니다. 분당지역 야탑,수내,서현이 좀 싸고 출퇴근이 용이해요.",https://kin.naver.com/qna/detail.naver?d1id=12&dirId=1209150117&docId=434152421&qb=7J6Q7Leo67CpIOuLqOq4sOyehOuMgA==&enc=utf8,지식iN,
a8363d31c50f8ca1221e5e0011834780,naver,kin,자취방 단기임대,KW2,공백기의 존재를 확인하기 위함,자취방 단기임대 후 장기임대 전환 가능 여부 외 여러가지,"... 무보증이 단기 위주인것은 알고 있으나, 장기 납입을 하면 계속 거주할 수 있는것으로 알고있습니다. 이 경우에 계약시 몇 개월 후 보증금 납입으로 월세 내리고 그런 식으로 집주인분과 협의를 봐도 괜찮나요? 3. 투룸으로 입주할...",https://kin.naver.com/qna/detail.naver?d1id=4&dirId=40202&docId=433874674&qb=7J6Q7Leo67CpIOuLqOq4sOyehOuMgA==&enc=utf8,지식iN,
5cd46d06c3ed029109e3e95b24cbcb27,naver,kin,자취방 단기임대,KW2,공백기의 존재를 확인하기 위함,거주지 이전,... 단기 3개월로 자취할려고하는데 제 명의로 계약하면 운전면허증이나 주민등록증 상으로 자취방 주소로 나오게 할 수 있나요? 그렇게 하는 과정이... 신청 하세요 임대 계약서 민증 가지고 주민센터 복지과 가서 신청 하면 됩니다,https://kin.naver.com/qna/detail.naver?d1id=6&dirId=6010102&docId=432900744&qb=7J6Q7Leo67CpIOuLqOq4sOyehOuMgA==&enc=utf8,지식iN,
61f391273164ca397e0766e214f5dcd1,naver,kin,자취방 단기임대,KW2,공백기의 존재를 확인하기 위함,중부대 원룸-놀거리 알려주세요,... 학교 근처 자취방 구하시는 걸 추천드립니다~ 행복한 하루 되세요~! 단기 임대가 필요할땐 '삼삼엠투' 어플에서~! - 앱을 통한 비대면 간편 계약 - 공실 기간 활용 [삼삼엠투 어플 다운로드] [삼삼엠투 홈페이지 살펴보기],https://kin.naver.com/qna/detail.naver?d1id=12&dirId=12130415&docId=431487502&qb=7J6Q7Leo67CpIOuLqOq4sOyehOuMgA==&enc=utf8,지식iN,
8da81ef640f92f64d099a01a556d8a7b,naver,kin,자취방 단기임대,KW2,공백기의 존재를 확인하기 위함,서울 자취 질문,안녕하세요 직장이 압구정역인데 본가에서는 출퇴근 도합 3시간 걸리는게 너무 힘들어서 자취방 구하려고 하는데... 단기 임대가 필요할땐 '삼삼엠투' 어플에서~! - 앱을 통한 비대면 간편 계약 - 공실 기간 활용 [삼삼엠투 어플...,https://kin.naver.com/qna/detail.naver?d1id=8&dirId=809&docId=428985614&qb=7J6Q7Leo67CpIOuLqOq4sOyehOuMgA==&enc=utf8,지식iN,
8c69f1d3f501bb5d1cf69c2d5a623d1e,naver,kin,자취방 단기임대,KW2,공백기의 존재를 확인하기 위함,대학교근처 자취방 단기계약,... 문제는 지금 시기에 빈 방이 있느냐 없느냐의 문제 같아요~! 행복한 하루 되세요~! 단기 임대가 필요할땐 '삼삼엠투' 어플에서~! - 앱을 통한 비대면 간편 계약 - 공실 기간 활용 [삼삼엠투 어플 다운로드] [삼삼엠투 홈페이지 살펴보기],https://kin.naver.com/qna/detail.naver?d1id=4&dirId=4020202&docId=428421348&qb=7J6Q7Leo67CpIOuLqOq4sOyehOuMgA==&enc=utf8,지식iN,
303887ea5100a3a5983f1d0ce1fec2a6,naver,kin,자취방 단기임대,KW2,공백기의 존재를 확인하기 위함,단기 자취방 한달만 연장할 경우,... 계약 당시에 단기 임대만 받는다고 하셔서 자동 갱신은 안 될 거 같아서요...ㅠㅠ 안녕하세요~^^ 작은 도움이 되길 바라며 글을 남깁니다. 서둘러 부동산 또는 집주인에게 문의하세요~ 다음 임차인 계약되기 전에여~ 행복한 하루...,https://kin.naver.com/qna/detail.naver?d1id=6&dirId=60103&docId=429316293&qb=7J6Q7Leo67CpIOuLqOq4sOyehOuMgA==&enc=utf8,지식iN,
54d55c41f9eb5e3e55e27113b3caee6d,naver,kin,자취방 단기임대,KW2,공백기의 존재를 확인하기 위함,광주 하남공단 근처 원룸 있나요?,다음주부터 광산구 하남공단에서 일하게 됬는데요 집이 남구고 차도 없어서 원룸을 자취방을 구하려고합니다 아는게... 광주시 단기 임대가 필요할 때 도움이 될만한 플랫폼 추천드립니다~ 행복한 하루 되세요~! 단기 임대 플랫폼...,https://kin.naver.com/qna/detail.naver?d1id=12&dirId=12050476&docId=426993776&qb=7J6Q7Leo67CpIOuLqOq4sOyehOuMgA==&enc=utf8,지식iN,
546e40a0cf697aee36e2eec387a9764e,naver,kin,자취방 단기임대,KW2,공백기의 존재를 확인하기 위함,대학 신입생 자취방 질문입니다,"... 예전에는 기본 보증금이 300~500만원 이였으나, 대학가 또는 단기 임대의 경우 무보증~1달월세 정도의 보증금 또는 예치금을 받는 경우가 많이 있습니다. 2-1. 살기편한지-교통'주변환경'시설 2-2. 집과 집주인은 어떠한지-내부상태'수도...",https://kin.naver.com/qna/detail.naver?d1id=4&dirId=4020202&docId=408695373&qb=7J6Q7Leo67CpIOuLqOq4sOyehOuMgA==&enc=utf8,지식iN,
766f4dbf0138c65be6a27f6f197f5841,naver,kin,자취방 단기임대,KW2,공백기의 존재를 확인하기 위함,월세 자취방,... 전입+확정일자+거주 하시면 별 문제 없을 것 같습니다~ 단기 임대가 필요할 때 도움이 될만한 플랫폼 추천드립니다~ 행복한 하루 되세요~! 단기 임대 플랫폼 '삼삼엠투' [삼삼엠투 어플 다운로드] [삼삼엠투 홈페이지 살펴보기],https://kin.naver.com/qna/detail.naver?d1id=4&dirId=4020202&docId=408660898&qb=7J6Q7Leo67CpIOuLqOq4sOyehOuMgA==&enc=utf8,지식iN,
ca864949e12c41f0db9d1918ffa1f236,naver,kin,자취방 단기임대,KW2,공백기의 존재를 확인하기 위함,자취방을 단기임대했는데 문제발생,사정이 생겨서 빈방으로 둬야하는데 월세가 아까워서 한달 양도를 했고 상대방과 계약서를 작성했습니다 근데 제가 집주인의 허락을 받지않은 상태에서 계약서를 작성해버렸습니다ㅠㅠ 그동안에 단기임대를 받은 사람이 Tv를 깨서 수리...,https://kin.naver.com/qna/detail.naver?d1id=4&dirId=4020202&docId=423728752&qb=7J6Q7Leo67CpIOuLqOq4sOyehOuMgA==&enc=utf8,지식iN,
9d7b91622646674354b55882512c94af,naver,kin,자취방 단기임대,KW2,공백기의 존재를 확인하기 위함,자취방 부동산 이행각서 질문 드립니다,"... 3개월 이후에 나가면 사용기간이 1년 이전이어도, 보증금을 그대로 받을 수 있나요? 물론입니다. 법적으로 반환해주어여합니다. 저도 이행각서로 단기임대하고있으며 해당기간이후에 나가면 반환해줍니다.",https://kin.naver.com/qna/detail.naver?d1id=4&dirId=402&docId=424086881&qb=7J6Q7Leo67CpIOuLqOq4sOyehOuMgA==&enc=utf8,지식iN,
a525011b5273f46df4802e06f461518a,naver,blog,원룸 가전 대여,KW3,물품 대여 수요,이천 중고침대 사는곳 골린 금액으로 신혼가구 충주까지 이천본점,"▷ 그래서 가전 하나를 관리할 때도 그 순간부터 시작되는 현실 이천에 사는 지인 S씨 이야기예요.... 연장(1개월), 80,000원대여금액(100%), 71,400원 ; 일반수급자(15%), 10,710원 ; 감경대상자(9%), 6,420원...",http://www.bluelog.kr/94958,bluelog.kr,2026-06-18
a320679729386250413ec842d5658753,naver,blog,원룸 가전 대여,KW3,물품 대여 수요,원룸 월세 절약 꿀팁,"혼자 사는 사람들을 위한 월세 절약 완전 가이드 팁 요약 원룸 월세는 생활비의 큰 부분을 차지합니다.... - 전기 사용 패턴 조정: 대기전력 차단 멀티탭, 에너지효율 등급 제품 사용, 오래 켜지는 가전은 시간대...",https://blog.naver.com/sigh14932/224319204160,sigh14932님의 블로그,2026-06-18
0fb937c6116a4157233005ebde17dc62,naver,blog,원룸 가전 대여,KW3,물품 대여 수요,제습기 렌탈 가격 비교 및 후회 없는 브랜드별 선택 가이드,없는 대여의 핵심이에요 장마철 꿉꿉함 때문에 스트레스받기 전에 미리미리 우리 집 환경에 맞는 방식을 꼼꼼하게 비교해 보셨으면 좋겠어요! 혹시 이웃님들은 어떤 브랜드의 가전 관리 서비스를 만족하며...,https://blog.naver.com/jason190/224319197737,잡동사니 BLOG,2026-06-17
1888c29108ede2c03290fab54754d627,naver,blog,원룸 가전 대여,KW3,물품 대여 수요,내 돈 지키는 원룸 이사 비용 반값으로 줄이는 실전 꿀팁,원룸 이사를 앞두고 견적 비교 처음에 대충 알아봤을 때는 소형 가구인데도 생각보다 금액이 높게... 박스 대여나 포장을 맡기면 인건비와 자재비가 그대로 청구되니까요. 벽걸이 TV나 에어컨 같은 특수 가전은...,https://blog.naver.com/wookanmaster/224318615213,스마트머니365,2026-06-17
a0dc19e0a9967350d716c70a115dd560,naver,blog,원룸 가전 대여,KW3,물품 대여 수요,2026 장마 완벽 대비 가이드 | 습기·곰팡이·빨래·건강·음식...,제습기 고르는 법 — 2026년 추천 기준 장마철 필수 가전으로 자리 잡은 제습기. 하지만 잘못 고르면... 적합 원룸·작은 방 1~2개 기준. 가격 20~40만 원대. 이동이 편리하고 소비전력 낮음. 혼자 사는 분들에게...,https://blog.naver.com/niceguygoodlife/224318453742,일상의 생활과 정보를 굿라이프!,2026-06-17
30ff8b36855adf2c229beedde556ca50,naver,blog,원룸 가전 대여,KW3,물품 대여 수요,"창고 사이즈,대부분 같은 데서 한 번 후회해요.","▫ 원룸 한 집 이사 짐 ▫ 가구 일부 + 가전 + 박스 다수 ▫ 대량 재고, 부피 큰 상품 ▫ 큰 장비·시즌... ✔ 사업자등록 주소 제공 ✔ 우편물·서류 수취 대행 ✔ 회의실 시간제 대여 창고 + 비상주를...",https://blog.naver.com/yellobox-official/224316866053,청주 비상주 사무실 & 무인창고 옐로박스,2026-06-15
6f191bbe3c7d91fe2c417c0d264251ec,naver,blog,원룸 가전 대여,KW3,물품 대여 수요,"이사바구니 대여 렌탈, 구르마 끌차 한번에 준비하는 방법","생수, 책, 가전제품처럼 무거운 짐은 몇 번만 옮겨도 체력이 금방 떨어집니다. 이럴 때 구르마 렌탈을... https://smartstore.naver.com/max5082 끌차 대여는 이런 분들에게 추천합니다 끌차 대여는 원룸 이사뿐 아니라 창고...",https://blog.naver.com/max5082/224315774189,대여습관 010-9774-3892,2026-06-14
83970435ae04441a43b4191f763c6fdf,naver,blog,원룸 가전 대여,KW3,물품 대여 수요,노지 캠핑 파워뱅크 대여 가격과 비대면 반납 직접 해본 후기,쓸 가전제품의 소비전력을 미리 계산해 보고 모델을 골라야 해요. 만약 처음 빌려보신다면 어떤... 사서 원룸에 보관하는 것보다는 필요할 때만 대여하는 게 훨씬 경제적이라는 생각이 들더라구요. 1박 2일...,https://blog.naver.com/jason190/224314355854,잡동사니 BLOG,2026-06-13
fb2f89db6121501ca562888404419014,naver,blog,원룸 가전 대여,KW3,물품 대여 수요,삼성 비스포크 견적 인덕션 대여 알아보시나요 신일 나비엔 3구...,◆작은 주방 공간에 실용적인 선택 이 제품은 넓은 공간을 차지하지 않아 좁은 주방이나 원룸... ◆모던한 주방에 포인트가 될 수 있는 디자인 주방 가전은 이제 성능만큼이나 디자인이 중요한 요소가...,https://blog.naver.com/overtly91543/224313385263,overtly91543님의 블로그,2026-06-12
d31c6e747e8a49bd2848722792815431,naver,blog,원룸 가전 대여,KW3,물품 대여 수요,"집이 넓어지는 마법, 스트레스까지 비워낸 셀프스토리지 활용...",이럴 때 요즘 많은 분들이 선택하는 게 바로 미니창고 대여 서비스예요. 집 밖에 나만의 작은... 특히 혼자 사는 분들이 급하게 방을 빼야 할 때 원룸 보관 이사 대안으로 이보다 좋은 건 없을 거예요. 제가 이용...,https://blog.naver.com/extra_space_asia/224313076971,엑스트라 스페이스 셀프 스토리지,2026-06-11
f9f0c0b85b8907731cf65df49ed1ddb9,naver,blog,원룸 가전 대여,KW3,물품 대여 수요,이사박스 대량 구매 혜택,"- 수량 계산 팁: 원룸 기준 책·옷·주방 포함 약 40~50개, 투룸은 80~120개 예상. 집 크기와 물건량에 따라 ±20% 여유를 두세요. 2) 어디서 싸게 구하나(구매·대여 채널) - 대량구매는 온라인 도매(도서관·사무용...",https://blog.naver.com/p68c320/224312590504,p68c320님의블로그,2026-06-11
e8138b2bcaa07d39943a3097b34549cf,naver,cafe,원룸 가전 대여,KW3,물품 대여 수요,"유후인 긴린코 호수의 아늑한 초여름 물안개 산책과 향토 미식 체험, 다비드의 관(DAVIDE NO YAKATA 203 Va...",깔끔한 원룸 형태의 공간과 자유로운 취사 가전을 내 집처럼 편안하게 누릴 수 있는 정갈하고 실속 있는... 자전거 대여 시스템에서는 오직 엔화 지폐나 동전 현찰만 취급하므로 소액의 현금은 항상 가방 미니 파우치에...,http://cafe.naver.com/hassrd/18865,여행가서 모하지,
22ddb1edeab4e1d58a1022ab8acb9499,naver,cafe,원룸 가전 대여,KW3,물품 대여 수요,A동 1층에 바베큐장이? 밀양 도래재자연휴양림 A동 B동 바베큐 예약 방법 및 후기 솔직 정리,"콘도식 원룸 구조, 4·6·8인실, 테라스 테이블 비치, 기본 가전 완비 / - ㅤ 객실은 한 층에 3~5개 정도 들어가 있고, 인원수에 따라 크기가 달라요. 4인실은 부부+자녀 1~2명에 적당하고, 6인실·8인실은 양가 부모님...",http://cafe.naver.com/anamfree/399,전국교통편모음,
901c7eabbf87c8735be057bb25c58ab6,naver,cafe,원룸 가전 대여,KW3,물품 대여 수요,서울 신촌에 있는 원룸건물 임대문의입니다.,3년전 건물 매입 후 올리모델링을해서 가전도 모두 새제품입니다. 이제 원룸 관리도 번거롭고해서 차라리 층 2-3개정도를 에어비엔비 사장님들께 대여를 하면 어떨까해서 글 올립니다. 부동산의 시세는 30억정도이며...,http://cafe.naver.com/maplepath/109412,에어비앤비 호스트 모임[airbnb/공유숙...,
eec2cb54ac08b7ff2426293a44c7e1a4,naver,news,원룸 가전 대여,KW3,물품 대여 수요,[2026 어린이에게 희망을①] 화재로 집 잃은 13세 준현이 “가족 다함께...,"엄마는 남구 송현동에 있는 비좁은 월세 원룸방에 홀로 머물고 있다. 갑작스러운 환경 변화와 눈치가 보이는... 화재가 난 집주인은 6천만원에 달하는 건물 복구비와 내부 집기류, 대여 가전제품들의 변상을 요구하고...",https://www.yeongnam.com/web/view.php?key=20260531021336389,www.yeongnam.com,2026-05-31
5d5da364a1ce52da3232858219c741e5,naver,news,원룸 가전 대여,KW3,물품 대여 수요,"음성군, 강동대 캠퍼스 전입신고 '찾아가는 주소이전 창구' 운영",면접복장 대여 및 가전제품 구독지원 사업 그리고 군복무 청년 상해보험 지원사업 등을 적극 홍보했다. 군 관계자는 “기숙사나 원룸에 실제 거주하면서도 바쁜...,http://www.breaknews.com/1200203,www.breaknews.com,2026-04-14
0ecd175aeac80dea90211cf584cbce51,naver,news,원룸 가전 대여,KW3,물품 대여 수요,"음성군, 강동대 캠퍼스 방문 전입신고 추진","면접복장 대여 및 가전제품 구독지원 사업, 그리고 군복무 청년 상해보험 지원사업 등을 적극 홍보했다. 군 관계자는 ""기숙사나 원룸에 실제 거주하면서도 바쁜 일정이나 정보 부족으로 혜택을 놓치는 학생들이 적지 않다...",https://www.ccreview.co.kr/news/articleView.html?idxno=346385,www.ccreview.co.kr,2026-04-14
f48dcf36f299313bcbebaa8170cf6619,naver,news,원룸 가전 대여,KW3,물품 대여 수요,"음성군, 전입신고 위해 강동대 캠퍼스로 직접 찾아간다","면접복장 대여 및 가전제품 구독지원 사업 그리고 군복무 청년 상해보험 지원사업 등을 적극 홍보했다. 군 관계자는 ""기숙사나 원룸에 실제 거주하면서도 바쁜 일정이나 정보 부족으로 혜택을 놓치는 학생들이 적지 않다...",https://www.ggilbo.com/news/articleView.html?idxno=1152579,www.ggilbo.com,2026-04-14
674364583babb9bde7db9878822b3e4f,naver,news,원룸 가전 대여,KW3,물품 대여 수요,"음성군, 강동대서 찾아가는 주소이전 창구 운영","청년면접복장 대여와 가전제품 구독지원 사업, 군복무 청년 상해보험 지원사업 등을 적극 홍보했다. 군 관계자는 ""기숙사나 원룸에 실제 거주하면서도 바쁜 일정이나 정보부족으로 혜택을 놓치는 학생들이 적지 않다""며...",https://www.ccdailynews.com/news/articleView.html?idxno=2410148,www.ccdailynews.com,2026-04-14
51a0c81cee9a2310e2f9db31a28fb7cb,naver,news,원룸 가전 대여,KW3,물품 대여 수요,"음성군, 강동대서 '찾아가는 주소이전 서비스' 운영","면접복장 대여 및 가전제품 구독지원 사업 그리고 군복무 청년 상해보험 지원사업 등을 적극 홍보했다. 군 관계자는 ""기숙사나 원룸에 실제 거주하면서도 바쁜 일정이나 정보 부족으로 혜택을 놓치는 학생들이 적지 않다...",https://www.joongdo.co.kr/web/view.php?key=20260414010004036,www.joongdo.co.kr,2026-04-14
d2f1de0a21185f6f3952733d2cb3b955,naver,news,원룸 가전 대여,KW3,물품 대여 수요,“월세 미납에 집까지 망가뜨려⋯” 정신 나간 세입자 입길,옵션 가전은 버려야 할 지경이었다. 몰래 동물을 키웠는지 지린내도 진동했다”고 토로했다. A씨에 따르면... 그는 “세입자가 18개월간 원룸 월세를 연체해 ‘보증금 500만원을 돌려줄테니 나가달라’고 제안했으나...,https://www.ilyosisa.co.kr/news/article.html?no=252248,www.ilyosisa.co.kr,2025-10-23
f99d80b225ed065a94ec2fd9e84c0839,naver,news,원룸 가전 대여,KW3,물품 대여 수요,"[E-로컬뉴스] 순천시, 고흥군, 보성군 소식",특히 면접 정장과 소품을 무료로 대여해주는 '꿈청의상실'은 청년들의 면접 비용 부담을 줄이는 실용적인... 투입돼 △원룸형 단독 및 다가구 주택 11호 △세대별 텃밭 △공동 실습농장 △농자재 보관창고 등을 갖춘...,https://www.ekn.kr/web/view.php?key=20250516023097573,www.ekn.kr,2025-05-16
2cdac2ba5136819221b032c085eae462,naver,news,원룸 가전 대여,KW3,물품 대여 수요,한 달 임대도 OK… 주방·거실 공유 ‘코리빙’ 살아볼까,"예를 들어 대학생이 월세로 원룸에 살게 되면 최소 1년 이상을 계약해야 한다. 방학을 맞아 부모님 집에... 한 코리빙 입주민은 “TV와 책상, 의자 등 가전·가구 대여도 가능하다 보니 주거나 이사 부담이 적다”고 했다....",https://www.chosun.com/economy/real_estate/2025/04/08/B7FL7IS4HVEKBHA7XVE23GRZEI/?utm_source=naver&utm_medium=referral&utm_campaign=naver-news,www.chosun.com,2025-04-08
589e567d86059d6411dcb85019a3aca0,naver,news,원룸 가전 대여,KW3,물품 대여 수요,"[오늘의 유통가] 골프존GDR아카데미, 하나투어와 MOU 체결 外","상품으로 원룸이나 드레스룸, 세탁실 등 작은 방에서 사용하기 좋은 '보아르 모아 미니 제습기(1.2L/3.2L)'를 각각 할인가 4만9900원, 9만9000원에 준비했다. 이 외 서큘레이터와 이동식 에어컨 등 총 30여종의 여름 가전도...",https://dealsite.co.kr/articles/122566,dealsite.co.kr,2024-05-14
ef926a19ae6952836e17ee4a17a8059d,naver,news,원룸 가전 대여,KW3,물품 대여 수요,"혼자 살고 싶은데…""외로운 건 싫어"" 1인가구 몰려가 사는 곳",지하에 있는 컨퍼러스룸을 대여해 사업설명회를 진행하는 등 거주와 일이 한 건물에서 이뤄지고 있다. 그는... 앱 하나로 집에 있는 가전 등을 원격 조정이 가능해 미국에서도 손쉽게 집의 상태를 확인할 수 있다고 했다....,http://news.mt.co.kr/mtview.php?no=2023062414574251173,news.mt.co.kr,2023-06-25
da76a3781b61f4b2d804ef72ca604b0b,naver,news,원룸 가전 대여,KW3,물품 대여 수요,"[인터뷰]""그저그런 내 차가 테슬라로?""…드림에이스, 모빌리티 생태계를...","따라 가전·가구 등을 채우듯 드림에이스의 IVI 효용도 이와 비슷하다는 취지다. 이세연 CCO는 ""원룸에... 반납과 대여의 흐름을 제어하는 식이다. 이밖에 운전자의 사고 정보와 주행 습관이 고스란히 기록으로 남는 만큼...",https://www.nocutnews.co.kr/news/5943869,www.nocutnews.co.kr,2023-05-16
b8e1de66eeb81f731ef0ed2604e03f55,naver,news,원룸 가전 대여,KW3,물품 대여 수요,"삼성전자, 2023 월드IT쇼 참가… ""갤럭시 S23 시리즈가 선사하는 일상의...","전시 부스에는 '차박', '대학 강의실', '원룸' 등 일상생활의 다양한 공간도 마련됐다. 삼성전자는 '갤럭시... 삼성전자는 기간 중 전시 부스에서 '갤럭시 S23 시리즈'를 대여해주는 '갤럭시 오픈 투 고 (Galaxy Open To Go)...",https://kr.aving.net/news/articleView.html?idxno=1778490,kr.aving.net,2023-04-22
77124b679f4f58dab8a8938e743cbe58,naver,news,원룸 가전 대여,KW3,물품 대여 수요,"""일상이 바뀐다"" 20대도 꽂힌 K-디지털","디지털 가전까지 혁신적 변화를 가져올 정보통신기술(ICT)의 현재와 미래를 가늠할 수 있도록 구성됐다.... 차박, 대학 강의실, 원룸 등 MZ세대의 취향과 생활방식에 맞춘 다양한 공간 속에서 갤럭시S23 시리즈와 갤럭시...",http://www.dailyimpact.co.kr/news/articleView.html?idxno=96487,www.dailyimpact.co.kr,2023-04-20
d5d8b4d85369783dfce33777fddad9f3,naver,news,원룸 가전 대여,KW3,물품 대여 수요,'월드IT쇼'에 삼성·LG電 떴다… 갤럭시S23·올레드TV 뽐내,"(사진=삼성전자 전시 부스에는 '차박', '대학 강의실', '원룸' 등 일상 생활의 다양한 공간도 마련됐다.... 삼성전자는 기간 중 전시 부스에서 '갤럭시 S23 시리즈'를 대여해주는 '갤럭시 오픈 투 고 (Galaxy Open To Go)...",http://www.getnews.co.kr/news/articleView.html?idxno=623985,www.getnews.co.kr,2023-04-19
c4a8995be9d793a865fd22f8235a769b,naver,news,원룸 가전 대여,KW3,물품 대여 수요,"삼성·LG, '월드IT쇼' 참가…최신 기술과 라이프스타일 접목",또 전시 부스에는 △차박 △대학 강의실 △원룸 등 일상 생활의 공간을 마련했다. 이곳에서 △갤럭시 S23... 삼성전자는 기간 중 전시 부스에서 갤럭시 S23 시리즈를 대여하는 '갤럭시 오픈 투 고(Galaxy Open To Go)...,https://www.nocutnews.co.kr/news/5929995,www.nocutnews.co.kr,2023-04-19
b44b36b97eca59e304c920d59fafce51,naver,news,원룸 가전 대여,KW3,물품 대여 수요,"[산업 이모저모] ""한 번에 9벌까지 관리 가능""...삼성전자, '비스포크 에...",[사진=LG전자] ㅇ..LG전자는 공간·가전·서비스를 융합해 차별화된 고객경험을 제공하는 새로운 주거공간... 이번에 공개한 스마트코티지 시제품은 복층 원룸 구조로 31.4m2(약 9.5평) 크기다. 거실과 주방이 한 공간에...,http://www.greened.kr/news/articleView.html?idxno=301409,www.greened.kr,2023-03-03
f16a0eb3e292bd4f6e7467fccc87ce8c,naver,news,원룸 가전 대여,KW3,물품 대여 수요,[자막뉴스] '숙식 제공해드립니다'...수상한 원룸에서 벌어진 일,"원룸 문을 열고 들어가니 생활 쓰레기와 작은 가전제품이 어지러이 널려 있습니다. 대포 통장을 유통한... 3년 동안 대포 통장을 인터넷 도박 사이트나 전화사기 조직에 빌려주고 달마다 대여료를 받아서, 모두 212억 원을...",https://www.ytn.co.kr/_ln/0134_202302201050496764,www.ytn.co.kr,2023-02-20
639ee6a8113aaf04f7524b1fb22664b1,naver,news,원룸 가전 대여,KW3,물품 대여 수요,노숙인 이름으로 대포 통장 천 개...'검은돈' 12조 원 통로,"[기자] 원룸 문을 열고 들어가니 생활 쓰레기와 작은 가전제품이 어지러이 널려 있습니다. 대포 통장을... 3년 동안 대포 통장을 인터넷 도박 사이트나 전화사기 조직에 빌려주고 달마다 대여료를 받아서, 모두 212억 원을...",https://www.ytn.co.kr/_ln/0103_202302192246496166,www.ytn.co.kr,2023-02-19
3872e4b286c998c4adb94a402dd0b22c,naver,news,원룸 가전 대여,KW3,물품 대여 수요,노숙인 이름으로 대포 통장 천 개...'검은돈' 12조 원 통로,"[기자] 원룸 문을 열고 들어가니 생활 쓰레기와 작은 가전제품이 어지러이 널려 있습니다. 대포 통장을... 3년 동안 대포 통장을 인터넷 도박 사이트나 전화사기 조직에 빌려주고 달마다 대여료를 받아서, 모두 212억 원을...",https://www.ytn.co.kr/_ln/0103_202302191326530487,www.ytn.co.kr,2023-02-19
02ee99be20d9a2ac2a898f9f3feb6d50,naver,news,원룸 가전 대여,KW3,물품 대여 수요,노숙인 이름으로 대포 통장 천 개...조폭 가담 유통조직 검거,"[기자] 원룸 문을 열고 들어가니 생활 쓰레기와 작은 가전제품이 어지러이 널려 있습니다. 대포 통장을... 3년 동안 대포 통장을 인터넷 도박 사이트나 전화사기 조직에 빌려주고 달마다 대여료를 받아서, 모두 212억 원을...",https://www.ytn.co.kr/_ln/0103_202302191024335735,www.ytn.co.kr,2023-02-19
f2ec0af2b69820a9f5bc1a7b639de4a0,naver,news,원룸 가전 대여,KW3,물품 대여 수요,"결혼전 임시 주거 옛말…요즘 월셋집, 몸만 들어가면 되네 [혼잘혼살]",분리형 원룸까지 다양한 구조 내부는 이케아·무인양품 등의 가구로 꾸며져 있다. 붙박이가 아닌 구독(대여)... 에피소드의 경우 기본 룸과 가구와 가전이 모두 구비된 ‘풀 퍼니시드 룸’으로 구성된다. 가전과 가구가...,https://www.joongang.co.kr/article/25069435,www.joongang.co.kr,2022-05-08
0405f94a3d43b93a55fbb6e06eab396d,naver,news,원룸 가전 대여,KW3,물품 대여 수요,어린이가 어른의 스승 되는 메타버스,크리에이터 한 3~4%가 전체 공간에 에너지를 다 공급한다고 보면 됩니다.” 월 160만 원씩 버는 게임 생태계... 전문적으로 대여해 주는 사람도 있는데 택시 회사처럼 사납금을 받는 경우도 있습니다. 완전히 새로운 직업...,https://shindonga.donga.com/3/all/13/3158152/1,shindonga.donga.com,2022-01-30
6f2462ad54fc798f72fee75b7569b815,naver,news,원룸 가전 대여,KW3,물품 대여 수요,[1인가구 단신] 광주 동구 지원1동 1인가구에 밑반찬 나눔봉사 外,"장기대여 서비스 '또타스토리지(T-Storage)'가 오는 28일부터 12개 역(13개소)으로 확대 운영된다. '또타스토리지'는 캠핑용품, 계절의류처럼 당장 사용하지 않는 물건부터 소형가전·가구까지 기간 제한 없이 이용자가 직접...",http://www.dailypop.kr/news/articleView.html?idxno=51989,www.dailypop.kr,2021-06-24
e65c93f1aa4aec262dc80a42c340a87d,naver,news,원룸 가전 대여,KW3,물품 대여 수요,"1인 가구 집중하는 스타트업, 렌탈 서비스→쉐어하우스","소형 주택에 거주하는 인구가 증가했고, 공간 부족으로 인해 소유보다는 렌탈(대여) 서비스 등이 발전했다.... 고가의 가전기기 렌탈 서비스를 제공하는 서비스를 제공한다. 또 좁은 원룸 등 빨래 건조가 어렵거나, 큰...",http://www.slist.kr/news/articleView.html?idxno=257853,www.slist.kr,2021-06-08
c6f32d002aec4ba84ce136a0d392cbfd,naver,news,원룸 가전 대여,KW3,물품 대여 수요,늘어나는 1인 가구를 위한 스타트업,"소형 주택에 거주하는 인구가 증가했고 이에 따른 공간 부족으로 스마트 가구부터 짐 보관 및 물품 대여... ‘퍼플렉스’는 의류 건조기, 식기 세척기, 인덕션, 음식물 처리기 등 1인 가구가 선뜻 구입하기 어려운 가전기...",https://www.venturesquare.net/830521,www.venturesquare.net,2021-06-07
92b843d0b1e1ecc3d79064fd36b88b21,naver,news,원룸 가전 대여,KW3,물품 대여 수요,"집 좁아 걱정?…캠핑장비도, 패딩도 퇴근길에 꺼낸다","대여할 수 있다. 이후에는 24시간 언제라도 창고에 들러 물건을 추가로 넣거나 찾을 수 있다. 개인용 창고로 이용하는 사람이 증가하면서 창고에 맡기는 짐의 종류도 다양해졌다. 지금 계절에 맞지 않는 옷과 이불, 가전뿐...",http://news.mk.co.kr/newsRead.php?no=321321&year=2021,news.mk.co.kr,2021-04-04
c0636e7becd01f3fbb3f0f9907ad93f6,naver,news,원룸 가전 대여,KW3,물품 대여 수요,"구광모의 LG, ‘착한 기술’로 코로나19 극복 위한 실질적 지원 앞장","동반성장펀드는 은행과 연계해 무이자 예탁금을 재원으로 저리의 자금 대여를 지원하는 프로그램이다.... LG디스플레이 구미 기숙사는 경북 구미시 2공단에 위치하고 있으며, 연면적 2만5천㎡로 욕실을 갖춘 원룸 형태...",https://www.wikitree.co.kr/articles/582999,www.wikitree.co.kr,2020-10-21
e2cbd399b02a2d9b5a13823626108069,naver,news,원룸 가전 대여,KW3,물품 대여 수요,돌도 지나지 않은 두 자녀 숨지게 한 20대 부부 ‘무죄’,모텔과 원룸 등을 전전하며 생활하던 중 황씨는 2016년 9월14일 강원 원주의 한 모텔방에서 둘째딸을 두꺼운... 상당 가전제품을 대여한 점은 유죄로 인정됐다. 재판부는 “피고인들이 사실관계를 인정하고 반성하는...,http://moneys.mt.co.kr/news/mwView.php?no=2020081316498099998,moneys.mt.co.kr,2020-08-13
c991f2d442f89163d1588a4b0e870dd9,naver,news,원룸 가전 대여,KW3,물품 대여 수요,강남 한복판에 `별별물건` 보관하는 창고,"일단 대여계약을 맺으면 고객은 24시간 언제라도 창고에 들러 물건을 추가로 넣거나 찾을 수 있다. 공유창고에 보관되는 짐은 다양하다. 수납 공간이 부족한 1·2인 가구는 겨울 옷·이불이나 계절가전, 책, 가구 등...",http://news.mk.co.kr/newsRead.php?no=731186&year=2020,news.mk.co.kr,2020-07-16
f7182cfb241e6e7907e6992c4f90616b,naver,news,원룸 가전 대여,KW3,물품 대여 수요,땅값 비싼 강남 한복판에 웬 창고가?,"일단 대여계약을 맺으면 고객은 24시간 언제라도 창고에 들려 물건을 추가로 넣거나 찾는것이 가능하다. 공유창고에 보관되는 짐은 다양하다. 수납공간이 부족한 1~2인 가구의 경우 겨울 옷·이불이나 계절가전, 책, 가구...",http://news.mk.co.kr/newsRead.php?no=730110&year=2020,news.mk.co.kr,2020-07-16
84d00e6e1dabf12a743914bbe3783142,naver,news,원룸 가전 대여,KW3,물품 대여 수요,"[기업, 위기에 빛발하는 사회공헌]LG ""함께 이겨냅시다""...코로나19 감염...","동반성장펀드는 기업은행과 연계해 무이자 예탁금을 재원으로 저리 자금 대여를 지원하는 프로그램이다.... LG디스플레이 구미 기숙사는 경북 구미시 2공단에 위치하고 있으며, 연면적 2만5000㎡로 욕실을 갖춘 원룸...",http://www.newsis.com/view/?id=NISX20200319_0000961446&cID=13001&pID=13000,www.newsis.com,2020-03-20
0b40ba039a08d68c1adc031b85564f0e,naver,kin,원룸 가전 대여,KW3,물품 대여 수요,제주이사 비용,... 1층 원룸이라 옷 이불짐 등이 여러개 가구는 접이식 테이블 옷장하나 전신거울 정도 가전은 컴퓨터 전자레인지 정도 포장은 거의다 됏는데 자질구레한 짐들이 많아서 이사박스 같은거 미리 대여되는지도 궁금해요 안녕하세요...,https://kin.naver.com/qna/detail.naver?d1id=8&dirId=810&docId=273637537&qb=7JuQ66O4IOqwgOyghCDrjIDsl6w=&enc=utf8,지식iN,
d802a5a1a7e8f5f23794e5c4b86fcfcd,naver,kin,원룸 가전 대여,KW3,물품 대여 수요,영등포 원룸 청소업체,"... 비용으로 가전제품 내부 청소도 가능해요. 깨끄타다: 이 업체는 화장실, 세면대, 바닥 타일 등 원룸의 주요 공간을 전문적으로 청소해요. 친환경 세제를... 또한, 청소 도구 대여 서비스를 제공하는 업체들도 있어요. 예를 들어, 아정당...",https://kin.naver.com/qna/detail.naver?d1id=8&dirId=80901&docId=492569913&qb=7JuQ66O4IOqwgOyghCDrjIDsl6w=&enc=utf8,지식iN,
ecef097d582ebbe07906c3598132fe1f,naver,kin,원룸 가전 대여,KW3,물품 대여 수요,이사비용문의,"... 이사박스도 대여해주실 수 있는곳이었음 좋겠습니다! 침대는 분해해서 옮겨야하는데 분해도 같이 도와주셨으면... 이사 거리가 멀지 않고, 원룸 짐에 가전제품이 소형 위주라 이 정도면 충분히 가능합니다. 침대 분해 및 조립: 일부...",https://kin.naver.com/qna/detail.naver?d1id=8&dirId=81002&docId=477718606&qb=7JuQ66O4IOqwgOyghCDrjIDsl6w=&enc=utf8,지식iN,
81d252993f54df87ac07b2c502198183,naver,kin,원룸 가전 대여,KW3,물품 대여 수요,특수청소 비용,"... 원룸에있는 크기의 냉장고) 3단 김치냉장고 2칸짜리 장롱, 12kg세탁기 혼자 처리하기 힘들꺼같아서ㅠㅠ 특수청소하면 방도 싹 치워주고 이런 가구나 가전... - 장비 대여비: 장비를 대여할 경우에는 대여비가 추가됩니다. 방의 크기...",https://kin.naver.com/qna/detail.naver?d1id=8&dirId=80901&docId=475298921&qb=7JuQ66O4IOqwgOyghCDrjIDsl6w=&enc=utf8,지식iN,
0d4bdcd33ac78eb1d9fc577bc018efdb,naver,kin,원룸 가전 대여,KW3,물품 대여 수요,"서울 침대,책장,책상 2주간 보간 가능한곳 있을까요?","안녕하세요 원룸에서 짐 빼구 이제 본가로 가려하는데 사용하던 침대, 책장... 거의 컨테이너 대여는 한달기준에 14만원 정도 하더라구요ㅜ 딱 2주 5-7만원... (가구·가전)은 함께 배치해 드리고, 고객님께서 잔짐만 정리하시는...",https://kin.naver.com/qna/detail.naver?d1id=8&dirId=81003&docId=435738136&qb=7JuQ66O4IOqwgOyghCDrjIDsl6w=&enc=utf8,지식iN,
6a9f02e242feca0e71af2d104837bb3e,naver,kin,원룸 가전 대여,KW3,물품 대여 수요,원룸 이사 비용 문의 : 서울 - 전라도 광주,"원룸 이사 비용과 날짜 가능한지 문의합니다. -6/11 토요일 -서울에서 전라도... 바구니 대여해서 제가 하려구요. 전 날 바구니는 대여 가능한가요? 6/11 이... (가구,가전)은 함께 배치해드리고 고객님께서 잔짐만 정리하시는 이사입니다...",https://kin.naver.com/qna/detail.naver?d1id=8&dirId=81001&docId=421193328&qb=7JuQ66O4IOqwgOyghCDrjIDsl6w=&enc=utf8,지식iN,
4874bef9e2900984f15dc9ee8064c65e,naver,kin,원룸 가전 대여,KW3,물품 대여 수요,인천 부평구에서 부산 서구 원룸소형이사 견적...,... 식품이 있어 아이스박스 대여 원합니다. 1인 동승 원합니다. 안녕하세요 질문자님 이사 계획중이시군요 제가 도움이 될만한 정보 알려드려도 될까요? ★이사할때 폐가전이 문제라면(검색창에 '폐가전무료수거') -실제 사이트이름은...,https://kin.naver.com/qna/detail.naver?d1id=8&dirId=810&docId=411268040&qb=7JuQ66O4IOqwgOyghCDrjIDsl6w=&enc=utf8,지식iN,
02690f40ddf7349139f9712e6952d6a3,naver,kin,원룸 가전 대여,KW3,물품 대여 수요,원룸 이사 예약,"... 원룸인데 입주 날짜가 맞지 않아서 보관 이사 하려고 합니다 1월 28일... 박스 대여 필요하고 제일 저렴하게 가고 싶은데 얼마 정도 되나요? 2. 집 주인... (가구·가전)은 함께 배치해 드리고, 고객님께서 잔짐만 정리하시는...",https://kin.naver.com/qna/detail.naver?d1id=8&dirId=81003&docId=409760997&qb=7JuQ66O4IOqwgOyghCDrjIDsl6w=&enc=utf8,지식iN,
a743d0bef034068775e5eabb40e8b7f7,naver,kin,원룸 가전 대여,KW3,물품 대여 수요,원룸 투룸 자취하는데 옷 많은 분들,"원룸 투룸 자취하는데 옷 많은 분들 어케 정리하세여 안녕하세요! 일상을... 개인창고 대여 서비스⭐를 제공하고 있습니다. 1.회원제 운영! 2.철저한... 많은 분들이 소형 가전, 가구, 계절용품 등 많이 보관하고 있으세요. 또한...",https://kin.naver.com/qna/detail.naver?d1id=8&dirId=8080101&docId=405699591&qb=7JuQ66O4IOqwgOyghCDrjIDsl6w=&enc=utf8,지식iN,
5d79f1b9bd157f5ff5cfeb3e8ad150a6,naver,kin,원룸 가전 대여,KW3,물품 대여 수요,기숙사 짐정리 짐보관문의,"기숙사에서 나와서 잠깐 한 한달정도 원룸에 있는 짐을 옮기고 짐보관을... 개인창고 대여 서비스⭐를 제공하고 있습니다. 1.회원제 운영! 2.철저한... 많은 분들이 소형 가전, 가구, 계절용품 등 많이 보관하고 있으세요. 또한 1인...",https://kin.naver.com/qna/detail.naver?d1id=8&dirId=81003&docId=399070851&qb=7JuQ66O4IOqwgOyghCDrjIDsl6w=&enc=utf8,지식iN,
4aa596d19bfcce138afad335b4370c0d,naver,kin,원룸 가전 대여,KW3,물품 대여 수요,"안녕하세요, 원룸 이사 준비중인 여학","안녕하세요, 원룸 이사 준비중인 여학생입니다.여학생 혼자 살고 있고 가구는 5단서랍장, 전신거울 외에가전 오븐,컴퓨터,전기밥솥,미싱 등 밖에 없구요옷짐... 아니면 박스를 미리 대여해주시거나 제가 박스를 구해서 포장 후에...",https://kin.naver.com/qna/detail.naver?d1id=8&dirId=81002&docId=401243433&qb=7JuQ66O4IOqwgOyghCDrjIDsl6w=&enc=utf8,지식iN,
f86679ea5e3f6d3ee8341ca21654e1a1,naver,blog,자취 가전 대여,KW3,물품 대여 수요,"[기록용] 필터없는 나의 결혼후기 2탄 : 혼주한복, 드레스피팅...",한복 대여 혼주한복은 반납이 편할 수 있게 웨딩홀 5-10분 거리에서 대여했다 다행히 한복집들도 많아서... 02 자취를 하게되면 생각보다 돈이 많이 든다 돈을 더 저축하기 위해서 03 엄마가 해준 밥... 빨래.. 청소....,https://blog.naver.com/hnkhj/224314098880,끌리는 대로 일상을 담다,2026-06-12
1e764ab836c7992362326764e4075e68,naver,blog,자취 가전 대여,KW3,물품 대여 수요,자취 생활비 아끼는 실속 방법,"자취 생활비 아끼는 실속 방법 집에서 혼자 살아가는 자취생들은 자연스럽게 비용 부담이 커지기... 예를 들어, 가구나 가전제품 공유 서비스를 통해 구매 대신 대여하는 방식이 비용을 크게 낮춰줄 거예요. 또...",https://blog.naver.com/angkelloss2751/224304378868,구름빛하늘,2026-06-11
00e089ab4c9bf2bf646b66456e504dc0,naver,blog,자취 가전 대여,KW3,물품 대여 수요,예비맘 출산 육아용품 비용 정리 (+실제 지출 내역),"결혼하면서 가전, 가구 대부분은 남편과 제가 자취생활할 때 사용하던 걸 가지고 왔고, 3대... ✅️ 중고나 대여 제품은 사고 이력을 알 수 없다는 치명적인 단점이 있기 때문에 새 상품을 구입했답니다....",https://blog.naver.com/life-is-beautiful/224308140571,해외영업 워킹맘의 두번째 커리어,2026-06-07
f58bd82b4ed86afcc4c8591f990658a9,naver,blog,자취 가전 대여,KW3,물품 대여 수요,도쿄 생활비 현실 공개 2026 월 얼마면 도쿄에서 살 수 있나?,"먹느냐 — 자취 vs 외식, 월 5만엔 vs 15만엔 차이 어떻게 이동하느냐 — 지하철 정기권 vs 자전거, 월... 가구·가전 포함 (풀옵션) 별도 구매 필요 인터넷 포함 별도 계약 필요 초기 총 비용 약 5~10만엔 약...",https://blog.naver.com/peaccelover/224301443490,Peacelover,2026-05-31
52cb1af963c9d0c63eb523220b314145,naver,blog,자취 가전 대여,KW3,물품 대여 수요,자취생 필수 가전제품 고를 때 주의할 점,대여나 옵션 가구 활용하여 예산 절약하기 마지막으로 자취생 필수 가전제품 고를 때 주의할 점은 무조건 모든 가전을 새 제품으로 구매하려고 욕심부리지 않는 것입니다. 최근에는 풀옵션 원룸이 많아서...,https://blog.naver.com/cgkang80/224299892030,소통과 공유,2026-05-29
8df9f653f85916d9d244cbd470d1880e,naver,blog,자취 가전 대여,KW3,물품 대여 수요,[60대건강경제인문학] 동의보감 60대 맞춤 생체 리듬 관리법과...,"안전 대여 전환 한도 초과 시, 매달 정기적 이자 송금 증빙을 남기고 제3자 확정일자를 받은 차용증을 구비하여 [비과세 혜택] 간접 방어 2. 오장육부 생체 시계를 다스리는 양생의 지혜와 시간 분산 비법: 분할...",https://blog.naver.com/lifestudyhard/224299491363,lifestudyhard님의 블로그,2026-05-29
cf324b211b6e1675b8e071f40e8475e9,naver,blog,자취 가전 대여,KW3,물품 대여 수요,자취 필수가전 음식물 처리꿀팁 미니 음식물처리기 추천 쉘퍼...,'이 글은 쉘퍼로부터 제품을 대여받아 직접 체험 후 솔직하게 작성한 후기입니다' 저는 아직도 음식물 쓰레기통에 대한 거부감 있습니다 '그래서 오늘 자취생들이 쓰기 좋은 건조분쇄형 음식물처리기를...,https://blog.naver.com/aaaa0746/224297426951,부산에서 살아남기,2026-05-28
ef276706e27002714f5a14108f4e7e51,naver,blog,자취 가전 대여,KW3,물품 대여 수요,우리 이제 그만 사귀고 결혼을 해보자!,"그리고 각자 자취하며 살면서 가전가구도 하나씩 사모아와서 딱히 혼수에도 큰돈이 필요하지 않게... 그리고 다가올 웨딩 촬영을 위해 우렁씨의 촬영용 예복 대여를 하러 떠났습니다! 그리고 그 사이에, 만기가...",https://blog.naver.com/mj3169/224298328737,밍밀로그,2026-05-27
2803489c534ea97a57c7e13a1fb30ca9,naver,blog,자취 가전 대여,KW3,물품 대여 수요,"몰라서 놓치는 주민센터 무료 혜택 10가지, 지금 확인 안 하면...",무료 대여 서비스를 운영하고 있습니다! 필요할 때만 잠깐 빌려 쓰면 되니까 돈도 아끼고 집도 훨씬 깔끔하게 유지할 수 있더라고요 :) 자취를 하시는 분이거나 미니멀 라이프 좋아하는 분들이라면 진짜 만족할...,https://blog.naver.com/popo-space/224289660324,포포의 소소한 공간,2026-05-19
3b60ec056dc877b29f2ec618a8833dae,naver,blog,자취 가전 대여,KW3,물품 대여 수요,렌탈 서비스 소비가 증가하는 경제적 배경,"특히 결혼, 이사, 독립, 출산, 자취 시작처럼 한꺼번에 돈이 많이 들어가는 시기에는 큰 가전제품을 모두... 자동차 공유, OTT 구독, 음악 스트리밍, 전자책 구독, 의류 대여, 가전 렌탈 등은 모두 이런 흐름과...",https://blog.naver.com/hayunee89/224286557210,오늘정리노트 | 생활비·여행·경제 정보,2026-05-15
9086ed3c3e7eed41a65094803e18325f,naver,blog,자취 가전 대여,KW3,물품 대여 수요,[주거 트렌드] 1인 가구·소호(SOHO)가 만드는 새로운...,"1인 가구들은 불필요한 물건은 줄이는 미니멀리즘을 추구하면서도, 자신이 가치를 두는 가전... 공유 경제 활용: 가끔 필요한 대형 물품은 구매하기보다 대여나 공유 서비스를 활용해 공간을 확보하세요....",https://blog.naver.com/eun0com/224284254817,LEADERS TRAVELOG,2026-05-13
03c0827cdf823d3840cb0e82f22120bd,naver,blog,자취 가전 대여,KW3,물품 대여 수요,[2026] 백로(白鷺)와 왜가리,남기 자취 없이 뜬 피움 보내 남기람 東韓隱逸誰修傳(동한은일수수전) 우리나라 숨은 선비 뉘 고쳐 알려 莫指微疵屛白珩(막지미자병백형) 작은 티라 들추지 마 흰 구슬가려 흠자 노리개형 雨留新蕃縣...,https://blog.naver.com/kbs4677/224278576254,청도블로그,2026-05-08
b6d4ba0666dd6f2926828ca23a92d1c4,naver,blog,자취 가전 대여,KW3,물품 대여 수요,노원 해링턴플레이스 민간임대 당첨후기,모두 자취를 오래 해서 전월세 계약에는 도가 텄는데ㅋㅋㅋㅋ어느 집도 이런 특약을 걸지 않았다... 공간을 대여해서 수입을 내겠다고 했는데 외부인도 주차비가 5만원이다 에엥? 거주자랑 외부인의 주차비가...,https://blog.naver.com/roun_bookstore/224272210034,자유로운 김로운,2026-05-02
01aba5de3e8d8e393cc49365f5ee16b2,naver,blog,자취 가전 대여,KW3,물품 대여 수요,소형이사 비용 제대로 아는 방법｜서비스 종류부터 실제...,"원룸, 자취, 일부 짐만 이동하는 경우에는 일반 이사보다 훨씬 효율적인 방법이지만 서비스 종류나 비용... 차량만 대여 (단순 운송) 기사님은 운전만 진행하고 상·하차는 직접 하는 방식입니다. 가장 저렴하지만...",https://blog.naver.com/hwamulshop/224268507559,D_DAY화물,2026-04-30
55995f321911a12d6e55b8b3489fecba,naver,blog,자취 가전 대여,KW3,물품 대여 수요,대형 엘지 티비 렌탈 알아보다가 삼성 미니 티비 구매 사용 후기,"렌탈 서비스는 보통 일정 기간 동안 제품을 대여하고 매월 요금을 납부하는 방식으로 운영됩니다.... 특히 이사, 신혼집, 자취 시작, 부모님 댁 TV 교체처럼 가전 지출이 한꺼번에 몰리는 시기라면 렌탈이...",https://blog.naver.com/rznoq9387/224261440482,DalSoo,2026-04-22
8b9ac85f0033dcaade4c74d6862dc461,naver,blog,자취 가전 대여,KW3,물품 대여 수요,자취생을 위한 이사 가이드: 반포장 이사 vs 일반 이사 장단점...,오늘 포스팅을 통해 자취생 여러분이 얻어갈 수 있는 3가지 핵심 정보입니다. 반포장 이사와 일반 이사의 명확한 작업 범위 및 비용 차이 분석 디지털 피아노 등 고가 가전/가구 파손을 막는 전문가의 포장...,https://blog.naver.com/wlllwwus/224254437982,Loè,2026-04-16
f6d90cf738a25f327ddd98287572cc3d,naver,blog,자취 가전 대여,KW3,물품 대여 수요,"설레는 새 보금자리, 합리적인 원룸 이사 비용 준비하기","저도 얼마 전에 아침부터 베란다 화분을 정리하다가 괜히 예전 자취하던 시절 생각이 나서 한참을... 단순히 가구 몇 개인지 세는 것에서 끝나는 게 아니라 박스 단위로 물건이 얼마나 나오는지, 부피가 큰 가전제...",https://blog.naver.com/t3211251/224240156693,t3211251님의 블로그,2026-04-04
ff6c14e5dde82e4a95c6704feba06f64,naver,blog,자취 가전 대여,KW3,물품 대여 수요,05 혼수 / 몽땅 LG전자로 혼수마련한 예비신부의 가전 후기,"24 빌라드지디 로즈로사 드레스피팅, 갈라 예복대여 2025.11.08 인천 '세미앙' 스튜디오 촬영 2025.11.23 인천 '세미앙' 사진 셀렉 2026.01.10 'LG플래그십 D5' 가전 졸업 2026.02.24 '비즈하우스,' 청첩장 수령 2026.03.24...",https://blog.naver.com/sprnffl37/224236600240,정보의 바닷속으로 | UNDER THE SEA,2026-04-01
b4f2fc4d5d114a8560c2e1febfb8b6b1,naver,cafe,자취 가전 대여,KW3,물품 대여 수요,"교토 아라시야마 신록 산책과 금각사 나들이, 혼자 고즈넉한 자연 속에서 보낸 교토 우타노 유스호스텔(Kyo...",저렴하게 대여해 주는 자전거를 타고 다녀올 수 있는 실속 있는 거리였습니다. 낮에는 활기차게 북서부... 가전제품들이 하나같이 먼지 하나 없이 깨끗하게 위생 관리가 아주 잘 되어 있어서 지내는 내내 찜찜함 없이...,http://cafe.naver.com/hassrd/12859,여행가서 모하지,
66ac0d418e39185a569804dd047b716a,naver,cafe,자취 가전 대여,KW3,물품 대여 수요,음식물쓰레기 처리기 한달 써봤어요,자취 3년차인데 드디어 음식물쓰레기 처리기 샀어요. 혼자살면서 제일 스트레스받는게 음식물쓰레기... 주방가전이고 음식물을 넣는 가전일수록 설거지가 필수인데 쉘퍼는 그게 가능해서 더욱 더 청결하고 오래 쓸 수...,http://cafe.naver.com/move79/6060661,해돌 해피돌싱/올드싱글/이혼카페/재혼...,
2b5fee1793c18851f8b0817841fe842e,naver,cafe,자취 가전 대여,KW3,물품 대여 수요,3주된 새댁의 결혼비용에 관한 고찰(수다),"웨딩드레스와 턱시도 대여와 촬영, 촬영날 메이크업, 본식날 메이크업.. 최소 300~500정도는 예산을 잡으셔야해요. 스드메에만 1000만원 쓴 친구도 봤어요. 2. 결혼식 비용이 문제가 아닙니다. 더 큰 문제는 가전제품과 가구...",http://cafe.naver.com/marryinform/140301,결다방 (결정사 정보 나눔 다방),
ea536600f2e079c0edb0d9f78b36cdac,naver,cafe,자취 가전 대여,KW3,물품 대여 수요,남자친구 자취집에서의 마지막 주말이예요!,"이번주는 남자친구 자취집에서의 마지막 주말이예용 다음주에 신혼집 이사가 예정되어 잇기 때문이죠! 신혼집 이사를 하더라도 저는 좀 채워진 다음에 (첨엔 가전 들어오기 전까지 2-3일은 정말 아무것도 없어요,,^^,,) 12월...",http://cafe.naver.com/b00k2012/1460372,다이렉트웨딩카페-제이웨딩 결혼준비싸...,
a0bea1d767a6298f6d8896db31541d20,naver,cafe,자취 가전 대여,KW3,물품 대여 수요,대전에서 한 달 30만 원 생활비로 살아가는 비결,"OFF, 가전제품 대기전력 차단 수도 절약: 샤워 시간 체크해보기 핸드폰 요금제: 알뜰폰으로 전환 시 약 2~3만... 책 대여는 물론, 무료 강의와 문화행사 참여도 가능해요! ❓ 6. 자취하면서 외식 안 하면 너무 힘든데요?...",http://cafe.naver.com/lifehoneyplace/3,지역별핫플·생활정보톡,
a0dd307491ef1e4b10201c2902052094,naver,cafe,자취 가전 대여,KW3,물품 대여 수요,숙제 58 그들은 어떤 가치를 제공했을까?,5)넷플릭스 -1998년부터 서비스를 시작한 온라인 비디오 대여점이 그 시초. 홈페이지에서 dvd대여를 신청하면... 채널의 주제가 자취기 때문에 모든 생활용품과 가전제품이 이 채널 광고에 그것도 매우 자연스럽게 들어올 수...,http://cafe.naver.com/miracleforyou/89920,☆판도라 플래닛 ☆ 공식팬카페,
ab70baf911e6e272366bf53b8a1befab,naver,cafe,자취 가전 대여,KW3,물품 대여 수요,수납 부족했는데 이케아 요낙셀 선반유닛 들이고 해결됐어요^^,원룸에서 자취하다보니 수납 공간이 늘 부족하더라고요ㅠㅠ 화장품이랑 이것저것 자꾸 늘어나는데 둘 곳이... 작은 가전 올려두고 아래는 책이나 잡동사니 정리하니까 공간이 훨씬 깔끔해졌어요 무엇보다 이케아 요낙셀...,http://cafe.naver.com/j33onggwoo/12815,[이케아 방꾸미기] 침대/매트리스/인테...,
357337aaab34c2fc5388f118a6b30698,naver,cafe,자취 가전 대여,KW3,물품 대여 수요,미국을 점령한 상어와 닌자,가전제품 절대 강자 다이슨을 이길 수 있었던 비결이 무엇이 었을까요? 막강한 브랜드를 이기고 침투할 수... 요즘은 장보는 재미에 다시 맛들어가긴 하는데 그래도 자취할때 생각하면 쿠팡의 만족감은 이루 말하수 없는...,http://cafe.naver.com/valueinvestingvip/458,vip가치투자자양성소,
5d5e0d4ef611eab40c3cbc30714620ce,naver,cafe,자취 가전 대여,KW3,물품 대여 수요,17 / 뿜토고객님 - 가성비있게 결혼준비,홈페이지 가전가구 사실 신혼부부라면 새물품을 갖고싶어하죠.. 하지만 아무래도 금액적으로 감당하기엔 너무 힘들어요ㅠㅠ 신혼부부인데 중고로 구매하기엔 찝찝하니까요.. 최대한 아껴보려면 자취했을때 사용한...,http://cafe.naver.com/a9111/54859,웨딩크라우드-결혼준비 웨딩뿜뿜,
05059ee1323b7f9e29f56757c139a7f8,naver,cafe,자취 가전 대여,KW3,물품 대여 수요,"[이사대학] 대학생 이사, 부담은 줄이고 실속은 챙기는 방법","새로 사기 전에, 중고를 먼저 찾아보기 이사하면서 필요한 가전이나 가구가 생길 수 있는데, 중고 거래를 활용하면 훨씬 저렴하게 구할 수 있어요. 당근마켓, 번개장터, 중고나라 활용하기 학교 커뮤니티, 자취 카페에서도...",http://cafe.naver.com/moveuniversity/30,이사대학-이사도 이제 스마트하게 / 이...,
9c0d5780ad32c2370a98041ab760f9e2,naver,news,자취 가전 대여,KW3,물품 대여 수요,"[1-LIFE] 1인 가구의 미니멀 라이프, 효율성 높은 '렌탈 서비스' 각광",과거에는 가구와 가전제품을 구매해 오래 사용하는 것이 일반적이었다. 그러나 최근에는 내가 필요한... 예를 들어 캠핑을 1년에 몇 차례만 즐기는 소비자라면 수십만 원의 장비를 구매하는 대신 필요할 때만 대여하는 것이...,http://www.sisacast.kr/news/articleView.html?idxno=96562,www.sisacast.kr,2026-06-11
4a3363d0fd10c37d7b86b22749918376,naver,news,자취 가전 대여,KW3,물품 대여 수요,[오늘의 장바구니] 세븐일레븐·홈플러스·노랑풍선 외,"및 자취생 필수 아이템을 중심으로 진행되는 행사다. 노트북, 태블릿PC, 모니터, 마우스, 키보드, 음향가전... 글라스 대여 서비스'도 준비 중이다. 공연 당일 구매 가능한 특별 할인 티켓 판매 등 아레나 전반에 대한 안내...",http://www.newsprime.co.kr/news/article.html?no=651496,www.newsprime.co.kr,2024-08-20
5e0b308a8b7d21857f0b41a332be778c,naver,news,자취 가전 대여,KW3,물품 대여 수요,"빈대, 개미, 판다, 비버 그리고 여의도 신사들… [일주일 사진 정리]","빈대로 인해 산업계도 희비가 교차하는데 고온에 약하다는 특성에 스팀 가전을 찾는 고객들이 많아졌고... 1970년대 이후 살충제 보급이 보편화되면서 국내에선 자취를 감췄던 빈대, 최근 내성을 키워 2006년부터 꾸준히...",https://www.donga.com/news/Society/article/all/20231119/122247773/1,www.donga.com,2023-11-19
4a826004d0e73a95ed1065aaa037a174,naver,news,자취 가전 대여,KW3,물품 대여 수요,"서울교통공사, ‘또타스토리지’ 서비스 확대 운영","장기대여 서비스 ‘또타스토리지’가 9월 15일부터 서울 지하철 20개역 24개소로 확대 운영된다. ‘또타스토리지’는 캠핑용품, 계절의류처럼 당장 사용하지 않는 물건부터 소형가전·가구까지 기간 제한 없이...",https://www.thedrive.co.kr/news/newsview.php?ncode=1065587651208541,www.thedrive.co.kr,2022-09-21
ef623fcf3532334274963948bdd13ec4,naver,news,자취 가전 대여,KW3,물품 대여 수요,[솔로이코노미] 반찬부터 카카오 이모티콘까지 '구독경제 알아보기',힘든 자취생들을 위해 즉석밥 및 반찬 정기배송 구독 서비스도 다양하게 있다. 자주 떨어져서 주기적으로... 돈 주고 사기에는 부담되는 값비싼 제품을 대여하여 사용하는 서비스이다. 비싸게 구매한 가격에 비해 그...,http://www.dailypop.kr/news/articleView.html?idxno=48837,www.dailypop.kr,2021-01-27
03faae5562a800ec5d38357ae2cfcf5e,naver,news,자취 가전 대여,KW3,물품 대여 수요,"[어게인TV] '나혼산' 이상이, 물고기 사랑→기타 연주 반전매력 발산","대형밴을 타고 외출하는 이상이는 ""저는 차는 없고요 개인적인 일이 있을때는 회사에서 대여를 해주신다... 김광규는 ""제가 서울와서 자취 생활하면서 처음으로 새 제품을 산 세탁기와 TV다. 크게 여유가 없을때 큰 맘 먹고...",http://biz.heraldcorp.com/view.php?ud=202010100114598851082_1,biz.heraldcorp.com,2020-10-10
c35831581c9abea50a85a116df28b263,naver,news,자취 가전 대여,KW3,물품 대여 수요,"'나혼산' 이상이, 남다른 물고기 사랑 일상 공개…김광규 나홀로 콘서트...","이어 대형밴을 타고 외출하는 이상이는 ""저는 차는 없고요 개인적인 일이 있을때는 회사에서 대여를... 김광규는 ""제가 서울와서 자취 생활하면서 처음으로 새 제품을 산 세탁기와 TV다. 크게 여유가 없을때 큰 맘 먹고...",http://biz.heraldcorp.com/view.php?ud=202010100004348829379_1,biz.heraldcorp.com,2020-10-10
fbd8275ea68536c089e7f395b4654104,naver,news,자취 가전 대여,KW3,물품 대여 수요,현대의 아키하바라,"다만, 가전점이나 PC숍과 같이 그 소장성쇠는 격렬하고, 수많은 점포가 나타나는 한편으로, 또 자취를 감춘다. 또, 판매점 뿐만 아니라, 애니메이션·게임 소프트 등의 기획·개발...",http://www.breaknews.com/666506,www.breaknews.com,2019-07-09
906956937b5f8ed9d1324b797b74181c,naver,news,자취 가전 대여,KW3,물품 대여 수요,"[설 특집] 가족을 위한 설 명절 선물, 뭐가 좋을까","가전제품 선물이 부담스럽다면 대여할 수도 있다. 가정마다 필요한 제품을 골라서 대여할 수 있고, 대여... 고기, 생선뿐만 아니라 다양한 채소도 넣고 굽기만 하면 맛있는 음식이 되어 나오기 때문에 자취생들에게 인기가...",http://www.100ssd.co.kr/news/articleView.html?idxno=59150,www.100ssd.co.kr,2019-01-25
4fce2fa8c691573e42df680c9ebce58e,naver,news,자취 가전 대여,KW3,물품 대여 수요,"신촌 대학생, 편하고 쾌적한 주거환경 선호… '하숙' 관심 증가","이처럼 대부분의 대학생들이 만만치 않은 기숙사 비용에 자취를 택하고 있는 실정이지만 해당 지역은 원룸... 또한 필요시 TV, 냉장고 등 가전제품을 대여해 주며, 조용하고 쾌적한 환경으로 학업에 매진하기에도 좋은...",http://sports.chosun.com/news/ntype.htm?id=201703160100139210009659&servicedate=20170315,sports.chosun.com,2017-03-15
edb790d1ba27cde2189e07b2733e9ca4,naver,news,자취 가전 대여,KW3,물품 대여 수요,"""대학가 알뜰족, 모두 모여라!""",자취생들의 경우에는 한 달에 50~60만 원의 월세를 내고 있었다. 따라서 이들 대학생들은 대학 등록금까지 더하면 1학기에 천만 원 넘게 지출하는 것으로 조사됐다. 경기도 성남시에 있는 한 회사는 '대학 교재 대여...,http://www.ytn.co.kr/_ln/0125_201607121506510415,www.ytn.co.kr,2016-07-12
a829ccacacb4d2dc6267ec69d82563eb,naver,news,자취 가전 대여,KW3,물품 대여 수요,"[토요비즈] 늘어나는 전월세족...""家電, 소유보다 사용가치죠""",달라진 주거방식에 렌털 인기 TV등 월 1만~3만원에 대여 늘어 가전 이어 조명·그림분야까지 렌털 제품·시장도 점차 확대 최근 취업 후 자취를 시작한 김태희(가명·33세)씨는 전세로 ‘투룸’을 구하면서 냉장고를...,http://www.sedaily.com/NewsView/1KXJBP63DK,www.sedaily.com,2016-06-10
e2a25d09e234e927d10b2a4b0cfe1746,naver,news,자취 가전 대여,KW3,물품 대여 수요,"kt estate, 초역세권 ‘리마크빌 동대문’ 입주자 모집","대학교 입학과 동시에 독립, 오랜 기간 자취한 경험으로 홀로 즐기는 방법을 터득했기 때문이다. 느슨해질... 가전∙가구렌탈대행, 룸클리닝대행, 세탁서비스대행, 부피가 큰 물품들을 수납하기 위한 트렁크룸대여...",http://news.mk.co.kr/newsRead.php?no=381348&year=2016,news.mk.co.kr,2016-05-27
3f053ddeef6ae3ce738416bd85554b38,naver,news,자취 가전 대여,KW3,물품 대여 수요,[범우시선]아이젠버그 특공대 : 취미는 독서입니다,"전압이 달라서 가전제품을 사용하려면 도란스를 사용해야 했다. 티비를 날려버린 후회와 자책감에... 외가 쪽 친척 형이 자취하는 집에 몇 달간 신세를 지기도 하고, 친구 집에서 잠을 자기도 했다. 갈 곳이 없으면 잠기지...",http://www.ddanzi.com/ddanziNews/96301484,www.ddanzi.com,2016-05-11
f92253b75b38b5656b2f46bbdbcc9341,naver,news,자취 가전 대여,KW3,물품 대여 수요,'응답하라 1988' 쌍팔년 재현 뒷얘기,"시대상에 맞게 대여해 쓰면 된다. 하지만 근현대사를 다룬 드라마는 많지 않다. 게다가 <응답하라> 시리즈는... 밥을 지을 때는 곤로를 쓰고, 자취를 감춘 3단 냉장고와 쌀통도 보인다. 쓰레기 종량제가 시행되기 전이라...",http://ilyo.co.kr/?ac=article_view&entry_id=152667,ilyo.co.kr,2015-11-23
4529f4d7da0bfd44c8c3c0ba8f18bd17,naver,news,자취 가전 대여,KW3,물품 대여 수요,[쿨하게 결혼하기] 쿨하게 결혼하는 5가지 방법…혼수·예물 ‘소박하게...,의상은 화려한 드레스나 정장 대신 하얀 원피스나 세미 정장 등 간편복을 입거나 저렴한 가격에 대여하고... 자취하면서 쓰고 있던 가전제품과 가구를 모두 사용하기로 하고 침대만 새로 구입했다. 이 씨는 “우리 사정을...,http://news.mk.co.kr/news_forward.php?no=618765&year=2011,news.mk.co.kr,2011-09-24
ab12f6442bffa570331c7bbaeda78241,naver,news,자취 가전 대여,KW3,물품 대여 수요,‘스드메’ 대신 ‘착한 결혼식’ 하세요,"새것만을 고집하기보다 자취하면서 쓰던 물건은 가져다 쓰고 친구와 지인들에게 축의금 대신 신혼생활에 필요한 물품을 정리한 ‘웨딩 레지스트리(wedding registry)’를 알려 청소기, 다리미 등 소형가전을 선물 받는...",http://www.womennews.co.kr/news/view.asp?num=50461,www.womennews.co.kr,2011-08-19
13114b30b2e9b6bf3ff067e2cf1d09ad,naver,kin,자취 가전 대여,KW3,물품 대여 수요,올레 TV+인터넷 신규가입 시 TV 대여해주는 곳,... 문제는 tv가 없는데 예전에 인터넷+tv 상품 가입 시 tv를 무료 대여해준다는 얘기를 들었어서 관련 상품이 있는지 문의드립니다. 저도 처음 자취... https://l7nog1dt1l.sens.kr 독립 준비하시면서 가전제품 구매 비용도 만만치 않은데...,https://kin.naver.com/qna/detail.naver?d1id=1&dirId=10802&docId=303715112&qb=7J6Q7LeoIOqwgOyghCDrjIDsl6w=&enc=utf8,지식iN,
2d0984a6bb4a5a00e049b653aa27fb95,naver,kin,자취 가전 대여,KW3,물품 대여 수요,돈 절약해서 혼자자취하는법좀알려주새요,"자취비용없어서 너무힘들게하루하루살고잇는데 돈최대한안들이고자취하는방법좀제밯알려주새요 제발진짜 1.... 무료 대여: 자전거, 노트북, 생활가전 등 3. 당장 시도할 수 있는 조합 예시 LH 청년 전세임대 → 월 15만 원대 주거비...",https://kin.naver.com/qna/detail.naver?d1id=8&dirId=80801&docId=487754007&qb=7J6Q7LeoIOqwgOyghCDrjIDsl6w=&enc=utf8,지식iN,
92cda7f95b3edb7053d0e5b8fd68d981,naver,kin,자취 가전 대여,KW3,물품 대여 수요,원룸 투룸 자취하는데 옷 많은 분들,"원룸 투룸 자취하는데 옷 많은 분들 어케 정리하세여 안녕하세요! 일상을... 개인창고 대여 서비스⭐를 제공하고 있습니다. 1.회원제 운영! 2.철저한... 많은 분들이 소형 가전, 가구, 계절용품 등 많이 보관하고 있으세요. 또한...",https://kin.naver.com/qna/detail.naver?d1id=8&dirId=8080101&docId=405699591&qb=7J6Q7LeoIOqwgOyghCDrjIDsl6w=&enc=utf8,지식iN,
9e7351868532d3e441f8c9155a6c80c4,naver,kin,자취 가전 대여,KW3,물품 대여 수요,월세방 대여해줘도 문제없을까요?,현재 대학교 4학년입니다 그동안 자취를 하고 있었는데 동생이 교환학생을 가게되서 본가에 방이 남아요 부모님이... 제가 가전제품이나 이런거 다 산거라 풀옵션이긴해요 암튼 대여해줄때 불이익이 있을까요? 계약서 같은걸...,https://kin.naver.com/qna/detail.naver?d1id=6&dirId=60212&docId=379395500&qb=7J6Q7LeoIOqwgOyghCDrjIDsl6w=&enc=utf8,지식iN,
4d5e74d1832870b6c3e1db3965833902,naver,kin,자취 가전 대여,KW3,물품 대여 수요,안녕하세요. 자취준비중인 20대 초반,... 자취준비중인 20대 초반 학생인데요. 저가 다음달에 자취시작해서 1년 살고 바로 옮길것같은데. 1년... 그리고 사이트 들어가보니 대부분 34개월이던데..ㅜㅜ 12개월 단기로 하는대신 가전을 위에처럼 여러개 대여하면 가능한...,https://kin.naver.com/qna/detail.naver?d1id=5&dirId=50104&docId=313782597&qb=7J6Q7LeoIOqwgOyghCDrjIDsl6w=&enc=utf8,지식iN,
ed88924d7146e79b4478bd619121c50b,naver,kin,자취 가전 대여,KW3,물품 대여 수요,전주 중고가전제품 문의드립니다.,"... 한 1년쯤 자취를 할 예정이어서 중고가전제품이 필요합니다. 그런데 계속 사용할건 아니고 1년만 쓰고 반납하려고... 중고가전제품 대여해 주는곳 없나요? 비용도 어느정도 하는지 알고싶습니다. TV, 냉장고, 전기밥솥, 청소기 정도면...",https://kin.naver.com/qna/detail.naver?d1id=12&dirId=1213050124&docId=214112478&qb=7J6Q7LeoIOqwgOyghCDrjIDsl6w=&enc=utf8,지식iN,
bfdcfa33532cbf0a7e0b6d5553c3e02a,naver,kin,자취 가전 대여,KW3,물품 대여 수요,대학교 자취!,"... 자취를 해야해요. 자취할 때 학교에서 가까운 곳이 좋나요? 제가 생각한... 다만 공 강의실이나 합주실, 극장 같은곳을 대여한다고 했을 때 밤새... 깔끔했고요,원룸에 비해 필수 가전제품이 있는곳이 많은 것도 장점인 것 같습니다....",https://kin.naver.com/qna/detail.naver?d1id=11&dirId=110408&docId=165197065&qb=7J6Q7LeoIOqwgOyghCDrjIDsl6w=&enc=utf8,지식iN,
c95df5d844204fb5d6e3f2a919caf6d4,naver,kin,자취 가전 대여,KW3,물품 대여 수요,가전제품 렌탈,이번 2월 18일부터 자취를 하게되는 학생인데요 6개월정도 지낼 꺼라서 가전제품이 필요한데 구매해서 사용하기에는... 저희는 부산 가전제품 렌탈 대여 업체로 해운대에 위치하고 있으니 궁금하신 점은 언제든지 전화상담 가능합니다....,https://kin.naver.com/qna/detail.naver?d1id=5&dirId=501&docId=145622879&qb=7J6Q7LeoIOqwgOyghCDrjIDsl6w=&enc=utf8,지식iN,
0356e52a5983350ece3f322a8e4a07b9,naver,kin,자취 가전 대여,KW3,물품 대여 수요,전기요금이 궁금합니다...,한 7평 정도되는 원룸에 자취를 하고 있습니다... 집에서 쓰는 전기는 선풍기 탁자형 하나 스탠드형 하나 두개를 쓰고... 다니는대여... 다른 가전제품은 없습니다... 전기요금이 평균 2만원후반 정도 나오는대여... 저정도 나오면...,https://kin.naver.com/qna/detail.naver?d1id=11&dirId=1118&docId=116309015&qb=7J6Q7LeoIOqwgOyghCDrjIDsl6w=&enc=utf8,지식iN,
87b489514cabaae1ac1d1a4356bb2d25,naver,kin,자취 가전 대여,KW3,물품 대여 수요,경기공업대학 기숙사 자취,... 좋은 자취방이 많이 있다고 하더라구요 저는 원룸생각하구있구 좁아도상관없구요 가전제품은 뭐 제가 부담해야하겠지만 형편상 가격도 저렴하고... 저렴하게 대여해줬으나 기숙사 완공 후에는 계약만료로 더 이상 1년에...,https://kin.naver.com/qna/detail.naver?d1id=12&dirId=12091724&docId=104367857&qb=7J6Q7LeoIOqwgOyghCDrjIDsl6w=&enc=utf8,지식iN,
da94ce5f1f83e5cb1ba4065b52487370,naver,kin,자취 가전 대여,KW3,물품 대여 수요,보증금/월세에 대해 알려주세요,... 원룸자취방 구해서 자취하려고 합니다 이때까지 아르바이트 해서 모아둔... 전세랑 보증금의 뜻 알려주세요 ①.인터넷부동산 옵션정보에 있는 가전제품... 대부분의 원룸촌에서는 보증금 및 월세를 내면 세탹기 등을 대여해주고...,https://kin.naver.com/qna/detail.naver?d1id=4&dirId=4020202&docId=35288711&qb=7J6Q7LeoIOqwgOyghCDrjIDsl6w=&enc=utf8,지식iN,
5c3a52ad2efe3e1d3088b8cb30219555,naver,kin,자취 가전 대여,KW3,물품 대여 수요,가전제품 질문이요...,궁금한게 있어서 질문드려요 제가 서울쪽에서 자취를 한 5~6개월정도 하려는데요 냉장고든 전기밥솥이든 마련을 하려고 하니까 좀 아깝단 생각이 들어서 그러는데요 서울쪽에 혹시 전자제품 대여해 주는곳은 없나요??? 부탁드립니다.......,https://kin.naver.com/qna/detail.naver?d1id=5&dirId=50104&docId=25915770&qb=7J6Q7LeoIOqwgOyghCDrjIDsl6w=&enc=utf8,지식iN,
0ba9efedf8bce4bf0cade346762df6ce,naver,kin,자취 가전 대여,KW3,물품 대여 수요,완전히 결혼해서 남편을 모시고 사는 것 같습니다.,"... 같이 자취를 하게되었습니다. 원래 예정에는 제가 없었고, 친구(이하 A)와 그... 처음에 들어오게 되었을 때, 아무것도 없어서, 주방기구나 가전제품 기타... 참는건, 별로 도움 안대여 ^^ 쏴질러야대여 . 저 2달만에, 욕햇습니다 ""xx년아...",https://kin.naver.com/qna/detail.naver?d1id=20&dirId=2002&docId=71632163&qb=7J6Q7LeoIOqwgOyghCDrjIDsl6w=&enc=utf8,지식iN,
933c645620c59beb192b750f1e1f698e,naver,kin,자취 가전 대여,KW3,물품 대여 수요,대구에 가전제품 대여해주는곳,대구에서 가전제품 대여해주는곳 없나요? 인근 구미지역까지 가능하구요. 자취를 1년만 하면되는데 새거 사거나 중고를 사도 돈 낭비인거같아서요. 대여해주는 곳을 찾는데 관련 정보가 거의없네요..ㅠ_ㅠ 아는 곳 있으신분은 위치나...,https://kin.naver.com/qna/detail.naver?d1id=12&dirId=1203&docId=76577601&qb=7J6Q7LeoIOqwgOyghCDrjIDsl6w=&enc=utf8,지식iN,
cd0fd6295fc916c959fb378d848a4a58,naver,kin,자취 가전 대여,KW3,물품 대여 수요,결혼할때 드는 비용..,"... 지금 둘다 따로 자취를 하고있어서 가구랑 가전제품같은건 있거든요.. 결혼해도 있는거 그냥 쓸 예정입니다..... 신랑,신부 (턱시도,드레스) 대여료가 평균 얼마정도 하는지, 예식장 대여료는 얼마정도 하는지, 음식은.. 한사람당...",https://kin.naver.com/qna/detail.naver?d1id=8&dirId=80101&docId=27197623&qb=7J6Q7LeoIOqwgOyghCDrjIDsl6w=&enc=utf8,지식iN,
074a2314db3bed65f007de2aa54ff996,naver,kin,자취 가전 대여,KW3,물품 대여 수요,저렴한 전통혼례 방법을 가르쳐주세요(결혼 선배님...,"... ^^;) 지금 보증금 300에 원룸자취하고 있고요. 결혼 생활도 지금 수준의 집... 세탁기, 냉 장고 정도만 구입하면 가전제품은 해결됩니다. 양가 모두... 옷 대여나, 메이크업은 기본이고, 가마꾼들이나 진행요원들에 대한 댓가는...",https://kin.naver.com/qna/detail.naver?d1id=8&dirId=80101&docId=29520687&qb=7J6Q7LeoIOqwgOyghCDrjIDsl6w=&enc=utf8,지식iN,
cd886f536e66e6cd95d9ada15d0d65eb,naver,kin,자취 가전 대여,KW3,물품 대여 수요,결혼할때 필요한 자금이 얼마나 드는지///,"... 그속에 상차리기, 옷대여, 폐백실대여 등 포함되어 있었구요. 집은 남편이 살고 있는 삐거덕 거리는 집... 그곳엔 왠만한 자취 살림정도는 있어서 꼭 필요한 것만 약 150만원 정도의 가전제품 샀구요. 사진, 비디오 촬영, 연주자 부른거...",https://kin.naver.com/qna/detail.naver?d1id=8&dirId=80101&docId=30628176&qb=7J6Q7LeoIOqwgOyghCDrjIDsl6w=&enc=utf8,지식iN,
36001661739e5c9f78ff8e121b840bf8,naver,blog,단기 가전 렌탈,KW3,물품 대여 수요,"B2B 렌탈로 병,의원에서 신규 구입 가능한 장비 종류와 비용...","B2B 렌탈로 도입 가능한 장비는 의료기(예: 레이저장비, 치료장비), 베드, 공조시설, 가전·주방설비 등... B2B렌탈 도입 가능 주요 장비 영상진단기기 CT, MRI, 초음파 진단기, X-ray 등 내시경 및 치료기 대장내시경...",https://blog.naver.com/beby22/224318595795,주아의 금융정보,2026-06-17
1eb5f01b4cf322b0ae2d4a8e1eb6003c,naver,blog,단기 가전 렌탈,KW3,물품 대여 수요,"장마철 제습기, 인버터 모델이 비싼 이유 — 22L 선택 전...",연간 사용 기간이 장마철 6~8주 수준이라면 구매보다 렌탈을 비교해보는 것도 방법입니다. **자주 묻는... 단기 가격보다 연간 총비용(전기세 포함)으로 따지는 게 더 정확합니다. **정리 — 제습기 선택의...,https://blog.naver.com/nobody_tell/224317187991,무드노트(MoodNote),2026-06-16
af2067a3d4921b088dce3b9c254c969e,naver,blog,단기 가전 렌탈,KW3,물품 대여 수요,장기렌탈 실패하지 않는 방법,"특히, 장기렌탈은 단기렌탈과 달리 계약 기간이 길고, 그만큼 책임도 커지기 때문에 신중할 수밖에... 예를 들어, 월세로 살고 있는 경우 가전제품이 필요할 수 있고, 차량이 필요할 수도 있죠. 두 번째로는 시장...",https://blog.naver.com/verdantsalmon54/224316674805,데일리 저널,2026-06-15
610974d98edb0ad41ab6b9a0e60e502a,naver,blog,단기 가전 렌탈,KW3,물품 대여 수요,"세종복사기렌탈 견적, 소형 기종 비교 추천","보통은 가전처럼 골라 들이면 끝인데, 복사기는 한 번 계약하면 3년을 끌고 가니까 그렇게 단순하지가... 세종에서 소형 복사기렌탈 견적을 비교하시느라 머리가 복잡하셨다면 잘 찾아오셨습니다. 오늘은...",https://blog.naver.com/cc_oa/224306836138,충청사무기,2026-06-15
4644b2823e5df75c527f1f02b168c292,naver,blog,단기 가전 렌탈,KW3,물품 대여 수요,[하이마트 데일리 렌탈] 살까 말까 고민 끝! 다이슨 에어랩...,"부담스러운 렌탈이 아니에요! ♂️ 딱 1일, 2일, 혹은 일주일처럼 내가 원하는 날짜만큼만 대여해서 깔끔하게 쓰고 반납하는 신개념 단기 대여 서비스랍니다. 인터넷으로 택배 대여 신청하면 왕복 택배비...",https://blog.naver.com/himartsinjeju/224315679980,전자제품 박사,2026-06-14
a62a5a41db81028363f2234f3e5c9b10,naver,cafe,단기 가전 렌탈,KW3,물품 대여 수요,삼성 세탁기 건조기 일체형 렌탈 비용 비교 추천,렌탈이모입니다 :) 오늘은 삼성 세탁기 건조기 일체형 렌탈에 대해 알려드리려고합니다! 가전제품을 선택할... 하지만 단순히 단기 사용만을 목적으로 하는 단기렌탈보다는 장기적인 관점에서 인수형렌탈을...,http://cafe.naver.com/kookminlease/1346071,국민 공공 민간 임대아파트 들어가기,
8db879c060d31f736b06a63834d27d34,naver,cafe,단기 가전 렌탈,KW3,물품 대여 수요,"무직자들이 가장 많이 후회하는 선택, 비교와 차이로 먼저 정리할 것","후회가 큰 선택 1: 단기 현금 확보를 위해 고정비를 늘리는 결정 무직 중에 흔히 나오는 선택이 새 할부(휴대폰, 가전), 렌탈, 구독 증가입니다. 당장 지출을 미루는 것 같지만, 실제로는 고정비를 미래로 이월하는...",http://cafe.naver.com/moneylab2027/93,생활금융연구소장,
c71a7258f41328fc954f3d6214bda92d,naver,news,단기 가전 렌탈,KW3,물품 대여 수요,"""주주에게 아낌없이 돌려준다""... 대형 지주사·금융주 중심으로 매수세...","글로벌 전장 부품 및 가전 시장에서 안정적인 캐시카우를 확보하고 주주 친화 정책을 다지는 LG전자 역시... 차량 렌탈 전문 기업과 국책 은행, 화학 소재 제조사들도 자산 재평가 효과를 누리는 중이다. 모빌리티 플랫폼...",https://www.pinpointnews.co.kr/news/articleView.html?idxno=460232,www.pinpointnews.co.kr,2026-06-15
9c0d5780ad32c2370a98041ab760f9e2,naver,news,단기 가전 렌탈,KW3,물품 대여 수요,"[1-LIFE] 1인 가구의 미니멀 라이프, 효율성 높은 '렌탈 서비스' 각광",렌탈 기간은 보통 1개월 단기 이용부터 1년 이상 장기 이용까지 다양하게 선택할 수 있다. 단 계약 기간 내 해지하면 위약금이 발생할 수 있으므로 이사 계획이나 거주 기간을 고려해야 한다. 아울러 대형 가구와 가전은...,http://www.sisacast.kr/news/articleView.html?idxno=96562,www.sisacast.kr,2026-06-11
0de6ebd6bf3f82d962b1aef45612bd27,naver,news,단기 가전 렌탈,KW3,물품 대여 수요,"플랜바이, '자체 심사 시스템'···유통 틈새시장 공략",12개월 단기 분납 쇼핑몰 서비스를 공식 론칭했다고 20일 밝혔다. 플랜바이는 니치 마켓(Niche Market)을 공략해 '12개월 단일 할부'라는 차별화된 분납 모델을 선보였다. 소비자는 원하는 가전을 즉시 인도받아...,http://www.koreastocknews.com/news/articleView.html?idxno=118599,www.koreastocknews.com,2026-05-20
8318f9a7deb0504a16990fb2da1c39ed,naver,news,단기 가전 렌탈,KW3,물품 대여 수요,[위클립] 4월 1주,"노조는 ""단기 계약과 반복 이직으로 상시적인 실업 상태를 발생시키고 있는 이마트와 SSG.COM의 구조적인... 금속노조는 토론회를 열고 ""LG전자에서 방문 관리를 통해 렌탈 가전의 품질과 성능 유지에 필수적인 역할을...",https://www.laborplus.co.kr/news/articleView.html?idxno=40600,www.laborplus.co.kr,2026-04-03
06c9893f9edcda3e3a906458882da5bc,naver,news,단기 가전 렌탈,KW3,물품 대여 수요,"""사실상 쿠팡은 한복 대여점"" 설 당일 환불 등장…논란 또 불거졌다","한 업계 전문가는 ""한복 뿐 아니라 고가의 가전제품을 구매해 30일 사용 후 반품하고, 또 다시 구매 후 반품하는 방식으로 사실상 1개월 단기 렌탈을 하는 사람들도 있다""며 ""화이트 컨슈머(착한 소비자)에 피해가 가지...",https://view.asiae.co.kr/article/2026021715275447121,view.asiae.co.kr,2026-02-17
f5d170380739c3b276b667c79db4c472,naver,news,단기 가전 렌탈,KW3,물품 대여 수요,"니오라코리아, '2026 니오라 파워 스타트 트레이닝' 개최… 맞춤형 통신...","서비스 영역에서는 기존 뷰티, 웰니스, 가전 렌탈, 방역위생(캡스클린케어)에 더해 '통신 서비스'를 신규... 단기 성과에 그치지 않고 지속 가능한 비즈니스 생태계 구축이 목표다. 김희나 니오라코리아 지사장은...",https://www.mhns.co.kr/news/articleView.html?idxno=738054,www.mhns.co.kr,2026-01-31
b1b7e931812292fbb45ad84f1cec4041,naver,news,단기 가전 렌탈,KW3,물품 대여 수요,"이경수 대표, 세라젬 IPO 초읽기…완주 가능할까[The SIGNAL]","단순 가전 렌탈·판매에서 벗어나 지속 가능한 성장 모델을 구축하겠다는 전략이다. 회사는 세계 최대... 이후 단기 주거 공간인 '웰스테이', 집합 주거 공간인 '웰스타운'까지 확장할 예정이다. 세라젬의 연결 기준...",http://www.hansbiz.co.kr/news/articleView.html?idxno=811650,www.hansbiz.co.kr,2026-01-28
f47dca6f6a87b3f1bcc96fdda4ce255a,naver,news,단기 가전 렌탈,KW3,물품 대여 수요,"교복 이상 성장동력 노린다 …형지, 웨어러블 로봇 사업 도전장","이 자리에서 최 회장은 세계 최대 배터리 제조사인 CATL의 청위췬 회장, 글로벌 가전·디스플레이 기업... 단기적으로는 시니어 활동 보조용과 산업 현장 안전 보조용 웨어러블 로봇 유통에 집중하고, 중장기적으로는 자체...",https://www.megaeconomy.co.kr/news/newsview.php?ncode=1065577734488902,www.megaeconomy.co.kr,2026-01-27
2f414e01ce9728e2e718688a90e4f5b4,naver,news,단기 가전 렌탈,KW3,물품 대여 수요,“잘 가요 굿파트너”...노조가 사모펀드에 상을 준 이유,"기존의 혼재된 구조를 가전, 렌탈, 서비스로 명확히 나누고, 서비스 자회사에 흩어져 있던 MC 조직과... 변화의 속도와 방식에 대한 이견은 있었지만, 회사가 단기 성과를 위해 현장을 희생시키지는 않겠다는 메시지는...",http://www.edaily.co.kr/news/newspath.asp?newsid=01840086645321984,www.edaily.co.kr,2026-01-27
56c1ae3a766044f0f5c7dec711111405,naver,news,단기 가전 렌탈,KW3,물품 대여 수요,[CEO 와칭]천상 세일즈맨…'도전의 아이콘' 윤석금 웅진그룹 회장,"윤 회장은 국내 출판업계 1위로 올라선 웅진출판, 국내 최초의 생활 가전 렌탈이라는 비즈니스를 제시하며... 이런 철학에 따라 웅진그룹은 고객에게 단기적인 성과보다 신뢰와 만족을 반복적으로 쌓아가는 서비스를...",http://www.metroseoul.co.kr/article/20260125500097,www.metroseoul.co.kr,2026-01-25
815d7dd66f712ba48b5268324b84015f,naver,news,단기 가전 렌탈,KW3,물품 대여 수요,본업은 지키고 판은 넓힌다…경동나비엔의 ‘풀세트’ 전략,"공기질 통합 관리를 내건 생활가전이다. 구독(렌탈) 서비스도 강화 중이다. 지난 2023년 10월 환기청정기... 이어 ""단기적으로는 관세와 비용 부담으로 수익성 레벨이 소폭 낮아졌지만, 2026년을 과도기로 거쳐 2027년에는...",https://www.megaeconomy.co.kr/news/newsview.php?ncode=1065578693209863,www.megaeconomy.co.kr,2025-12-23
f02dcb0a4dc45a3d6c427f3f6080b05a,naver,news,단기 가전 렌탈,KW3,물품 대여 수요,[이미루의 트렌드 세일즈] 고객은 자신이 똑똑해 보이는 구매를 한다,"가전제품 광고에 ""독일 레드닷 디자인상 수상"", ""미국 컨슈머리포트 1위"", ""전문가 단체 추천""이라는 문구가... 단기적 만족보다 장기적 효율이 똑똑한 선택으로 느껴진다. 아이폰이 안드로이드폰보다 비싼데도 잘 팔리는...",https://www.lecturernews.com/news/articleView.html?idxno=192359,www.lecturernews.com,2025-12-21
1d9dc8537c60a1603bcbb6b7767c054e,naver,news,단기 가전 렌탈,KW3,물품 대여 수요,"아정당 김민기 대표, ‘기업가정신발전소 TALK 라이브’서 인터넷 비교...","그는 단기 수익을 내는 사업 모델보다, 생활비 부담과 정보 비대칭을 줄일 수 있는 구조를 만드는 데 초점을... 생활가전 렌탈까지 영역을 확장하고 있다. 회사 측은 “생활 속 고정비를 줄이는 데 도움이 되는 서비스들을...",http://www.wowtv.co.kr/NewsCenter/News/Read?articleId=A202512120429&t=NN,www.wowtv.co.kr,2025-12-12
66f3ac929454b908eeeb220a7fa16623,naver,news,단기 가전 렌탈,KW3,물품 대여 수요,"""도전이 나만의 속도를 만든다"" 김민기 아정당 대표, 청년들에게 전한 ...","김 대표가 이끄는 아정당은 인터넷가입, 가전 렌탈, 알뜰폰 등 통신·생활 서비스를 제공하는 플랫폼... 전환율이 일부 낮아지고 단기 수익성이 떨어질 수 있음에도 불구하고 이러한 조치를 선택했다는 점에서, ""단기...",http://www.jeonmin.co.kr/news/articleView.html?idxno=429028,www.jeonmin.co.kr,2025-11-21
0a810d9e7e9e0088094a3c83e9c0039e,naver,news,단기 가전 렌탈,KW3,물품 대여 수요,"소유보다 경험, 중국 젊은 층의 새로운 렌탈 소비법","대표적으로 런런주(人人租), 유핀주(优品租) 등이 있으며, 3C 디지털 제품을 중심으로 가전, 유아용품, 명품... 3일~30일 단기 렌탈부터 6개월~18개월 장기 렌탈까지 다양한 기간 선택 가능 ➁ 위챗(微信) 페이 신용점수 또는...",http://dream.kotra.or.kr/kotranews/cms/news/actionKotraBoardDetail.do?SITE_NO=3&MENU_ID=180&CONTENTS_NO=1&bbsGbn=243&bbsSn=243&pNttSn=235519,dream.kotra.or.kr,2025-11-03
0a069ec77996eca7ce1aba9c8273663d,naver,news,단기 가전 렌탈,KW3,물품 대여 수요,"유타대 아시아캠퍼스 데이비드 에클스 경영대학, 제2회 인천 대학연합 ...",무인 단기 렌탈 서비스 아이디어를 선보이며 대회 전체 1위에 해당하는 대상(인천시장상)을 수상했다. 전예원 학생은 내년 1월 미국 라스베이거스에서 열리는 세계 최대 가전·IT 전시회 'CES 2026' 참관 기회를 얻게...,http://www.dailysmart.co.kr/news/articleView.html?idxno=114195,www.dailysmart.co.kr,2025-10-02
9fd1c5dd7d399de8d5c725a5472c5478,naver,news,단기 가전 렌탈,KW3,물품 대여 수요,"유타대 아시아캠퍼스 데이비드 에클스 경영대학, 제2회 인천 대학연합 ...",무인 단기 렌탈 서비스 아이디어를 선보이며 대회 전체 1위에 해당하는 대상(인천시장상)을 수상했다. 전예원 학생은 내년 1월 미국 라스베이거스에서 열리는 세계 최대 가전·IT 전시회 ‘CES 2026’ 참관 기회를...,https://www.dt.co.kr/article/12020990?ref=naver,www.dt.co.kr,2025-09-30
ea68119d7dda7dcce66b3c28050bc13c,naver,news,단기 가전 렌탈,KW3,물품 대여 수요,"유타대 아시아캠퍼스 데이비드 에클스 경영대학, 제2회 인천 대학연합 ...",무인 단기 렌탈 서비스 아이디어를 선보이며 대회 전체 1위에 해당하는 대상(인천시장상)을 수상했다. 전예원 학생은 내년 1월 미국 라스베이거스에서 열리는 세계 최대 가전·IT 전시회 'CES 2026' 참관 기회를 얻게...,https://edu.donga.com/news/articleView.html?idxno=96003,edu.donga.com,2025-09-30
c04c438d0add410aeb3b0b1fc01c3e70,naver,news,단기 가전 렌탈,KW3,물품 대여 수요,"유타대 아시아캠퍼스 데이비드 에클스 경영대학, 제2회 인천 대학연합 ...",무인 단기 렌탈 서비스 아이디어를 선보이며 대회 전체 1위에 해당하는 대상(인천시장상)을 수상했다. 전예원 학생은 내년 1월 미국 라스베이거스에서 열리는 세계 최대 가전/IT 전시회 'CES 2026' 참관 기회를 얻게...,http://www.veritas-a.com/news/articleView.html?idxno=575232,www.veritas-a.com,2025-09-30
36c3273af9ca347090087cdb83d1fca8,naver,news,단기 가전 렌탈,KW3,물품 대여 수요,"롯데하이마트, ‘아이폰17’ 사전 예약 外 G마켓‧한샘 [유통단신]","식음료, 뷰티, 패션 및 디지털·가전 등 주요 카테고리의 핵심 브랜드 상품을 특가에 제안하고 캐시백 등 추가 혜택을 제공한다. 이번주 행사는 오는 14일까지 진행한다. △LG전자 렌탈 △동국제약 △NS홈쇼핑...",https://www.kukinews.com/article/view/kuk202509120174,www.kukinews.com,2025-09-12
15205b7ab5b7eb54818a0fa22ce9f29f,naver,kin,단기 가전 렌탈,KW3,물품 대여 수요,임대차계약 승계와 렌탈료 채권추심 문제 해결 방법,"... 상황인데, 렌탈 가전의 연체료 및 채권추심 비용을 자녀인 제가 부담해야되는 부분인가요? 민법에서 단기채권(?)의 유효기간은 3년이다 라는 글을 본게 있어서 이 경우에도 적용이 되는지(혹시 몰라 채권단에는 연락해보진...",https://kin.naver.com/qna/detail.naver?d1id=6&dirId=60215&docId=493768757&qb=64uo6riwIOqwgOyghCDroIztg4g=&enc=utf8,지식iN,
0076336eb6ae87ee2ee1bfebf77b1e0e,naver,kin,단기 가전 렌탈,KW3,물품 대여 수요,단기 가전렌탈,단기 가전렌탈 12~15개월 정도 가능한 곳 있나요? 냉장고 세탁기(+건조기) 입니다,https://kin.naver.com/qna/detail.naver?d1id=5&dirId=50104&docId=493483253&qb=64uo6riwIOqwgOyghCDroIztg4g=&enc=utf8,지식iN,
5c192d47622be9ec32b5b6ceda31c95b,naver,kin,단기 가전 렌탈,KW3,물품 대여 수요,개인회생 렌탈,"... 필요해서 렌탈가능한 업체 잇을까요 ? 저도 회생 중에 생활가전/전자기기 렌탈 알아봤던 사람인데요, 결론부터... - 단기 렌탈(1일~1개월 단위) 대여점 - 카메라/IT 장비 대여샵에서 아이패드 취급하는 곳이 꽤 있어요. 신분증 + 보증금...",https://kin.naver.com/qna/detail.naver?d1id=6&dirId=60216&docId=493143894&qb=64uo6riwIOqwgOyghCDroIztg4g=&enc=utf8,지식iN,
46bbd30a3a65c008c6a2dc96b01bba0d,naver,kin,단기 가전 렌탈,KW3,물품 대여 수요,새집 이사로 가전 구매 고민,"... 가전은 5년 이상 쓸거면 일시불이 총비용이 더 싸고, 3년 이하 단기 사용이거나 초기비용 부담이 크면 렌탈이 유리하다고 합니다 렌탈은 초기비용이 거의 없고 관리가 편하지만 총 렌탈료가 구매가보다 높아지는 경우가 많고...",https://kin.naver.com/qna/detail.naver?d1id=5&dirId=50104&docId=493059439&qb=64uo6riwIOqwgOyghCDroIztg4g=&enc=utf8,지식iN,
1b257afe9159079b5f94ed5f623a7b31,naver,kin,단기 가전 렌탈,KW3,물품 대여 수요,렌탈 회사가 망한 후 한참 뒤 채권이전됐다고...,김치 냉장고를 렌탈하고 자동이체로 렌탈료를 지불하고 있었어요. 그런데... 가전을 목적물로 하는 임대차계약에서 월 단위로 지급하는 차임의 지급 채권은 3년의 단기소멸시효에 걸립니다. 납부일부터 3년이 지난 월 이용료가...,https://kin.naver.com/qna/detail.naver?d1id=6&dirId=60216&docId=492860727&qb=64uo6riwIOqwgOyghCDroIztg4g=&enc=utf8,지식iN,
90d4bfdf28788f88e21d56350b0d3029,naver,kin,단기 가전 렌탈,KW3,물품 대여 수요,냉장고 세탁기,"... 편리하고 단기 쓰고 바꾸기에도 편해서 큰 가전들은 렌탈로 시작하시는 분들도 많습니다 저라면 오래 쓸거면 브랜드로 그리고 비용 부담이 크면 렌탈도 알아볼 것 같아요 같은 제품도 업체마다 혜택, 조건이 다르기 때문에 바로...",https://kin.naver.com/qna/detail.naver?d1id=5&dirId=50104&docId=492836909&qb=64uo6riwIOqwgOyghCDroIztg4g=&enc=utf8,지식iN,
8622462677e752a898799e3db0e42c83,naver,kin,단기 가전 렌탈,KW3,물품 대여 수요,가전렌탈 소멸시효,"... 2020년에 가전렌탈을 받고 3~4개월 가량 납부후 사정이 여의치 않아 납부를 못했습니다. 아무연락 없다가 경찰에... 그러나 다른 법령에 이보다 단기의 시효의 규정이 있는 때에는 그 규정에 의한다.""라고 규정하고 있는데, 「민법」...",https://kin.naver.com/qna/detail.naver?d1id=6&dirId=6020604&docId=492733737&qb=64uo6riwIOqwgOyghCDroIztg4g=&enc=utf8,지식iN,
3a9c34bdb017767086e84e320df04bad,naver,kin,단기 가전 렌탈,KW3,물품 대여 수요,고인의 가전 렌탈 미납금 조회 하는 법,... 렌탈료 채권은 민법상 3년의 단기 소멸시효가 적용되는 경우가 많으므로 업체 측에 마지막 대금 지급 시점이 언제인지 명확히 확인하는 것이 소멸시효 주장의 핵심입니다. 만약 업체가 자료 제공을 거부한다면 금융감독원이나...,https://kin.naver.com/qna/detail.naver?d1id=6&dirId=60212&docId=491878673&qb=64uo6riwIOqwgOyghCDroIztg4g=&enc=utf8,지식iN,
5c229bb71156f46d8636ca32da9a7502,naver,kin,단기 가전 렌탈,KW3,물품 대여 수요,렌탈채권 소멸시효에 대한 질문,"2019년도 에 보이스피싱으로 저도 모르게 핸드폰이 개통되고 그 핸드폰으로 인하여 가전렌탈이 되어서 2019년도에... 민법 제163조(3년의 단기소멸시효) 다음 각호의 채권은 3년간 행사하지 아니하면 소멸시효가 완성한다. 1. 이자, 부양료...",https://kin.naver.com/qna/detail.naver?d1id=6&dirId=60215&docId=490863317&qb=64uo6riwIOqwgOyghCDroIztg4g=&enc=utf8,지식iN,
31e4fe8408d18768c57be6c78a958379,naver,kin,단기 가전 렌탈,KW3,물품 대여 수요,단기 가구 렌탈(집),"서울에 잠깐 올라오게 되어서 침대, 책상, 티비 정도라도 가구를 단기렌탈하고 싶은데요, 혹시 이런 업체도 있을까요? 안녕하세요! 단 하나의 가전렌탈, 렌타리오 입니다 :) 요즘은 고객님들께서 가전 뿐 아니라 가구도 렌탈로 많이...",https://kin.naver.com/qna/detail.naver?d1id=5&dirId=50501&docId=486529148&qb=64uo6riwIOqwgOyghCDroIztg4g=&enc=utf8,지식iN,
0bf9a1ccabdde8902cf08ea647c4872d,naver,kin,단기 가전 렌탈,KW3,물품 대여 수요,삼성TV 렌탈 저렴한가요?,"... 이런 프리미엄 TV는 구매 후 장기간 사용해도 가치가 유지되는 편이니 단기 사용엔 렌탈도 나쁘진 않으나, 오래... ▲△▲△▲△▲△ 답변이 도움이 되셨기를 바라며, TV를 비롯한 다양한 가전제품 관련하여 궁금한 점 있으시다면...",https://kin.naver.com/qna/detail.naver?d1id=5&dirId=50103&docId=364877444&qb=64uo6riwIOqwgOyghCDroIztg4g=&enc=utf8,지식iN,
a2f608d2c7e9ee864e069e1f0337f343,naver,kin,단기 가전 렌탈,KW3,물품 대여 수요,전남 광주 에어컨 단기 렌탈 스탠드 형,... 단기렌탈은 없습니다. 가정용은요. 업체용으로 외부 행사에 사용하는 에어컨같은경우는 단기로 렌탈을 진행하지만... 답변이 되셨다면 채택 부탁드립니다. 가전제품 렌탈이 필요하시면 프로필 링크 확인 부탁드립니다.,https://kin.naver.com/qna/detail.naver?d1id=5&dirId=50104&docId=487893415&qb=64uo6riwIOqwgOyghCDroIztg4g=&enc=utf8,지식iN,
47eeccf4feab362f28ab139ab7e19baa,naver,kin,단기 가전 렌탈,KW3,물품 대여 수요,가전제품 제 신용점수로 렌트가능할까요?,"... 가전제품렌탈 새제품,인수형방식으로 진행 가능하세요! 신용점수가 낮으셔도 승인처리 해볼수 있으며, 실제로... 월납부방법도 원하시는 방법으로 자유롭게 설정 선택 가능하시며, 단기계약은 불가합니다. 36~72개월 중...",https://kin.naver.com/qna/detail.naver?d1id=6&dirId=60203&docId=485114806&qb=64uo6riwIOqwgOyghCDroIztg4g=&enc=utf8,지식iN,
2b5f5671e2b4b98d0b595d0ee5656447,naver,kin,단기 가전 렌탈,KW3,물품 대여 수요,가전 구독 괜찮은가요? 어디서 하는 게 좋아요?,... 이곳은 LG 가전구독 상담이 전문화되어 있어서 ✔ 본인 라이프스타일에 맞는 제품 추천 ✔ 단기/장기 구독 비교 ✔ 구독 vs 구매 vs 렌탈 분석 ✔ 여름가전 특화 모델 안내 등 정말 실속 있는 안내를 받으실 수 있어요! 가전구독에...,https://kin.naver.com/qna/detail.naver?d1id=5&dirId=501&docId=485883500&qb=64uo6riwIOqwgOyghCDroIztg4g=&enc=utf8,지식iN,
89033834759b6631ab5f67f4c6260ae3,naver,kin,단기 가전 렌탈,KW3,물품 대여 수요,김천에 에어컨 단기렌탈 가능한곳,"... 가전 단기 렌탈 (시즌 렌탈) 고릴라 렌탈: 세탁기, 냉장고, 에어컨 등 중고 가전 1~12개월 단기 렌탈 가능. 여름엔 에어컨 단기대여 많이 이용됨 xn--299ar6vqrd.com+2gorilla-rental.com+2facebook.com+2. 빌리고 (가전 구독...",https://kin.naver.com/qna/detail.naver?d1id=5&dirId=50104&docId=486257551&qb=64uo6riwIOqwgOyghCDroIztg4g=&enc=utf8,지식iN,
72b7768db8c71c71778b53b11115bc60,naver,kin,단기 가전 렌탈,KW3,물품 대여 수요,벽걸이 에어컨 1달만 대여 가능할까요?,... 에어컨 단기 렌탈 방법 1) ‘단기 가전 렌탈’ 전문 업체 검색네이버에 ‘에어컨 1개월 렌탈’ 또는 ‘단기 가전 렌탈’로 검색하면 해당 서비스를 제공하는 업체를 확인할 수 있습니다.2) 지역 기반 중고 렌탈 서비스 이용번개장터...,https://kin.naver.com/qna/detail.naver?d1id=5&dirId=50104&docId=486033831&qb=64uo6riwIOqwgOyghCDroIztg4g=&enc=utf8,지식iN,
2683718dd4281e0890a6dd375ee163f6,naver,kin,단기 가전 렌탈,KW3,물품 대여 수요,부산 가정집 에어컨 단기렌탈,"이사 예정이라 이번시즌 여름만 안방 벽걸이형 에어컨이 필요한데 3~4개월 단기 렌탈 가능한곳이 있을까요? 지역은... 혹시 에어컨 렌탈 관련해서 추가적으로 궁금한 점이 있으시거나, 다른 가전제품 렌탈 정보도 필요하시다면, 제가 아는...",https://kin.naver.com/qna/detail.naver?d1id=5&dirId=50104&docId=485942329&qb=64uo6riwIOqwgOyghCDroIztg4g=&enc=utf8,지식iN,
b920548eb08f6c3d3b57e60c484fa5e9,naver,kin,단기 가전 렌탈,KW3,물품 대여 수요,에어컨 단기렌탈 서울,에어컨 렌탈 문의드립니다 6월부터 9월까지 렌탈하고싶은데 이렇게 짧게 단기렌탈 하는 것도 알수잇을까요? 구독&렌탈소개 안녕하세요. LG전가 온라인 인증점(주)경남 입니다. 가전렌탈&구독에 대해 문의주셨습니다. 다양한...,https://kin.naver.com/qna/detail.naver?d1id=5&dirId=50104&docId=481924218&qb=64uo6riwIOqwgOyghCDroIztg4g=&enc=utf8,지식iN,
bc8660e26047f60776c9bbb30625106f,naver,kin,단기 가전 렌탈,KW3,물품 대여 수요,가전 렌탈 조건 낮은곳 있나요???,가전렌탈 하려고 신청도 해보고 했는데 가전렌탈 신청하는곳마다 안된다고 하네요.. 신용점수 문제인거 같아요.... 중고·리퍼 제품 렌탈 - 새 제품보다 조건이 완화됨 - 단기 렌탈이나 이사 일정에 유리 4. 저신용자 전용 상품 운영 업체...,https://kin.naver.com/qna/detail.naver?d1id=5&dirId=501&docId=391448600&qb=64uo6riwIOqwgOyghCDroIztg4g=&enc=utf8,지식iN,
c10c6dd34d5cd2fcaabb45702107ec7a,naver,kin,단기 가전 렌탈,KW3,물품 대여 수요,쿠팡 알바 무단결근,"... 무단 결근은 여태까지 단기로 다니면서 처음 해봤어요. 근데 사용자가 없다면서 로그인이 안 돼요ㅠㅠ 도대체 왜... 블랙인가요? 안녕하세요, 종합가전렌탈 여우렌탈 입니다. 일방적으로 무단결근하신경우 출근이 어렵습니다, 감사합니다.",https://kin.naver.com/qna/detail.naver?d1id=4&dirId=40611&docId=483861061&qb=64uo6riwIOqwgOyghCDroIztg4g=&enc=utf8,지식iN,
69dfa5874fb709521bca396bbbea4934,naver,kin,단기 가전 렌탈,KW3,물품 대여 수요,단기 연체 기준과 이로 인한 불이익이 어떻게 되나요?,... 인터넷·가전제품 렌탈 서비스 신청 시 거절될 가능성 있음 단기 연체 기록 보존 기간 최대 3년간 금융사 내부 및 신용평가사에 기록 유지 일정 기간이 지나면 신용점수 서서히 회복 가능 단기 연체 후 신용 회복 방법 ✔ 연체 즉시...,https://kin.naver.com/qna/detail.naver?d1id=4&dirId=4010505&docId=480717333&qb=64uo6riwIOqwgOyghCDroIztg4g=&enc=utf8,지식iN,
4801f3bce91bba6bab5fd19bfad183cd,naver,kin,단기 가전 렌탈,KW3,물품 대여 수요,노트북or데스크탑 렌탈,과거에 단기연체기록 있는데 렌탈 되는곳이 있을까요 kcb 647 / 나이스 733 입니다 bs / 이니 둘다 안된다고... 안녕하세요 대명아임레디 가전제품 결합 담당자 김홍구 입니다 타업체 대비 승인율이 높은편이며 가장 좋은건...,https://kin.naver.com/qna/detail.naver?d1id=1&dirId=10101&docId=480190996&qb=64uo6riwIOqwgOyghCDroIztg4g=&enc=utf8,지식iN,
c6ae2aa4da5dea1624b964d49b9afdf2,naver,kin,단기 가전 렌탈,KW3,물품 대여 수요,냉장고 처리와 2개월 렌탈 문의,... 있습니다.] ⬆⬆⬆⬆⬆⬆⬆⬆⬆⬆⬆⬆⬆⬆⬆ 가전 렌탈의 경우 대부분 만기 인수형 렌탈형식입니다.2달만 단기로 렌탈이 가능한곳은 찾기 힘들거 같네요. 만약 새로 구입하시기 부담스러우시면 인수형렌탈로 하시고 신용카드...,https://kin.naver.com/qna/detail.naver?d1id=5&dirId=501&docId=479074791&qb=64uo6riwIOqwgOyghCDroIztg4g=&enc=utf8,지식iN,
a8db216779ae71758dc7861a64fe8ea6,naver,kin,단기 가전 렌탈,KW3,물품 대여 수요,가전렌탈 어떻게 하나요?,"... 가전렌탈을 해야 될 것 같아서 알아보고 있는데 가전렌탈 해야 될 게 조금 있는 상황이라 비용적인 부분이 부담이 되네요 비용 부담없이 가전렌탈 할 수 있는 방법 있을까요? 인수형 장기 렌탈이 아니라, 렌탈 종료 후 반납하는 단기...",https://kin.naver.com/qna/detail.naver?d1id=11&dirId=110803&docId=472330713&qb=64uo6riwIOqwgOyghCDroIztg4g=&enc=utf8,지식iN,
56d5e39885e84193a2af407e41916548,naver,kin,단기 가전 렌탈,KW3,물품 대여 수요,도와주십쇼!!ㅠㅠ <냉장고 단기렌탈>,"... ㅜㅜ 이사가는 집이 풀옵션인줄 알았는데 옵션이 안들어간다고 하네요... 단기로 3개월만 렌탈 해주는곳 어디없을까요?? 고릴라 렌탈이라고, 중고 가전 단기 렌탈 업체가 있어요~ 중고 사는거보다 싸고 3개월 렌탈도 가능하더라구요.",https://kin.naver.com/qna/detail.naver?d1id=12&dirId=1209&docId=476939294&qb=64uo6riwIOqwgOyghCDroIztg4g=&enc=utf8,지식iN,
e6c910f316b08b9253724b802e2330ec,naver,kin,단기 가전 렌탈,KW3,물품 대여 수요,가전제품 견적 요청,"가전제품 견적 요청 드립니다. 안녕하세요! 쓰던 요금 그대로 새 제품 받고 사은품 최대로 지급하는 '아정당 렌탈... 구매로 진행시는 일시불이나 단기할부로 부담이 되실 수 있어, 렌탈을 이용해 초기 비용 부담을 줄이는것도 좋은...",https://kin.naver.com/qna/detail.naver?d1id=5&dirId=501&docId=407403432&qb=64uo6riwIOqwgOyghCDroIztg4g=&enc=utf8,지식iN,
f0a89654c957d56d6e02543748cc311a,naver,kin,단기 가전 렌탈,KW3,물품 대여 수요,소득에 비해 저축. 소비 평가 개선방향,... 멜론 등등) -가전렌탈 58900 저축 152만 -청년도약적금 500000 -단기적금 200000 -단기적금 300000 -청년청약 20000 -예금(비상금저축) 500000~600000 - 여유자금 100~90만원 * 모든 생활비 신용카드사용 생활비(식비교통비등) 신용카드 2장사용...,https://kin.naver.com/qna/detail.naver?d1id=4&dirId=40104&docId=472487342&qb=64uo6riwIOqwgOyghCDroIztg4g=&enc=utf8,지식iN,
50eef3d2d7488932cb40773ff08ab07f,naver,kin,단기 가전 렌탈,KW3,물품 대여 수요,노트북 렌트 어디사?,3d설계프로그램 돌릴 노트뷱 렌트하고 싶어요 장기간 렌탈 알아보시는 건지 단기 렌탈 알아보시는 건지 궁금하네요 장기렌탈(3~5년 렌탈 후 본인 소유)알아 보신다면 가전 렌탈하는 곳에서 렌탈이 가능합니다,https://kin.naver.com/qna/detail.naver?d1id=12&dirId=1207&docId=472820328&qb=64uo6riwIOqwgOyghCDroIztg4g=&enc=utf8,지식iN,
fe7827b657fecd1621d51f3e286c8fe6,naver,kin,단기 가전 렌탈,KW3,물품 대여 수요,기계렌탈 신용조회,... 원래 가전렌탈(3년 ~ 5년)할 때 신용 조회가 필수이긴 한데 단기렌탈의 경우에는 안 하기도 합니다만 하는 것이 이상한 건 아닙니다 고가의 노트북 제품을 빌려 주는 계약이라 업체측에서는 신용 조회를 할 수 있습니다.,https://kin.naver.com/qna/detail.naver?d1id=5&dirId=50202&docId=472722199&qb=64uo6riwIOqwgOyghCDroIztg4g=&enc=utf8,지식iN,
7f13a01a097950e80f2f3ec5c42c97b2,naver,kin,단기 가전 렌탈,KW3,물품 대여 수요,가전제품 단기렌탈하려는데 신용조회 질문드립니다.,품렌탈이라는곳에서 컴퓨터 단기렌트(30일) 하려고합니다. 근데 신용조회해서 신용점수를 보고 렌트를해준다더라구요. 이렇게 렌트업체에서 신용조회하면 등급이떨어지거나 조회 기록이남아서 안좋은 영향이가나요?,https://kin.naver.com/qna/detail.naver?d1id=5&dirId=50104&docId=470267063&qb=64uo6riwIOqwgOyghCDroIztg4g=&enc=utf8,지식iN,
3f2cd822aca3d34fd819a4c726c51164,naver,kin,단기 가전 렌탈,KW3,물품 대여 수요,전자레인지 단기렌탈,... 사용 후 다시 구입가로 파셔도 될 것 같습니다 전자레인지 자체가 고장이 잘 안 나서 20년 쓰는 사람도 있으니 6개월 정도 사용해도 중고로 사신 금액 그대로 파는 것 괜찮아요 추후 이사가실 때 가전 렌탈 시 제 아이디 참고해주세요^^,https://kin.naver.com/qna/detail.naver?d1id=5&dirId=50104&docId=468807178&qb=64uo6riwIOqwgOyghCDroIztg4g=&enc=utf8,지식iN,
4f11306253a8d4ab6468b7c07eb610f1,naver,kin,단기 가전 렌탈,KW3,물품 대여 수요,스타일러 렌탈 해지 관련 질문드립니다,... 다음부턴 가전같은 렌탈은 하지마세요. 초기비용이 없어도 차라리 할부로 구매하시는게 낫습니딘. 렌탈은 구매 고민일때 단기로 체험하는 용도로만 사용하는겁니다. 필요한물건인지 아닌지..,https://kin.naver.com/qna/detail.naver?d1id=6&dirId=60216&docId=462278332&qb=64uo6riwIOqwgOyghCDroIztg4g=&enc=utf8,지식iN,
d1000ae87a23770c6072126c5652e59a,naver,kin,단기 가전 렌탈,KW3,물품 대여 수요,"침대,소파 단기 렌탈",부모님께서 승강기 교체 기간 나와 계실때 사용할 침대와 소파를 6주 단기렌탈 하고 싶은데 찾을수가 없네요 단기 렌탈 가능한 곳 있음 알려주세요 장소는 의정부예요 안녕하세요. 가전렌탈 전문 렌탈타운입니다. 문의사항 1877-3031로...,https://kin.naver.com/qna/detail.naver?d1id=5&dirId=50501&docId=447508226&qb=64uo6riwIOqwgOyghCDroIztg4g=&enc=utf8,지식iN,
21b502e7c0b7c701f25a1806f102b044,naver,kin,단기 가전 렌탈,KW3,물품 대여 수요,렌탈 문의,"... kr › pages › pc_rental 컴퓨터 부문 소비자만족도 2년 연속 1위, 컴퓨터 및 가전/생활제품 종합 쇼핑몰... 품렌탈 최신제품 단기렌탈 서비스 pooomrt.com https://pooomrt.com 품렌탈 · 단기렌탈 노트북 · 단기렌탈 태블릿...",https://kin.naver.com/qna/detail.naver?d1id=1&dirId=108&docId=446763903&qb=64uo6riwIOqwgOyghCDroIztg4g=&enc=utf8,지식iN,
061032ff16b9777775697286b85c9cf2,naver,kin,단기 가전 렌탈,KW3,물품 대여 수요,가전제품 단기간 렌탈,제습기 단기간 렌탈 하려고 하는데 혹시 이런 가전제품도 단기간 렌탈이 가능 할까요? 가격은 조금 더 비싸겠지만 상관 없구요~ 최소3개월 길면 6개월까지 단기간 렌탈 하려고 합니다. 가전제품 렌탈은 무조건 1년 단위인지도 궁금해요!...,https://kin.naver.com/qna/detail.naver?d1id=5&dirId=50104&docId=445776072&qb=64uo6riwIOqwgOyghCDroIztg4g=&enc=utf8,지식iN,
74a6bc7a22a378572e7da50f3531b858,naver,kin,단기 가전 렌탈,KW3,물품 대여 수요,창문형 에어컨 렌탈,"창문형 에어컨 6개월정도 여름만 렌탈하고 싶은데 단기 렌탈도 가능한가요?? 창문형 에어컨 렌탈은... 총판렌탈 "" 짱짱렌탈 "" 입니다^^ ▣모든 브랜드 & 상상초월 가전제품까지 다 렌탈! ▣렌탈은 구매가 중점이...",https://kin.naver.com/qna/detail.naver?d1id=5&dirId=50104&docId=444133310&qb=64uo6riwIOqwgOyghCDroIztg4g=&enc=utf8,지식iN,
473b156d2b82491d7e3b6ee0e55a6271,naver,kin,단기 가전 렌탈,KW3,물품 대여 수요,가정에서 사용할 컴퓨터 가전렌탈을 받고싶은데...,안녕하세요 현재 컴퓨터 가전렌탈을 보고 있습니다. 나이는 23세이며 만으로는 21세입니다. 성별은 남자이며... 1.2.3일~~ 단기뿐만 아니라 1달.2달.3달 등등~~12개월 24개월도 가능하고요. 조립미니제품도 있고요 . 반납형과 인수형 등등...,https://kin.naver.com/qna/detail.naver?d1id=5&dirId=50104&docId=440335883&qb=64uo6riwIOqwgOyghCDroIztg4g=&enc=utf8,지식iN,
ec7ceb401a822896c3f0650b78ab914b,naver,kin,단기 가전 렌탈,KW3,물품 대여 수요,방송용 게이밍 컴퓨터 본체랑 기타 등등 세트로 렌탈,... 일단 최소 결제 가격은 생각하고 있지 않지만 단기간 알바를 하는 저에게 알맞는 렌탈을 해주시는 곳이면 더... 세트는 가전제품 뿐만아니라 납입기간동안 전국 대명리조트 소노캄 쏠비치 1년에 10박 숙박할인도 함께 드립니다...,https://kin.naver.com/qna/detail.naver?d1id=5&dirId=502&docId=438610226&qb=64uo6riwIOqwgOyghCDroIztg4g=&enc=utf8,지식iN,
b191be9936b9527ca2d875214a00ec49,naver,kin,단기 가전 렌탈,KW3,물품 대여 수요,가전제품 렌탈이용후 반납되나요???,전세집 계약하였고 옵션이 하나도없어서 입주후 당장 필요한 가전제품들을 대략적으로 구입을 해야하는데 2년뒤에... 원하시는데 단기렌탈을 하는 업체들의 경우엔 중고제품으로 배송되고 그 단기의 기준은 1~6달 정도가 적당하며...,https://kin.naver.com/qna/detail.naver?d1id=5&dirId=50104&docId=428423384&qb=64uo6riwIOqwgOyghCDroIztg4g=&enc=utf8,지식iN,
dfd554a3b5df2b66d35b5c7b977401cc,naver,kin,단기 가전 렌탈,KW3,물품 대여 수요,"단기로 잠깐 사용할 가전,가구 어떻게 구하나요","... 그래서 단기렌탈도 알아봤는데 구하기가 쉽지가 않고 중고도 새거랑 별 차이없이 몇십만원이나 하더라구요..... 보통 이럴때 다른분들은 어떻게 하시는지 궁금합니다ㅠ 어차피 가전,가구들은 지속적으로 사용하실려고 하는거잖아요.....",https://kin.naver.com/qna/detail.naver?d1id=8&dirId=8080103&docId=429752022&qb=64uo6riwIOqwgOyghCDroIztg4g=&enc=utf8,지식iN,
bcef07ecf6be62c97ccbaeca40e35db8,naver,kin,단기 가전 렌탈,KW3,물품 대여 수요,게이밍컴퓨터렌탈,게이밍컴퓨터 렌탈 가능한곳이요 97년생 군필 26살 남자고 기혼 신용카드 사용합니다 단기연체이력 있어요 상조X 차라리 구매하라는둥 그런말 사절합니다 안녕하세요 가전렌탈 전문점 모든렌탈입니다. 게이밍PC 렌탈...,https://kin.naver.com/qna/detail.naver?d1id=1&dirId=10103&docId=428229939&qb=64uo6riwIOqwgOyghCDroIztg4g=&enc=utf8,지식iN,
19c5e9697a4058ad13b2869561287bd0,naver,kin,단기 가전 렌탈,KW3,물품 대여 수요,에어컨 렌탈질문이요,... 아니면 예를 들어 제가 3개월이든 6개월이든 단기 렌탈대여가 가능한지도 알고싶어서요 오래쓸려고 하지않아서요... 복잡한 렌탈 알아보신다고 고민 많으시죠 국내 가전제품 모든 브랜드 취급하고 있으니 아래링크로 연락주시면...,https://kin.naver.com/qna/detail.naver?d1id=5&dirId=50104&docId=388482483&qb=64uo6riwIOqwgOyghCDroIztg4g=&enc=utf8,지식iN,
1a77e1ae61df04d6e37a29af7fefb002,naver,kin,단기 가전 렌탈,KW3,물품 대여 수요,가전제품 렌탈,... 렌탈 후 반납을 해야하는건가 제가 갖는건가 궁금합니다! 렌탈 할때 조건이나 꿀팁 같은거 알려주시면 감사하겠습니다! 계약 조건이 다 다릅니다 신제품 장기 계약은 계약 만료 시 자기 소유되고 단기 렌탈은 반납 조건도 있어요.,https://kin.naver.com/qna/detail.naver?d1id=5&dirId=50104&docId=426497781&qb=64uo6riwIOqwgOyghCDroIztg4g=&enc=utf8,지식iN,
c7e4bfd1f695d3b3581069f499fc4c68,naver,kin,단기 가전 렌탈,KW3,물품 대여 수요,메이플용 2달정도 노트북 단기렌탈 가능한 곳,... 신용없어도 되는 단기렌탈 가능한 곳이 있을까요? 안녕하세요 대명아임레디 특판 1본부 김홍구 본부장입니다... 관심 있으시면 연락주세요 ^^ 대명아임레디가입 대명아임레디 https://cafe.naver.com/imready1/500 대명아임레디 가전제품,https://kin.naver.com/qna/detail.naver?d1id=1&dirId=10102&docId=423409631&qb=64uo6riwIOqwgOyghCDroIztg4g=&enc=utf8,지식iN,
6a294e809d44e3453750d022d058889b,naver,kin,단기 가전 렌탈,KW3,물품 대여 수요,천안 스텐드에어컨 6개월 렌탈 가능한 곳 있을까요?,... 가전렌탈은 단기 렌탈이 힘듭니다. 말씀하신데로 천안지역에서 중고에어컨이나 에어컨을 많이 보유하고 계신 분이 있다면 렌탈로 돌릴수도 있겠으나 에어컨이 고가인데 여름에 잠시 3개월이나 6개월 렌탈해드리고 나머지...,https://kin.naver.com/qna/detail.naver?d1id=12&dirId=121507&docId=418259448&qb=64uo6riwIOqwgOyghCDroIztg4g=&enc=utf8,지식iN,
96e069a1e602df7525eb31324a5e414d,naver,kin,단기 가전 렌탈,KW3,물품 대여 수요,제주도 가전/가구 단기렌탈 문의드려요,"제주도에 1년정도 머무를 예정인데, 제주도나 아니면 전국업체 중에 1년단위로 가전이나, 가구 렌탈가능한 업체 있으면 추천부탁드립니다.",https://kin.naver.com/qna/detail.naver?d1id=8&dirId=809&docId=419300169&qb=64uo6riwIOqwgOyghCDroIztg4g=&enc=utf8,지식iN,
121c2e3e4a4051f2070881f02c24b9bc,naver,kin,단기 가전 렌탈,KW3,물품 대여 수요,가전제품 렌탈에 대해 알려주십시오.,"... 계약기간 끝나면 내 물건이 되는거다.라고 하는데, 어떤 것이 맞는 건지 알려주십시오 가전제품 렌탈이 단기로 몇개월이 아니라 2-3년 정도 장기로 하는거라서 계약기간이 끝나면 본인 소유가 되는 방식입니다. 즉 수거 안해가요. 단...",https://kin.naver.com/qna/detail.naver?d1id=5&dirId=501&docId=418189845&qb=64uo6riwIOqwgOyghCDroIztg4g=&enc=utf8,지식iN,
f406a6be7075d45f734513ca023a1c48,naver,kin,단기 가전 렌탈,KW3,물품 대여 수요,게이밍pc 렌탈 질문,... 게이밍 pc 렌탈은 다른 가전보다 승인기준이 높습니다. 단기렌탈로 진행하시는 방법 추천드립니다. 단기렌탈은 신용과 나이 제한이 없습니다^^ 링크 남겨드리겠습니다. 링크 통해 사이트에 문의 남겨주시면 친절 상담...,https://kin.naver.com/qna/detail.naver?d1id=5&dirId=50201&docId=416609650&qb=64uo6riwIOqwgOyghCDroIztg4g=&enc=utf8,지식iN,
a320679729386250413ec842d5658753,naver,blog,원룸 가구 대여,KW3,물품 대여 수요,원룸 월세 절약 꿀팁,혼자 사는 사람들을 위한 월세 절약 완전 가이드 팁 요약 원룸 월세는 생활비의 큰 부분을 차지합니다.... 가구·생활비 절약 팁 - 중고 가구·가전 활용: 오픈마켓·지역 카페에서 상태 좋은 중고 가전·가구를...,https://blog.naver.com/sigh14932/224319204160,sigh14932님의 블로그,2026-06-18
1888c29108ede2c03290fab54754d627,naver,blog,원룸 가구 대여,KW3,물품 대여 수요,내 돈 지키는 원룸 이사 비용 반값으로 줄이는 실전 꿀팁,원룸이나 소형 가구 이사는 대략 15만 원에서 40만 원 정도가 평균적인 선으로 잡히는데요. 하지만... 업체에 박스 대여나 포장을 맡기면 인건비와 자재비가 그대로 청구되니까요. 벽걸이 TV나 에어컨 같은 특수...,https://blog.naver.com/wookanmaster/224318615213,스마트머니365,2026-06-17
30ff8b36855adf2c229beedde556ca50,naver,blog,원룸 가구 대여,KW3,물품 대여 수요,"창고 사이즈,대부분 같은 데서 한 번 후회해요.","▫ 원룸 한 집 이사 짐 ▫ 가구 일부 + 가전 + 박스 다수 ▫ 대량 재고, 부피 큰 상품 ▫ 큰 장비·시즌... ✔ 사업자등록 주소 제공 ✔ 우편물·서류 수취 대행 ✔ 회의실 시간제 대여 창고 + 비상주를...",https://blog.naver.com/yellobox-official/224316866053,청주 비상주 사무실 & 무인창고 옐로박스,2026-06-15
18bab3edccd39fe64fa4a27c158d0011,naver,blog,원룸 가구 대여,KW3,물품 대여 수요,가또블랑코 캣타워 아이언 캣폴+발판3개 구매 전 확인할 점,"핵심 요약 바닥 면적을 크게 쓰지 않는 캣폴 형태라 원룸이나 거실 한쪽에도 배치 검토가 쉽습니다 발판... 벽 고정이 필요한 구조인지, 천장 높이나 주변 가구 간격이 충분한지도 같이 확인해야 나중에 배치가...",https://blog.naver.com/falfruit/224315281487,falfruit님의 블로그,2026-06-14
83970435ae04441a43b4191f763c6fdf,naver,blog,원룸 가구 대여,KW3,물품 대여 수요,노지 캠핑 파워뱅크 대여 가격과 비대면 반납 직접 해본 후기,주말에 청소하다가 가구 배치 바꿀 때 느끼는 그런 묵직함과는 비교가 안 될 정도로 무겁습니다.... 사서 원룸에 보관하는 것보다는 필요할 때만 대여하는 게 훨씬 경제적이라는 생각이 들더라구요. 1박 2일...,https://blog.naver.com/jason190/224314355854,잡동사니 BLOG,2026-06-13
fb2f89db6121501ca562888404419014,naver,blog,원룸 가구 대여,KW3,물품 대여 수요,삼성 비스포크 견적 인덕션 대여 알아보시나요 신일 나비엔 3구...,"2구 화구는 1인 가구나 신혼부부처럼 사용 빈도가 높지 않거나, 보조 화구로 활용하기에 적합해... ◆작은 주방 공간에 실용적인 선택 이 제품은 넓은 공간을 차지하지 않아 좁은 주방이나 원룸...",https://blog.naver.com/overtly91543/224313385263,overtly91543님의 블로그,2026-06-12
d31c6e747e8a49bd2848722792815431,naver,blog,원룸 가구 대여,KW3,물품 대여 수요,"집이 넓어지는 마법, 스트레스까지 비워낸 셀프스토리지 활용...","미니창고 대여 서비스예요. 집 밖에 나만의 작은 보관공간을 마련해 두고, 자주 쓰지 않는 짐만 따로 빼놓는 거죠. 짐은 그대로지만 생활공간은 훨씬 넓어지니까, 소형 평수에 사는 1~2인 가구에 특히 인기입니다....",https://blog.naver.com/extra_space_asia/224313076971,엑스트라 스페이스 셀프 스토리지,2026-06-11
f9f0c0b85b8907731cf65df49ed1ddb9,naver,blog,원룸 가구 대여,KW3,물품 대여 수요,이사박스 대량 구매 혜택,"- 수량 계산 팁: 원룸 기준 책·옷·주방 포함 약 40~50개, 투룸은 80~120개 예상. 집 크기와 물건량에 따라 ±20% 여유를 두세요. 2) 어디서 싸게 구하나(구매·대여 채널) - 대량구매는 온라인 도매(도서관·사무용...",https://blog.naver.com/p68c320/224312590504,p68c320님의블로그,2026-06-11
7e64841d5da4a2d5404a93292b35f503,naver,cafe,원룸 가구 대여,KW3,물품 대여 수요,"남해 다랭이마을의 수려한 계단식 논 산책과 독일마을 문화 체험, 남해 벚꽃길 지나서 펜션(beotkkotgil ji...","야외 가구들을 어찌나 성실하고 정갈하게 가꾸시는지 흠잡을 데 없이 무척 깨끗하고 기분이 좋았답니다. 저녁 시간에 사장님께 유료 대여 서비스를 신청하면 참숯 그릴 용품과 함께 쌈장, 소금 등 기본적인 가이드 양념...",http://cafe.naver.com/hassrd/19380,여행가서 모하지,
495d42c3118522cf13e8ab8002f29f36,naver,cafe,원룸 가구 대여,KW3,물품 대여 수요,대한민국의 삶,6배 늘어… 외로움 이제 국가 관리 과제로 지난 10일 서울 도봉구의 한 원룸에서는 유품 정리가... 토지거래허가구역에서 주택 매수자에게 적용되는 실거주 의무를 세입자가 있는 모든 주택을 대상으로 연말까지...,http://cafe.naver.com/greenb0k6k/182369,김문채,
a8867eaff171a745feded56d0ecaa6f2,naver,cafe,원룸 가구 대여,KW3,물품 대여 수요,[한국토지주택공사] 2026년 5월 3주차 기관 주요 뉴스브리핑,747가구와 부대복리ㆍ근린생활시설 등을 조성하는 것이다. 이밖에 부산에선 망미5구역 재개발..... 금전 대여 결정 ▲자연과환경(043910)=한국토지주택공사와 40억 원 규모 토양 오염 정화 용역...,http://cafe.naver.com/pinkbrgd1/3893,공공라운지 ★ 혁신도시 공공기관·공...,
125e1cd2da55a8c6eeb18c9538e78f0f,naver,cafe,원룸 가구 대여,KW3,물품 대여 수요,"1인용 컴퓨터책상 이동식 책상 선반형 다용도 데스크 홈오피스 노트북 테이블, 화이트 솔직리뷰 후기","쉽고 가벼운 공간 절약형 가구, 당신의 작업 공간 고민을 더 깔끔하게 해결해요! ￦ 37,450원 첫인상은 어땠나요... 이동식 특성으로 공간 대여가 잦은 경우도 편하고 소형 원룸에서도 충분히 활용 가능해요. 가격 대비 성능이...",http://cafe.naver.com/ourman/232806,필리핀 세부 캡슐트레블 - 자유여행/맛...,
7a9b20e29dc2b0d6be4517d2f4a1d861,naver,cafe,원룸 가구 대여,KW3,물품 대여 수요,은평구 이사청소 전문가처럼 준비해보니 결과는,"작은 원룸도 정리와 도장 자국 제거, 창틀 세척, 욕실의 석회질 제거까지 포함하면 사람 셋이 꼬박 반나절은... 장비 대여나 특수 세정제 사용은 별도 항목으로 계산되는 경우가 많습니다. 은평구 이사청소를 기준으로 볼 때...",http://cafe.naver.com/jeanpierrefarrongd3/886,더 깨끗한 공간,
68988430838ff6c11020e0c5a41e069c,naver,cafe,원룸 가구 대여,KW3,물품 대여 수요,국회의원SNS소식20260331화요일,"국회의원 최기상 18시간전 1인 가구 800만 시대, 1인가구 주거실태조사 내실화법 대표발의 오늘(3/30) 1인 가구... 인근 원룸으로 불이 번지지 않게 차단하고 귀가 들리지 않는 할아버지를 대피시키는가 하면...",http://cafe.naver.com/jungamironware/9969,정암철물,
b5a825b15e228354949f2425f3771116,naver,cafe,원룸 가구 대여,KW3,물품 대여 수요,대한민국의 삶,"…김지호 “습관 때문” 해명 배우 김지호가 공공 도서관에서 대여한 책에 밑줄을 그어 SNS에 인증했다가... 13:49“혼자 사는 사람, 다인 가구보다 더 빨리 죽는다” 혼자 사는 사람이 가족과 함께 사는 사람보다 65세...",http://cafe.naver.com/greenb0k6k/173870,김문채,
0ecb0eea02c4e36ed52e7fb2c39d67be,naver,cafe,원룸 가구 대여,KW3,물품 대여 수요,단기임대 호스트 질문 총정리 | 2월 2주차 단기임대,원룸 단기임대 사업자를 내려고 하는데 어떤 것으로 내셨나요? -> 공간대여업으로 사업자 등록을 내시면 됩니다. 홈택스에서 확인해보세요. Q. 단기임대 침구 식기류만 없으면 되나요? 다른 가구들은 있어도 되나요? -> 네...,http://cafe.naver.com/gongichanglab/267,에어비앤비 라운지 by 공이창,
7bea6aa1c0534972f71bb4de546db677,naver,cafe,원룸 가구 대여,KW3,물품 대여 수요,원룸 이사 비용 어느정도면 충분한가요?,"집에는 가구, 큰짐 없습니다 TV, 일체형컴퓨터 그리고 잔짐들이 있는데 보통 원룸 이사 비용 견적은 얼마부터 시작이며 박스 대여 가능 여부도 문의 드립니다 원룸 이사 비용에서 가장 절약할 수 있는 방법이 뭔지도...",http://cafe.naver.com/zbxl1122/16158,"비교의기술 - 생활정보,가격비교,정보...",
207d54bf7893e324417ce41b82d604ed,naver,news,원룸 가구 대여,KW3,물품 대여 수요,고독사 6년새 1.6배 늘어… 외로움 이제 국가 관리 과제로,지난 10일 서울 도봉구의 한 원룸에서는 유품 정리가 한창이었다. 불과 몇 주 전까지 이곳에 살던 사람은... 명의 대여 수수료를 제외하고 공사 금액을 돌려받는 방식으로 계약을 맺었지만 명의를 빌려준 업체는 약속과...,https://www.kmib.co.kr/article/view.asp?arcid=1778660729&code=11131100&cp=nv,www.kmib.co.kr,2026-05-14
cc5e33f8780090fc30460420e7a24403,naver,news,원룸 가구 대여,KW3,물품 대여 수요,사유재산권 제한하면 반드시 비극 찾아온다,"그래서 소설 대여를 금지하고, ‘음란한 책’들을 압수해 불태웠으며, 세책업자들을 잡아다 곤장을 쳤다.... 그러나 청년안심주택 중 원룸 임대 등을 통계에서 빼야 해, 민간에서는 실제로는 2만5000가구 수준으로 본다....",https://shindonga.donga.com/3/all/13/6203860/1,shindonga.donga.com,2026-04-30
de8bf68d9fc7db9308840977c5a26aa3,naver,news,원룸 가구 대여,KW3,물품 대여 수요,월 800만 원 버는 80대 부부 “집값만 비싼 친구들이 부러워해요”[은퇴...,같은 주택 반지하에는 원룸 구조의 독립된 숙박 공간이 있다. 성인 한두 명이 머물기 적합한 아담한 방에... 서울시는 코리아스테이 호스트들에게 손님을 연결해 주고 필요하면 침대 등 가구도 대여해 주면서 사업이...,https://www.donga.com/news/Society/article/all/20260213/133365994/2,www.donga.com,2026-02-14
b4ad2963290d26fc8ff5ccdc22424bb0,naver,news,원룸 가구 대여,KW3,물품 대여 수요,"화려한 뉴욕의 그늘, 쪽방서 숨진 이민자들‥맘다니를 호출하다 [World N...","맨해튼도 아닌 퀸즈의 원룸 평균 월세는 올해 2,395달러(MNS Real Estate, 6월 발표)를 기록했습니다. 게다가 지난해 기준 뉴욕시 통계에 따르면, 이민자 가구의 소득은 미국 태생 가구 소득의 75% 수준이고 시민권이 없을 경우엔...",https://imnews.imbc.com/news/2026/world/article/6784868_36925.html,imnews.imbc.com,2025-12-13
6df1a1f821255c0d6053c1a4d8f73367,naver,news,원룸 가구 대여,KW3,물품 대여 수요,잠실·성수 10분대… '리마크빌 이스트폴' 직접 가보니,"이스트폴은 원룸과 1.5룸 위주로 설계되어 1~2인 가구에 최적화된 공간 구성이 특징입니다. 로비에는 컨시어지 데스크가 있으며, 24시간 보안 서비스는 물론, 민원 접수, 각종 생활도구 등도 대여할 수 있습니다. 입구에는...",https://www.rcast.co.kr/news/articleView.html?idxno=27928,www.rcast.co.kr,2025-05-21
e5c3dfeacfd75405d09d2e8238ffe8f8,naver,news,원룸 가구 대여,KW3,물품 대여 수요,월 96만원에 '한강뷰'라니…신혼부부도 푹 빠진 '슬세권' 어디 [현장+],"단독·다가구의 전용 20㎡ 원룸 가격은 보증금 1000만원, 월세 60만~65만원 수준이다. 인근 시세에 비하면 높은... 물품대여, 방문객 안내, 룸 클리닝 대행 등 다양한 컨시어지 서비스와 보안까지 확실하다는 장점이 있다""고...",https://www.hankyung.com/article/2025042433276,www.hankyung.com,2025-04-25
2cdac2ba5136819221b032c085eae462,naver,news,원룸 가구 대여,KW3,물품 대여 수요,한 달 임대도 OK… 주방·거실 공유 ‘코리빙’ 살아볼까,"예를 들어 대학생이 월세로 원룸에 살게 되면 최소 1년 이상을 계약해야 한다. 방학을 맞아 부모님 집에... 한 코리빙 입주민은 “TV와 책상, 의자 등 가전·가구 대여도 가능하다 보니 주거나 이사 부담이 적다”고 했다....",https://www.chosun.com/economy/real_estate/2025/04/08/B7FL7IS4HVEKBHA7XVE23GRZEI/?utm_source=naver&utm_medium=referral&utm_campaign=naver-news,www.chosun.com,2025-04-08
1b2c5e002a3ffa17452afb35d5a7e781,naver,news,원룸 가구 대여,KW3,물품 대여 수요,"함안군, ‘대한민국 함안 수박축제’ 준비 ‘한창’","빌라, 원룸 등을 임차해 근로자 기숙사로 제공하는 경우에 기숙사 임차에 소요되는 월세비용의 일부를... 2가구를 선정해 차량을 무료로 대여한다. 차량 대여는 평일에 한해, 함안군에 주소를 둔 등록 장애인 및 동반자가...",https://www.kukinews.com/article/view/kuk202504060013,www.kukinews.com,2025-04-06
e1456bb3334ebb349f5fd663da194f66,naver,news,원룸 가구 대여,KW3,물품 대여 수요,‘11평 원룸형’ 임시거주시설 내일부터 입주,"모듈러 주택 100채는 전문건설공제조합이 이재민을 위해 무상 대여했다. 2022년 동해안 산불과 이듬해 경북... 긴 직사각형 모양의 38m²(약 11평) 면적 원룸으로, 출입문은 미닫이형이고 창문이 하나 있다. 원룸 안에...",https://www.donga.com/news/Society/article/all/20250401/131322477/2,www.donga.com,2025-04-01
4c4fe916c474e1ce2b60537a9354ce22,naver,news,원룸 가구 대여,KW3,물품 대여 수요,"[주요 단신] KBS제주 ‘죽음의 바당’ 2부작, 도쿄시네마어워즈 수상 외","등록증 대여 3건, 소방시설 공사 불법 하도급 2건 등입니다. 소방본부는 부주의한 소방시설 관리는 대형 인명피해를 초래할 수 있다며 불시 단속을 확대할 방침이라고 밝혔습니다. 제주시 기초생활수급자 ‘1인 가구’ 82...",https://news.kbs.co.kr/news/pc/view/view.do?ncd=8214801&ref=A,news.kbs.co.kr,2025-03-31
0d3a5bceb4b42b2ffc35cbcc5c7a9952,naver,news,원룸 가구 대여,KW3,물품 대여 수요,"바디프랜드, 새로운 라이프스타일 가구 브랜드 '파밀레' 론칭","가격은 290만원 대, 대여로 사용하면 월 8만원 대 파밀레 신제품의 가격은 290만원 대로 책정됐다. 39개월... 이날부터 나흘간 바디프랜드 도곡동 본사 1층에서 거실, 침실, 서재뿐 아니라 1인 가구 남녀의 원룸에 이르기까지...",https://www.smartfn.co.kr/article/view/sfn202412190049,www.smartfn.co.kr,2024-12-19
b76ccf5e36365a0b46d47f88d03ef167,naver,news,원룸 가구 대여,KW3,물품 대여 수요,공감 칼럼(사람) I 예비 부부가 찾는 단톡방이 있다? [김준일의 뉴스공...,"드레스 대여, 메이크업 이 3가지를 줄여서 결혼의 단계에서 해야만 하는 것들을 줄여서 이제 스드메라고... 1인 가구는 10평 미만 원룸에서만 살아야 되는 거냐 해서 4월 달에 이 임대주택 면적 제한 폐지에 관한 청원이...",https://news.cpbc.co.kr/article/1158383?division=NAVER,news.cpbc.co.kr,2024-08-05
3dcf8bac4510d27834980bf906f9cd61,naver,news,원룸 가구 대여,KW3,물품 대여 수요,만 2세 이하 자녀 있으면 공공임대주택 우선 입주… '스드메'도 손본다,"급격한 정책 전환 배경에 대해 최정원 저고위 고령사회기반과장은 ""1인 가구는 원룸에만 살아야 하냐는... 공정거래위원회는 불합리한 일명 '스드메(스튜디오 촬영·드레스 대여·메이크업)' 서비스로 지적받았던...",https://www.newscj.com/news/articleView.html?idxno=3164166,www.newscj.com,2024-07-29
744b3133aa16d530f334f8b5680f824f,naver,news,원룸 가구 대여,KW3,물품 대여 수요,만 2세 이하 자녀 있으면 공공주택 입주 1순위…'스드메' 조사(종합),"우선 공정거래위원회는 불합리한 일명 '스드메(스튜디오 촬영·드레스 대여·메이크업)' 서비스로 지적을... 급격한 정책 전환 배경에 대해 최정원 저고위 고령사회기반과장은 ""(처음 정책과 관련해) 1인 가구는 원룸에만...",https://www.newsis.com/view/NISX20240729_0002829988,www.newsis.com,2024-07-29
d084251339c290a77361ace99ef4ceee,naver,news,원룸 가구 대여,KW3,물품 대여 수요,"해남군, 화재피해 가구에 ‘희망하우스’ 지원","대여하는 사업이다. 그동안 화재 발생 시 피해가구에 피해지원금은 지원했으나 거주지는 별도로 제공하지 않아 마을회관이나 빈집, 지인의 주거지 등 임시 거처를 마련해야 하는 어려움이 있었다. 희망하우스는 원룸형...",http://www.kjdaily.com/article.php?aid=1718534103633056008,www.kjdaily.com,2024-06-16
3f7229e062a21c39ac671398ef1fb56a,naver,news,원룸 가구 대여,KW3,물품 대여 수요,"해남군, 화재피해 가구 희망하우스 지원","대여해 주게 된다. 그동안 화재 발생시 피해가구에 피해지원금은 지원했으나 거주지는 별도로 제공하지 않아 마을회관이나 빈집, 지인의 주거지 등 임시 거처를 마련해야 하는 어려움이 있었다. 희망하우스는 원룸형...",http://www.jnilbo.com/73909730896,www.jnilbo.com,2024-06-16
ae8f47db91370502360100330a473330,naver,news,원룸 가구 대여,KW3,물품 대여 수요,"해남군, 화재피해 가구 최대 2년 희망하우스 지원","대여해 주게 된다. 그동안 화재 발생시 피해가구에 피해지원금은 지원하였으나 거주지는 별도로 제공하지 않아 마을회관이나 빈집, 지인의 주거지 등 임시 거처를 마련해야 하는 어려움이 있었다. 희망하우스는 원룸형...",https://www.joongdo.co.kr/web/view.php?key=20240617010003958,www.joongdo.co.kr,2024-06-14
960ea720dfdf0f41e1dd667aa004ae22,naver,news,원룸 가구 대여,KW3,물품 대여 수요,해남군 화재피해 가구에 희망하우스 지원,"대여해 주게 된다. 그동안 화재 발생시 피해가구에 피해지원금은 지원하였으나 거주지는 별도로 제공하지 않아 마을회관이나 빈집, 지인의 주거지 등 임시 거처를 마련해야 하는 어려움이 있었다. 희망하우스는 원룸형...",http://www.welfarenews.net/news/articleView.html?idxno=102038,www.welfarenews.net,2024-06-14
1efb84adb86dbb11967d0bcf3734677d,naver,news,원룸 가구 대여,KW3,물품 대여 수요,"해남군, 화재피해 가구에 희망하우스 지원해","무상으로 대여해 주게 된다. 그동안 화재 발생 시 피해 가구에 피해지원금은 지원하였으나 거주지는 별도로... 또한 이번 희망하우스는 원룸형 주거 공간으로 19.8㎡(6평) 2동과 23.1㎡(7평) 1동으로 내부는 침실, 주방, 화장실...",http://www.sisafocus.co.kr/news/articleView.html?idxno=319269,www.sisafocus.co.kr,2024-06-14
25a72cd63447b413e141167cfd5641e3,naver,news,원룸 가구 대여,KW3,물품 대여 수요,"해남군, 화재피해 가구에 희망하우스 지원","대여해 주게 된다. 그동안 화재 발생시 피해가구에 피해지원금은 지원하였으나 거주지는 별도로 제공하지 않아 마을회관이나 빈집, 지인의 주거지 등 임시 거처를 마련해야 하는 어려움이 있었다. 희망하우스는 원룸형...",https://www.cnbnews.com/news/article.html?no=665013,www.cnbnews.com,2024-06-14
fc1e720e1f6de3d2fe7a22068baa692e,naver,news,원룸 가구 대여,KW3,물품 대여 수요,[위클리오늘] 해남군 화재피해 가구에 희망하우스 지원,"대여해 주게 된다. 그동안 화재 발생시 피해가구에 피해지원금은 지원하였으나 거주지는 별도로 제공하지 않아 마을회관이나 빈집, 지인의 주거지 등 임시 거처를 마련해야 하는 어려움이 있었다. 희망하우스는 원룸형...",http://www.weeklytoday.com/news/articleView.html?idxno=632331,www.weeklytoday.com,2024-06-13
be9986dc8e1f1947dc0f756a0643f63a,naver,news,원룸 가구 대여,KW3,물품 대여 수요,"해남군, 화재피해 가구에 희망하우스 지원","대여해 주게 된다. 그동안 화재 발생시 피해가구에 피해지원금은 지원했으나 거주지는 별도로 제공하지 않아 마을회관이나 빈집, 지인의 주거지 등 임시 거처를 마련해야 하는 어려움이 있었다. 희망하우스는 원룸형...",http://www.koreareport.co.kr/news/articleView.html?idxno=22019,www.koreareport.co.kr,2024-06-13
a2a4f3daa16c3f80335599d490f11fc8,naver,news,원룸 가구 대여,KW3,물품 대여 수요,해남군 화재피해 가구에 희망하우스 지원...최대 2년 모듈주택 제공,"대여해 주게 된다. 그동안 화재 발생시 피해가구에 피해지원금은 지원하였으나 거주지는 별도로 제공하지 않아 마을회관이나 빈집, 지인의 주거지 등 임시 거처를 마련해야 하는 어려움이 있었다. 희망하우스는 원룸형...",http://www.newstnt.com/news/articleView.html?idxno=381507,www.newstnt.com,2024-06-13
40d992e769e069af3dc56f5490175e48,naver,news,원룸 가구 대여,KW3,물품 대여 수요,"해남군, 화재피해 가구 희망하우스 지원","무상으로 대여해 주게 된다. 희망하우스는 원룸형 주거 공간으로 19.8㎡ 2동과 23.1㎡ 1동으로 내부는 침실, 주방, 화장실 등이 구성돼 있다. 지원대상은 주택화재 피해로 주거지를 상실한 가구이다. 지원기간은...",http://www.asiaa.co.kr/news/articleView.html?idxno=174775,www.asiaa.co.kr,2024-06-13
2348ccca0750bbc48b957396eb2e4b8f,naver,news,원룸 가구 대여,KW3,물품 대여 수요,"해남군, 주택화재 피해주민에게 새 보금자리 지원","무상으로 대여해 주는 사업이다. 그동안 화재 발생시 피해가구에 피해지원금은 지원하였으나 거주지는... 희망하우스는 원룸형 주거 공간으로 19.8㎡(6평) 2동과 23.1㎡(7평) 1동으로, 내부는 침실, 주방, 화장실 등이 구성돼...",https://www.sportsseoul.com/news/read/1437183?ref=naver,www.sportsseoul.com,2024-06-13
52af30c0c3cd4644bede6922486c9a5f,naver,news,원룸 가구 대여,KW3,물품 대여 수요,"해남군, 화재피해 가구에 희망하우스 지원","대여해 주게 된다. 그동안 화재 발생시 피해가구에 피해지원금은 지원하였으나 거주지는 별도로 제공하지 않아 마을회관이나 빈집, 지인의 주거지 등 임시 거처를 마련해야 하는 어려움이 있었다. 희망하우스는 원룸형...",http://www.newsworker.co.kr/news/articleView.html?idxno=335444,www.newsworker.co.kr,2024-06-13
e874a436ea8498e45b8ef77d74ece09d,naver,news,원룸 가구 대여,KW3,물품 대여 수요,"해남군, 화재피해 가구에 희망하우스 지원","대여해 주게 된다. 그동안 화재 발생시 피해가구에 피해지원금은 지원했으나 거주지는 별도로 제공하지 않아 마을회관이나 빈집, 지인의 주거지 등 임시 거처를 마련해야 하는 어려움이 있었다. 희망하우스는 원룸형...",https://www.siminilbo.co.kr/news/newsview.php?ncode=1160283861446206,www.siminilbo.co.kr,2024-06-13
589e567d86059d6411dcb85019a3aca0,naver,news,원룸 가구 대여,KW3,물품 대여 수요,"[오늘의 유통가] 골프존GDR아카데미, 하나투어와 MOU 체결 外","1인 가구를 위한 소형 제습기도 올해 처음으로 선보이며 에너지효율 1등급인 LG 인기 제습기 등도 할인한다. 대표 상품으로 원룸이나 드레스룸, 세탁실 등 작은 방에서 사용하기 좋은 '보아르 모아 미니 제습기(1.2L/3....",https://dealsite.co.kr/articles/122566,dealsite.co.kr,2024-05-14
1d04140b50d6b12577150bebbb8675de,naver,news,원룸 가구 대여,KW3,물품 대여 수요,"[창간35주년/울산, 이젠 공유경제가 대세]철 지난 짐 보관하고 공유주방...",1인 가구의 비율이 늘어나면서 작은 규모의 집들이 점점 늘어나고 있는 한편 물건의 양은 늘어나 원룸을... 이런 사람들을 위해 최근 울산에서 짐을 보관할 '창고'를 대여해주는 서비스가 생겨났다. 월 일정 금액을 받고...,https://www.ksilbo.co.kr/news/articleView.html?idxno=999229,www.ksilbo.co.kr,2024-05-14
c00b93f38b44dcfebfe3f53b838c6fa4,naver,news,원룸 가구 대여,KW3,물품 대여 수요,인테리어 입문자를 구원할 가구 렌탈 서비스,그중에서도 인테리어 초심자가 각자의 라이프스타일을 찾을 수 있도록 대여 서비스를 제공하는 곳이... 홈페이지에서 코디네이터가 원룸에 어울리는 가구를 추천해 주기도 하니 확인해 보세요.,https://www.elle.co.kr/article/1864858,www.elle.co.kr,2024-05-13
17c0268826590e84a01364545032ae5d,naver,news,원룸 가구 대여,KW3,물품 대여 수요,1인 가구 급증 속 생활용품 대여 인기,"이승연 국민기자> (장소: 서울시 광진구) 서울 광진구의 한 원룸에 사는 직장인 방솔지 씨, 작은 공간에서... 처음 이용할 때는 1인 가구 물품 대여 서비스 이용 권한을 신청해야 하는데요. 노트북을 제외한 물품은 최대...",https://www.ktv.go.kr/content/view?content_id=699106,www.ktv.go.kr,2024-04-11
d0830b43193fe5444240ca4d624b61b9,naver,news,원룸 가구 대여,KW3,물품 대여 수요,흑백(黑白) 사이 무한한 '다양성'…예술로 풀어낸 이들,"거의 대부분 옥탑방에, 4평짜리 원룸 등만 있었다. 작업과 작품 보관 등 때문에 고려할 게 많은데, 아무래도... 잘 아는 동네 서점에서 가구를 선물해주고, 중고마켓에서 식물을 들여왔다. 창작자들 모임이 결성됐다. 이름을...",http://news.mt.co.kr/mtview.php?no=2024030513422111110,news.mt.co.kr,2024-03-06
da8a4f9a8f4cf9cca50f806c82b50b9f,naver,news,원룸 가구 대여,KW3,물품 대여 수요,‘최중증장애인-미·비혼 아동양육 가구의 소셜믹스’를 꿈꾸다,"또 8세대는 미·비혼 아동양육 가구를 위한 공간이며, 나머지 8세대는 중장년 1인가구를 위한 원룸 공간이다.... 박 부장은 “4·16재단이 자금을 대여해준다면 그것이 큰 시그널 효과를 낼 것이라고 판단했다”고 한다....",http://www.seouland.com/arti/society/society_general/15536.html,www.seouland.com,2024-02-01
d95144bc651cbaaf031ad6b74f438061,naver,news,원룸 가구 대여,KW3,물품 대여 수요,[성공예감] 정리만 잘해도 돈이 따라옵니다 – 정희숙 대표(공간미학),그래서 제가 선택한 방법은 거실에 서재화를 해서 방에 가구를 좀 뺄 수 있는 거를 거실로 빼는데 그것이 좀... ◆정희숙> 내가 20평에 사시는 분도 있고 10평짜리 원룸 사시는 분도 계시잖아요. 그러니까 물건 개수 자체가...,https://news.kbs.co.kr/news/pc/view/view.do?ncd=7834762&ref=A,news.kbs.co.kr,2023-12-06
aca9862d44b2661b8e47bdf3060cb435,naver,news,원룸 가구 대여,KW3,물품 대여 수요,"""월세 25만원에 비어있던 원룸…한 달 200만원씩 벌었죠"" [방준식의 N잡...",치열한 경쟁 속에서 통영 원룸을 통해 초기 자본 없이 안정적으로 수익을 올리는 이가 있다. 워케이션... 서울에서 스튜디오 공간대여 사업을 하기도 했습니다. 3개 지점을 운영하면서 목돈을 벌었죠. 그러다 호주로...,https://www.hankyung.com/article/202310308549i,www.hankyung.com,2023-12-03
9803feb6df274fecded3f73e663744cb,naver,news,원룸 가구 대여,KW3,물품 대여 수요,"""집에 영화관이?"" 네 식구가 그리는 우리집 소확행[집 공간 사람]","신혼집을 원룸에서 시작해 15년간 공동주택에 살다 마련한 첫 주택이라 더욱 반갑고 의미 있는 집. 지금까지... 요즘 트렌드에 맞게 '대여형 놀이공간'이라는 새로운 수익시스템까지 갖춘 재밌는 주택이죠."" 이어지고 통하는...",https://www.hankookilbo.com/News/Read/A2023091110310002689?did=NA,www.hankookilbo.com,2023-09-15
a862c172420379d9fa7e025d4fd75de8,naver,news,원룸 가구 대여,KW3,물품 대여 수요,"스페이스클라우드 ""가정집 촬영공간 대여 서비스 출시""","구분되고 가구와 생활용품이 갖춰져 있어 가정 내 일상생활을 담아내는 촬영에 적합하다. 현재 스페이스클라우드 가정집 유형에는 호스트가 실거주하는 집뿐만 아니라 신혼부부의 집, 여대생 원룸, 대형 전원주택, 80년대...",http://www.newsis.com/view/?id=NISX20230908_0002442825&cID=10433&pID=13000,www.newsis.com,2023-09-08
776cf5b7bfad5c7cb1d5dbcf5c1c5545,naver,news,원룸 가구 대여,KW3,물품 대여 수요,스페이스클라우드 ‘가정집’ 공간대여 서비스 출시,"생활공간 플랫폼 스페이스클라우드가 가정집을 촬영공간으로 대여할 수 있는 ‘가정집’ 서비스를... 공간 내부가 침실, 거실, 부엌, 화장실 등으로 구분되고 가구와 생활용품이 갖춰져 있어 가정 내 일상생활을 담아내는...",https://www.sedaily.com/NewsView/29ULQJXLH3,www.sedaily.com,2023-09-08
b4c828dc37df812501da2345639183c8,naver,news,원룸 가구 대여,KW3,물품 대여 수요,"[스타트업 단신] 미러보드, 스페이스클라우드, 그램퍼스, 뷰런테크놀로...","스페이스클라우드, ‘가정집’ 공간대여 서비스 출시 생활공간 플랫폼 스페이스클라우드가 가정집을... 공간 내부가 침실, 거실, 부엌, 화장실 등으로 구분되고 가구와 생활용품이 갖춰져 있어 가정 내 일상생활을...",https://platum.kr/archives/213357,platum.kr,2023-09-08
a432a48fe860e05b045410ecb54907aa,naver,news,원룸 가구 대여,KW3,물품 대여 수요,"[1인가구 단신] 예산군, 여성 1인 가구에 '안심 홈 세트' 지원 外","1인 가구 대상으로 8월 31일까지 '안심 홈 세트' 신청을 받는다고 밝혔다. 원룸·다세대주택 등 외부인 출입... 해당 어플을 통해 ▲1인가구에 필요한 생활․캠핑용품 등 대여 ▲동아리실, 방송실 등 시설 대관 신청 ▲상담...",http://www.dailypop.kr/news/articleView.html?idxno=71435,www.dailypop.kr,2023-08-23
3c5ddccc059db00334cd847b279cac9a,naver,kin,원룸 가구 대여,KW3,물품 대여 수요,원룸에 병원용 전동침대 필요합니다.,... 소형 전동 침대: 몇몇 제조업체들이 원룸이나 1인 가구에 딱 맞는 소형 전동 침대를 제공하고 있어요. 이 침대는... 대여 서비스: 병원용 전동 침대를 대여할 수 있는 서비스도 있어요. 예를 들어 '다산가람복지용구의료기'에서는 작은...,https://kin.naver.com/qna/detail.naver?d1id=5&dirId=50501&docId=491459802&qb=7JuQ66O4IOqwgOq1rCDrjIDsl6w=&enc=utf8,지식iN,
ba2a4f89181710f34f472594cc4ac153,naver,kin,원룸 가구 대여,KW3,물품 대여 수요,청년내일저축계좌,"... 원룸 5500만원 전세에서 자취중 (할머니께서 전세금 빌려주심) 2. 전입신고 완료해서 1인 가구임 3. 알바 두 개 하는... 명의 대여, 본인 명의 전세 계약이면 재산으로 인정) ->1인 가구 대도시 기준 재산 2억원 이하로 충분히 충족...",https://kin.naver.com/qna/detail.naver?d1id=6&dirId=60101&docId=484846573&qb=7JuQ66O4IOqwgOq1rCDrjIDsl6w=&enc=utf8,지식iN,
dd39694257572d9326eeb4d11c171df2,naver,kin,원룸 가구 대여,KW3,물품 대여 수요,특수청소 비용,"... (일반 원룸에있는 크기의 냉장고) 3단 김치냉장고 2칸짜리 장롱, 12kg세탁기 혼자 처리하기 힘들꺼같아서ㅠㅠ 특수청소하면 방도 싹 치워주고 이런 가구나... - 장비 대여비: 장비를 대여할 경우에는 대여비가 추가됩니다. 방의 크기...",https://kin.naver.com/qna/detail.naver?d1id=8&dirId=80901&docId=475298921&qb=7JuQ66O4IOqwgOq1rCDrjIDsl6w=&enc=utf8,지식iN,
a3741ee23ca866ba2ea279c39faae870,naver,kin,원룸 가구 대여,KW3,물품 대여 수요,이사비용 어떻게 될까요?,"... 원룸으로의 이사비는 거리, 화물량, 요일, 시간대 등 다양한 요인에 따라 달라집니다. 일반적으로 다음과 같은 비용이 포함됩니다. 차량 대여: 약... 또한, 가구의 크기와 무게, 층수, 엘리베이터 유무 등의 요인도 비용에...",https://kin.naver.com/qna/detail.naver?d1id=8&dirId=81001&docId=466664950&qb=7JuQ66O4IOqwgOq1rCDrjIDsl6w=&enc=utf8,지식iN,
a0d89154003fdb117b65c665b696a81a,naver,kin,원룸 가구 대여,KW3,물품 대여 수요,원룸 구하기 질문,"원룸 구하려는데 저렇게 다 꾸며진 곳 몇개월간 대여해주는? 곳 찾는ㄷㅔ 저런 곳을 뭐라고 하나요?ㅠㅠ... 가능, 가구/전자제품 준비 불필요 높은 월세, 계약금 필요 장기 임대 상대적으로 저렴한 월세, 계약금 장기간...",https://kin.naver.com/qna/detail.naver?d1id=4&dirId=402&docId=465998940&qb=7JuQ66O4IOqwgOq1rCDrjIDsl6w=&enc=utf8,지식iN,
23637b7d39068a8e8f4d49bd1d2145ce,naver,kin,원룸 가구 대여,KW3,물품 대여 수요,천안 살기 괜찮은지,"1인가구 여성 직장인인데 대전과 천안 어디가 살기에 괜찮을까요?(자차없음)... 앱으로 대여하는 전동킥보드나 자전거도 대전이 더 잘 되어있습니다.... 동지역에서도 공단과 가깝고, 집값이 싼 지역, 빌라 원룸이 많은 지역에는...",https://kin.naver.com/qna/detail.naver?d1id=12&dirId=121507&docId=462350881&qb=7JuQ66O4IOqwgOq1rCDrjIDsl6w=&enc=utf8,지식iN,
c9191e1c0152001e63d97e48e10c6849,naver,kin,원룸 가구 대여,KW3,물품 대여 수요,각 자격증들 유효 기간,"... 따로 부정행위(ex.자격증 대여)를 하지 않는 이상 자격증은 평생 유효하다... ex 원룸)에 맞게 도면 작도(평면도, 입면도, 천정도, 투시도+컬러링)... ③ 철골구조는 가구식 구조이다. ④ 조적구조는 일체식 구조이다. - 다음 중...",https://kin.naver.com/qna/detail.naver?d1id=8&dirId=80802&docId=462101607&qb=7JuQ66O4IOqwgOq1rCDrjIDsl6w=&enc=utf8,지식iN,
6f785eed2734a02cf9ecd5837bcae50b,naver,kin,원룸 가구 대여,KW3,물품 대여 수요,원룸인데 인터넷 사용하려면 뭐가필요하나요?,... 저렴하게 대여해서 이용하실 수 있습니다. 우선 건물주 또는 관리인을... 1인 가구 고객님을 위한 이사 특별전을 진행하고 있습니다. 아래에서 자세한 추천 상품과 혜택을 확인해보세요! 원룸에서 1~2년만 거주 예정이실...,https://kin.naver.com/qna/detail.naver?d1id=8&dirId=809&docId=456892913&qb=7JuQ66O4IOqwgOq1rCDrjIDsl6w=&enc=utf8,지식iN,
e3120972f425bec1dc95ed795612af54,naver,kin,원룸 가구 대여,KW3,물품 대여 수요,이사가는 방법(초보자),"... 주거 옵션 탐색: 기숙사나 원룸, 투룸 등 다양한 주거 형태를 고려해 보세요. 예산, 위치, 크기 등을 고려하여 적합한... 침대, 가구, 주방 용품 등 일상 생활에 필요한 물품들을 구매하거나 대여하는 것이 좋습니다. 이사 준비와 포장...",https://kin.naver.com/qna/detail.naver?d1id=8&dirId=81001&docId=456324686&qb=7JuQ66O4IOqwgOq1rCDrjIDsl6w=&enc=utf8,지식iN,
4e4b6aa0a3a7a117f63b568e7d76d44d,naver,kin,원룸 가구 대여,KW3,물품 대여 수요,통신미납으로인한 채권추심 질문있습니다,"... 지금살고있는원룸도 무보증 월세원룸인데다가 가구도 들어올때부터있던거구요 현제저는 저금액을 한번에... 원룸 문제는 대여인과의 계약 상황에 따라 다르므로, 이 경우는 대여인과 상의해보는 게 좋습니다. 미납금 상황이 좋지...",https://kin.naver.com/qna/detail.naver?d1id=6&dirId=60220&docId=448143783&qb=7JuQ66O4IOqwgOq1rCDrjIDsl6w=&enc=utf8,지식iN,
d069ff6344be61f0dc5eb31b4b7dc41a,naver,kin,원룸 가구 대여,KW3,물품 대여 수요,주거급여 가능여부,... - 저소득층에 해당하는 가구 - 주거비 부담이 심한 가구 - 기타 복지 법령에서 정한 요건을 만족하는 가구 ### 계약서... - 렌탈은 보통 소유권이 없는 물건을 일정 기간 동안 대여하는 것을 말합니다. - 하지만 원룸 계약서 상의 월세는...,https://kin.naver.com/qna/detail.naver?d1id=6&dirId=60212&docId=444170414&qb=7JuQ66O4IOqwgOq1rCDrjIDsl6w=&enc=utf8,지식iN,
0be8231143ddedcc6fc902bde7f340be,naver,kin,원룸 가구 대여,KW3,물품 대여 수요,"서울 침대,책장,책상 2주간 보간 가능한곳 있을까요?","안녕하세요 원룸에서 짐 빼구 이제 본가로 가려하는데 사용하던 침대, 책장... 거의 컨테이너 대여는 한달기준에 14만원 정도 하더라구요ㅜ 딱 2주 5-7만원... 큰짐(가구·가전)은 함께 배치해 드리고, 고객님께서 잔짐만 정리하시는...",https://kin.naver.com/qna/detail.naver?d1id=8&dirId=81003&docId=435738136&qb=7JuQ66O4IOqwgOq1rCDrjIDsl6w=&enc=utf8,지식iN,
c06c811a6e34ddd1244196ac20a3ab3f,naver,kin,원룸 가구 대여,KW3,물품 대여 수요,대구 원룸 이사 업체 어디가 좋을까요??,... 달서구에서 북구로 이사할 예정이고 9월 16일에 짐 맡기고 19일 아침에 새 집에 짐 옮길 수 있을까요?? 원룸이고 큰 가구는 없어요!! 다만 계단 작업이고 옷이나 짐이 좀 있는데 이사 박스도 대여 가능하면 좋겠습니다!!! 50만원입니다,https://kin.naver.com/qna/detail.naver?d1id=8&dirId=81001&docId=427395128&qb=7JuQ66O4IOqwgOq1rCDrjIDsl6w=&enc=utf8,지식iN,
c8462df1df442bde1332a1f828b3f7b8,naver,kin,원룸 가구 대여,KW3,물품 대여 수요,울산 원룸 > 주택,"신정동에서 울산두서면까지 이사할려고 해요 견적좀 짜주세요... * 가구는 없어요 * 큰박스로 3~4개 나올 것 같아요 박스대여가능한 곳 , 당일 예약 이사가능한곳",https://kin.naver.com/qna/detail.naver?d1id=12&dirId=12070506&docId=424798889&qb=7JuQ66O4IOqwgOq1rCDrjIDsl6w=&enc=utf8,지식iN,
040df43165832554dbbe993d3c4e969b,naver,kin,원룸 가구 대여,KW3,물품 대여 수요,원룸 이사 비용 문의 : 서울 - 전라도 광주,원룸 이사 비용과 날짜 가능한지 문의합니다. -6/11 토요일 -서울에서 전라도... 바구니 대여해서 제가 하려구요. 전 날 바구니는 대여 가능한가요? 6/11 이... 큰가구 기전제품 침대등은 원하는 위치에 자리잡아 줍니다. ●전화 주시면...,https://kin.naver.com/qna/detail.naver?d1id=8&dirId=81001&docId=421193328&qb=7JuQ66O4IOqwgOq1rCDrjIDsl6w=&enc=utf8,지식iN,
d612543ea941ad5c7b4a6c3bd7803112,naver,blog,전자제품 대여,KW3,물품 대여 수요,[실무 분석] 청각 보조 시스템의 세대교체: '히어링...,"주변 전자기기(전선, 조명 등) 간섭 및 잡음 심각 • 디지털 전송 Hi-Fi 고음질 • 샘플링 48kHz / 32비트... 신도 및 참가자들은 별도의 기기 대여 없이 본인의 스마트폰으로 예배를 선명하게 함께할 수...",https://blog.naver.com/jskhealthcare/224319800289,(주)제이에스케이헬스케어jskhealthcare corp.,2026-06-18
75997904f65a3af51059b2616aa5e943,naver,blog,전자제품 대여,KW3,물품 대여 수요,"수유실대여, 유아휴게실 렌탈로 불편없이 행사참여하도록",유아휴게실을 비롯해서 이번 월드컵 거리응원에 필요한 펜스나 대형그늘막부터 각종 전자제품과 모든 물품을 대여하고 있으니 편하게 문의주세요~ #수유실렌탈 #수유실대여 #유아휴게실렌탈 #유아휴게실임대...,https://blog.naver.com/orento_seongsu/224319448386,orento_seongsu님의 블로그,2026-06-18
260640071684b56ac4ffbfc6bc0e7545,naver,blog,전자제품 대여,KW3,물품 대여 수요,캔톤페어 & 심천 화창베이 실전 소싱 참관단 모집 (소수정예),"무상 대여 마사지 2회 포함 불포함 내역: 석식(저녁 식사), 개인 경비 등 ️ 4박 5일 핵심 스케줄 (예시)... IT/전자제품 시장 트렌드 조사 4일 차: [종일] 광저우 핵심 도매시장 투어 (가방, 의류, 부자재 등...",https://blog.naver.com/lawyer05/224319497947,한중솔루션,2026-06-18
931d7da07095d22fce2568f79dc0652c,naver,blog,전자제품 대여,KW3,물품 대여 수요,아이랑 서울 근교 파주 핫플 풀빌라 펜션 중휴림! 수영장...,오프너 전자레인지 / 전기포트 / 밥솥 / 냉장고 언더렌지 아이들이 있어서 가스불은 언제나 겁나는데... 유료로 대여 가능해요! + 킥보드는 무료 대여 가능 + 튜브에 바람 넣는 공기주입기도 있어서 편하게...,https://blog.naver.com/jk_yoojin/224319329581,삼남매 엄마의 기록:),2026-06-18
c79139419083a6560f6dda807db46fa1,naver,blog,전자제품 대여,KW3,물품 대여 수요,좀비베리어 아이패드 에어4 AR 나노텍스처 저반사...,"동안 대여하면 해당 기기에 맞는 보호필름을 무료로 제작하고 부착까지 받을 수 있다고 해요! 신제품이나 국내에서 필름을 구하기 어려운 기기, 사용자가 많지 않은 전자기기를 가지고 있는 분들에게 특히...",https://blog.naver.com/lazytorich/224319239385,리빙블로그✨일상,2026-06-17
5b34398d3e7df971129f3b954ca42132,naver,blog,전자제품 대여,KW3,물품 대여 수요,더현대서울 토이스토리5 팝업 후기 6.15-6.29 | 주차비용...,"사브르 커트러리 제품들이 다양하게 준비되어 있어 보는 재미가 넘쳐났고요. 10% 할인도 진행 중이라... 전자레인지, 아기주방세제 등 용품은 모두 구비되어있고요. 이곳에서 부가부 유모차대여도...",https://blog.naver.com/nini_s_/224319184120,"느리게 육아하며, 기록하는 삶",2026-06-17
b882abff3b02b530932c05f32b90d006,naver,blog,전자제품 대여,KW3,물품 대여 수요,영상 편집 작업 위해 맥북에어 M2 30일 대여해 본 솔직한 후기,"고가의 전자제품을 샀다가 나랑 맞지 않으면 중고로 팔아야 하는 번거로움도 싫었습니다. 그래서 대여 서비스를 찾아보게 되었고, 약 한 달간 직접 업무에 활용해보며 내 패턴에 정말 필요한 사양인지...",https://blog.naver.com/wondered82982/224319169479,wondered82982님의 블로그,2026-06-17
fa84fd7893b3c7a25d2d9a50b53d5bf0,naver,blog,전자제품 대여,KW3,물품 대여 수요,배터리 걱정 없는 모토로라 스마트폰 moto g86 power 5G...,"본 포스트는 모토로라로부터 제품 대여 및 소정의 원고료를 제공받았습니다. 스마트폰, 스마트 워치, 무선 이어폰 등 최근에는 다양한 디바이스를 함께 사용하는 분들이 많다 보니 자연스럽게 유선...",https://blog.naver.com/kas2724/224319149552,Qwerty IT,2026-06-17
9722b23f5b8585e886e4d33eb2a39282,naver,blog,전자제품 대여,KW3,물품 대여 수요,W29. 혼수 가전 졸업 LG전자 베스트샵 구성본점,예복: (대여) 보헨(베리굿 제휴) 가전 알아보는 법 필요한 가전 종류 추려보기 일단 집에 어떤 가전들을... 전자랜드나 하이마트에 있는 라인업이 다 다르다고 해요. 같은 종류인데 뭔가 살짝 다른 것들 --제품명...,https://blog.naver.com/todaysju/224319140908,유부 일상,2026-06-17
a387c6141b460e1512c28fb7d5b0672e,naver,blog,전자제품 대여,KW3,물품 대여 수요,캔슬링 렌탈 대여 후기와 카페 집중력까지 달라졌던 솔직 후기,( #에어팟맥스 #에어팟맥스대여 #노이즈캔슬링헤드셋 #애플헤드셋 #강남구에어팟맥스 ) 왜 구매가 아니라 대여를 선택했을까? 요즘 전자제품 가격이 정말 부담스럽습니다. 특히 에어팟맥스처럼 프리미엄...,https://blog.naver.com/nbjh1725/224317671149,nbjh1725님의 블로그,2026-06-17
6ea3ba29f0c4752f3f45ff42b6dbf627,naver,blog,전자제품 대여,KW3,물품 대여 수요,서울 강동구에서 휴대용 게임기 닌텐도 스위치 렌탈 대여 총정리,"스위치 대여 서비스를 찾고 있습니다. 예전에는 게임기가 아이들만 사용하는 전자제품이라는 인식이 강했지만, 최근 닌텐도 스위치는 부모와 자녀가 함께 즐기고, 친구들끼리 모여 즐기고, 커플들이 집데이트를...",https://blog.naver.com/vkfk233/224318802866,전자나라,2026-06-17
bcde09b8f32335af3b0390d318933e05,naver,blog,전자제품 대여,KW3,물품 대여 수요,[캠핑로그] 홍천 용오름밸리캠핑장,"개수대, 전자레인지 ✔️ 팬히터, 난로, 냉장고 대여가능 캠핑은 역시 2박3일이 제맛이지. ️ Day 1... 새제품으로 바로 바꿔주심..! 마지막 철수날,, 갑자기 소나기가 와요,, 더오기전에 호다닥 철수했어요 나는...",https://blog.naver.com/chokho_o/224318869257,조 취 만 취,2026-06-17
bd797a6b76087aa2800d737ac75d8a86,naver,blog,전자제품 대여,KW3,물품 대여 수요,"전국팔걸이의자대여 행사용테이블대여, 인천 입주 박람회...",전국팔걸이의자대여 파트너의 역할입니다. 그렇다면 정돈된 톤앤매너를 완성하는 테이블 세팅 노하우는 뭘까요? 각 브랜드의 제품 카탈로그와 계약서가 펼쳐지는 테이블은 부스 내에서 가장 시선이 많이 닿는...,https://blog.naver.com/gogo9767/224318770115,"성공적인 행사의 시작, 고고행사렌탈",2026-06-17
95317f58e35722693014f9703c11f060,naver,blog,전자제품 대여,KW3,물품 대여 수요,DJI 오즈모 액션5 프로 vs 오즈모 포켓3 차이 가성비 액션캠,"전자제품은 역시 새것이 최고! 참고로 이렇게 1일 대여도 가능합니다 써보고 결정하고 싶다면, 대여해서 사용해보세요 :-) [대여] 오즈모 포켓3 대여 크리에이터 콤보 집으로배송 도착일보장 겜팜...",https://blog.naver.com/sohyun1989/224318749297,ITraveler 소발킴,2026-06-17
b4c9bd84f3bacc94f01b895957477353,naver,blog,전자제품 대여,KW3,물품 대여 수요,서울 강동구에서 닌텐도 스위치 OLED 렌탈 대여 솔직 후기와...,"OLED 대여 후기 올해 어린이날을 앞두고 가장 고민했던 것이 있었습니다. ""아이들에게 어떤 선물을 해줄까?"" 장난감은 금방 질려하고, 전자제품을 사주자니 가격이 부담스럽고, 그렇다고 특별한 추억 없이...",https://blog.naver.com/nbjh1725/224318664520,nbjh1725님의 블로그,2026-06-17
bdb701fd6057ad1e4ccdf571cf1d0a5a,naver,blog,전자제품 대여,KW3,물품 대여 수요,"돌 아기랑 파라다이스시티 호캉스 후기 (추천하는지, 수영장...","바이레도 제품으로 모두 세팅이 되어있고, 치약 및 세안 어매니티는 제공이 되지 않기 때문에 꼭 잘... 수영장에서 대여해주는 저 도넛 튜브 잘 타더라고요 ! 40도 정도되는 자쿠지도 많아서 가족단위로 쏙쏙...",https://blog.naver.com/qkrrkfka3926/224318590070,수인로그,2026-06-17
cb9322fe61102413bde2a00466124bda,naver,blog,전자제품 대여,KW3,물품 대여 수요,(26년 6월 최신 업데이트) 비 오는 날 실내 데이트 찜질방...,"외 제품은 자판기에서 구매 가능합니다. 자세한 사진은 제가 예전에 올렸던 글, 위 링크 확인해 주세요. 유료로 핸드폰 충전 보조배터리 대여 가능합니다. 이제 찜질방 각 룸을 소개해 볼까요? 여긴 제가 제일...",https://blog.naver.com/bubbleverse/224318049088,Bubbleverse,2026-06-17
0399d36b6a7dac26f99192baf771d0ee,naver,blog,전자제품 대여,KW3,물품 대여 수요,부산 전포 공간대여 파티룸 아지트하기 좋은 온오프,"또는 제품 구입 비용이 청구되니 조금만 더 신경써주길 부탁드린다고 안내되어있었습니다 그외... 음식, 전자레인지 조리식품은 사용가능 대여 보증금 및 퇴실 체크 - 보증금은 공간 상태 확인 후 1일 이내에...",https://blog.naver.com/unsoul20/224318448413,lovable days,2026-06-17
70d502189083b9b5621662966c720d9e,naver,blog,전자제품 대여,KW3,물품 대여 수요,서울 강남구에서 태블릿PC 갤럭시탭 렌탈 대여 추천 대학생...,( #갤럭시탭S9FE #태블릿PC대여 #태블릿대여 #강남구태블릿 #갤럭시탭렌탈 ) 구매 전에 먼저 체험해보고 싶었습니다 요즘 전자제품 가격이 상당히 부담스럽습니다. 특히 태블릿은 노트북과 스마트폰 사이의...,https://blog.naver.com/nbjh1725/224317577979,nbjh1725님의 블로그,2026-06-17
bed2e5a9e13d135d46388938ef55fc78,naver,blog,전자제품 대여,KW3,물품 대여 수요,갤럭시대여 구매 고민이시라면 버즈3 프로 이어팁과 갤럭시탭...,"최신형 올인원 모델의 편리함이 중요한 분이라면 로보락이나 드리미 모델을, 성능과 내구성을 고루 챙기고 싶은 분이라면 DJI나 LG전자 제품을 선택하는 것이 좋겠더라고요. 본인의 예산과 집 환경을 잘...",https://blog.naver.com/zyvyhbe7/224318280791,문윤율,2026-06-17
6b9bcea3dd713d98ead2cea92772d7af,naver,blog,전자제품 대여,KW3,물품 대여 수요,RTX4060Ti 그래픽카드 렌탈 서비스 단기 대여로 게이밍 성능...,대여한 제품을 받고 나서는 상태도 아주 깨끗했어요. 마치 새 제품을 받은 것처럼 포장부터 기기... 앞으로는 그래픽 카드뿐만 아니라 다른 전자기기들도 필요할 때마다 렌탈 서비스를 이용해볼 생각이에요....,https://blog.naver.com/incturban06/224318226225,incturban06님의 블로그,2026-06-17
a3ff6cb5d352308bb61cfe284247edf1,naver,blog,전자제품 대여,KW3,물품 대여 수요,삼성전자 4K Crystal UHD HDR 스마트 TV 5종 비교 추천,"전기 요금 걱정도 적으니 잠시 필요한 곳이면 좋은 선택일 듯싶어요 4위 — [대여] 스탠바이미... 만한 제품입니다 총평 순위 상품명 가격 별점 1위 삼성전자 4K Crystal UHD HDR 스마트 TV, 247cm...",https://blog.naver.com/dhc1bemlx_0an2k/224318246199,몰랑,2026-06-17
b0cf751948ab500a8023adffad420ae6,naver,blog,전자제품 대여,KW3,물품 대여 수요,진주 커피머신렌탈 베누스타커피 무상 임대 굿맨 추천,보통 쓸만한 고급 전자동 기계를 새 제품으로 구매하려고 하면 큰 지출이 발생하게 되는데요. 저희는... 오랜 기간 기계를 대여해서 사용하는 서비스에 있어서 절대 빠질 수 없는 부분이 철저하고 믿음직한 사후...,https://blog.naver.com/tjstn2489/224318187590,굿 맨의 굿 리뷰,2026-06-17
066d4a035634da0720165c7eae71be46,naver,blog,전자제품 대여,KW3,물품 대여 수요,뽀로로 국민문짝 뮤직플레이하우스 사용 후기 대여보다는 당근...,뽀로로 국민문짝 뽀로로 뮤직플레이하우스 대여보다는 당근 추천 © 2026. 바닐라리 All rights reserved... 전화기나 변기 소리 등 전자 기능이 탑재된 장난감이라 배터리만 새걸로 넣어주면 새제품처럼 잘 작동하고...,https://blog.naver.com/vanillary88/224318004911,바닐라리의 기록,2026-06-16
aad03c4911994b401a27baa2b0937756,naver,blog,전자제품 대여,KW3,물품 대여 수요,"대학생 필수템! 삼성전자 갤럭시북5, 사무용 노트북으로 딱이에요","그 중에서 만난 제품이 바로 삼성전자 갤럭시북5 NT750XHW-A51A였어요. 처음에는 가격이 156만 원이라... 다른 옵션들도 대여 기간이나 성능 때문에 고민했는데, 여기에서 만난 가치를 합리적으로 느끼고...",https://blog.naver.com/uxagbwnn37/224317987096,uxagbwnn37님의 블로그,2026-06-16
fa245d04e54388fe60c576fbf79d0575,naver,blog,전자제품 대여,KW3,물품 대여 수요,"정당한 이유가 바탕이 되는 선물 받은 물건 반환 요청, 법적으로...","자동차, 명품 가방, 귀금속, 고가의 전자제품이라 하더라도 자발적인 증여로 인정된다면 소유권은 받는 사람에게 이전됩니다. 다만 해당 재산이 단순한 선물이 아닌 대여나 보관의 성격이었다는 점이 입증된다면...",https://blog.naver.com/dmswjd1440/224317839721,깨끗하게 맑게 긍정적이게,2026-06-16
86cbc58db04e2c79375c4a56a8d0dcef,naver,blog,전자제품 대여,KW3,물품 대여 수요,영상시청·드로잉까지! 갤럭시탭 S9FE 태블릿 렌탈 대여 총정리,갖춘 제품으로 평가받고 있습니다. 왜 갤럭시탭 S9 FE 대여를 선택할까? 태블릿은 활용도가 높지만 사용... ( #태블릿렌탈 #가성비렌탈 #전자기기대여 #갤럭시탭대여 #태블릿체험 ) 필요한 기간만 사용하고...,https://blog.naver.com/vkfk233/224317569460,전자나라,2026-06-16
37b582fe069111788d8e357d2fd7ec40,naver,blog,전자제품 대여,KW3,물품 대여 수요,원두커피머신렌탈 전자동 커피머신 추천 청춘원두,청춘원두에서 제공하는 장비는 국내 생산 정식 제품인 동구전자 머신으로 구성되어 있었어요. 중국산... 무상으로 대여해 주는 방식이었어요. 원두 사용량에 따라 단가가 낮아질 수 있고 한 잔 기준으로 계산하면...,https://blog.naver.com/alyssa_lee/224317801133,앨리사의 소소한 행복,2026-06-16
b17c8d4a2546b1d2ad02abc821ccb7fc,naver,blog,전자제품 대여,KW3,물품 대여 수요,8개월 아기랑 안토서울 (프리미어팀버스위트룸),"발판도 대여 가능 * 이유식은 이마트24 전자렌지 사용해도 되고, 프론트로 전화해서 요청하면 직원분이... 똑같은 제품 11000원에 판매중 . . . 너무 비싸니까 꼭 챙기기 ! 레인이 있는 메인풀이 아니면 수영모...",https://blog.naver.com/sunghoa4140/224317798756,obbokobbok,2026-06-16
f53b5a5d838c15db03ef1bc3ba024256,naver,cafe,전자제품 대여,KW3,물품 대여 수요,6월 3주차 박진솔 원고 피드백 요청 부탁드립니다.,"다만, 내부에서 제공하는 다양한 제품 대여 서비스 및 체험 프로그램을 온전히 이용하기 위해서는... 웹 회원가입 후 적립되는 포인트를 활용하면 LG전자의 최신 IT 기기나 이색 가전들을 공간 내에서 직접 대여하여...",http://cafe.naver.com/yeodampress/11713,스마트관광신문 여담기자단,
941e2fe1949ba66c3d6e7bd34ad3c1fe,naver,cafe,전자제품 대여,KW3,물품 대여 수요,"보청기 대여와 렌탈, 중고보청기 어떤 차이일까? 선택 전 꼭 확인할 기준","실제로 상담 과정에서도 ""일단 보청기대여로 사용해보고 싶다"", ""보청기렌탈이 더 경제적인 것 아닌가요?"", ""중고보청기를 구매해도 괜찮을까요?""와 같은 질문을 자주 받게 됩니다. 하지만 보청기는 일반 전자제품과 달리...",http://cafe.naver.com/cgy14611/6571,히어링허브 보청기센터 공식카페,
c59d5da746bfabe8cc7ed0b73d8f0569,naver,cafe,전자제품 대여,KW3,물품 대여 수요,테이블 야외 캠핑카 밧데리 실외 도구 방부목 매트 난로 대여 꼬리 중고 리뷰♥,"이 제품 없이는 아무리 좋은 장소라도 제대로 즐길 수 없겠다는 확신이 들었어요. 배터리의 긴 지속력 덕분에 조명이나 전자기기를 걱정 없이 사용할 수 있고, 방부목 매트와 난로 대여 서비스는 밤에도 따뜻하고 쾌적하게...",http://cafe.naver.com/ourman/607530,필리핀 세부 캡슐트레블 - 자유여행/맛...,
cbb9b1af29953de26d58795bc5a466de,naver,cafe,전자제품 대여,KW3,물품 대여 수요,낚시 초보 민물 입문용 낚싯대 추천 부탁드립니다!,매번 장비를 대여해서 쓰다가 이번 기회에 제 장비를 하나 장만해 보려고 이렇게 조언을 구합니다 :) 예산은 5만 원에서 10만 원 내외로 생각하고 있습니다. 입문자가 가성비 좋게 쓰기 좋은 낚싯대 브랜드나 제품이 있다면...,http://cafe.naver.com/fishlovecom/328242,붕 어 의 꿈,
ff5948d82b6ee52c66825d1aa9349509,naver,cafe,전자제품 대여,KW3,물품 대여 수요,와이드뷰 4K UHD QLED 구글 스마트 TV + 이동식 스탠드,"2위 — [삼성 감사 페스티벌] 삼성전자 4K UHD QLED TV 2. [삼성 감사 페스티벌] 삼성전자 4K UHD QLED TV... 좋은 제품인데, 화질은 평범했어요. 행사장용으로 적합한 모델이라 가격도 저렴하고 대여 서비스도...",http://cafe.naver.com/gr498/11511,더해피투어_라오스타,
576f64ff922c5eb89b9606095aa41cc9,naver,cafe,전자제품 대여,KW3,물품 대여 수요,삼성전자 패밀리몰 가입 방법 군인 경찰 공무원 인증 할인 혜택 정리!,"특히 삼성전자 패밀리몰에서 경찰,군인,공무원 분들은 할인 혜택까지 받을 수 있어서 이번이 가전을 구매 할... 타인에게 대여해 주거나 구매한 제품을 외부 중고 시장에 되파는 비정상적인 유통 흐름이 적발될 경우 즉시...",http://cafe.naver.com/pusanmom/4252181,★☆부경맘(부산맘/경남맘)☆★,
cd072143a64dcca9b05fc1d988a8a8da,naver,cafe,전자제품 대여,KW3,물품 대여 수요,위드라이프 32인치 HD TV 정보,대형 제품이 필요할 때 간단하게 대여하는 것도 좋은 선택이었어요. 가격도 저렴하고 65~75인치로... 단기간 임대용으로는 정말 추천드리고 싶은 제품이에요 . 5위 — [삼성 감사 페스티벌] 삼성전자 4K UHD QLED...,http://cafe.naver.com/ourman/584591,필리핀 세부 캡슐트레블 - 자유여행/맛...,
f60fbeb913496bf6ebe0cac61f01d969,naver,cafe,전자제품 대여,KW3,물품 대여 수요,대여케이블(RCA) 짧은리뷰 올려봅니다,일단 제가 사용하는 케이블은 소리전자에서 빈티지 웨스턴 4심케이블이라고 벌크로 판매하는거 구매해서... 떨어지는 제품이 아닌데도 불구하고 순은선과는 비교는 확실하게 되긴합니다. 시스템에 따라서도 차이도...,http://cafe.naver.com/gunsao/26174,오디오스쿨,
9bb47ced9430c31236b11d09e10f4d36,naver,cafe,전자제품 대여,KW3,물품 대여 수요,6월 13일 동막낚시터 조행기 ( 잉어킹들과 놀면서 ),무료로 대여해주면서 알려드리고 한거라... 채비 : 양쪽 모두 나노추 원봉돌채비 찌부력 : 왼쪽- 미라클 스마트 전자찌 60cm - 2.6g 오른쪽- SUNFC 청녹 더더더 7점등찌 88cm - 3.6g 사용봉돌 : 나노추 사용 - 왼쪽- 4.3g ( 1.7g...,http://cafe.naver.com/1tonfishing/6655,1톤피싱 낚시이야기,
ffb0fbc6f6c20af36542efb2c908fd47,naver,cafe,전자제품 대여,KW3,물품 대여 수요,소프트웨어 구매 관련 문의,혁신제품 기술개발사업 수행 과정에서 소프트웨어 구매 관련하여 문의드립니다. 1. 소프트웨어 구매 관련 심의 필요 여부 - 연구 과제 수행에 필요한 소프트웨어를 구매하고자 합니다. - 해당 소프트웨어는 대여 또는...,http://cafe.naver.com/dasanrndnipa/6021,다산회계법인 연구비 집행&정산 도우미...,
9a89ef145cafd87b76489f92fa43f6fa,naver,cafe,전자제품 대여,KW3,물품 대여 수요,"⭐️맘스홀릭베이비페어마곡 방문전 필독⭐️오픈런‼️ 이벤트와 주차, 부스 등 꿀팁+ 방문후기까지(6/11-...",위한 제품들도 있어서 더더더욱 더 감동했습니다.. 그리고 옆에 따로 있는건 방문후기 이벤트 작성해서... 유모차 대여 ⏰ 시간 : 10:30 ~ 17:00 (▪️일요일은 15시 조기종료) 준비물 : 신분증 아기와 함께라면 꼭 유모차...,http://cafe.naver.com/imsanbu/79273835,맘스홀릭 베이비 (360만 엄마들의 임신...,
90f7b0bfad16129bd262513e1a1f8103,naver,cafe,전자제품 대여,KW3,물품 대여 수요,심야 랜케이블 수령기,용산 전자랜드까지 40여 분을 한달음에 달려가 도로변 가로등 아래에서 제품을 건네받았습니다. 주변에서... 오늘 아침 짧게 들어본 첫인상은 반년 전 대여해서 사용했던 구형 버전과 기본적인 성향은 비슷하면서도 꽤...,http://cafe.naver.com/hifikorea/180838,하이파이코리아 오디오,
c4d3abdbbedc2bf677d0c77eb9200589,naver,cafe,전자제품 대여,KW3,물품 대여 수요,"말레이시아 슬라양 자락의 거대한 바투 동굴 종교 예술 관람과 활기찬 푸드 마켓 탐방, SK 홈스테이 셀라양...","전체 대여 스타일로 입소문이 자자한 SK 홈스테이 셀라양 포인트 콘도(SK HOMESTAY SELAYANG POINT CONDO (6 paxs))였는데... 가전제품들을 편리하게 사용할 수 있었답니다. 깨끗하게 위생 관리가 잘 된 대형 냉장고와 거실 TV, 전자레...",http://cafe.naver.com/hassrd/19052,여행가서 모하지,
cfbfc41bd67907ed1deb04bfc6eba045,naver,cafe,전자제품 대여,KW3,물품 대여 수요,[체험단 이벤트] 에디파이어 S355DB - 음악감상에 좋은데 영상 볼 때는 더 좋아!,"이번에 들어 볼 제품은 네이버 기즈모 카페의 체험단 이벤트를 통해 대여 받은 에디파이어 S355DB입니다. 2.... 가락전자의 MV6와 MV10의 조합에서 최적값을 찾지 못해 결국 방출하는 아픔이 있었는데, 에디파이어 S355DB는...",http://cafe.naver.com/gizmo/10595,기즈모 카페,
90c1be883e6f28c976e8bbf162f1cef6,naver,cafe,전자제품 대여,KW3,물품 대여 수요,[한국석유공사] 2026년 6월 2주차 기관 주요 뉴스브리핑,석유제품 가격 비교사이트 오피넷에 따르면 8일 현재 전국 LPG충전소의 자동차용 부탄 가격은... 비축유를 대여해주는 제도다. 원유 선적 이후 국내 도착까지 수십 일이 걸리는 점을 고려해...,http://cafe.naver.com/pinkbrgd1/4924,공공라운지 ★ 혁신도시 공공기관·공...,
493fbd20cb7f8a2023cf361695b79a31,naver,cafe,전자제품 대여,KW3,물품 대여 수요,"[대여] 갤럭시 S23 울트라 512GB, 1일 5,800원에 플래그십 경험 누구에게 맞을까",삼성전자의 갤럭시 S23 울트라 512GB 모델은 현존하는 스마트폰 중 최고 수준의 성능과 기능을 자랑합니다. 이 제품을 단기 대여로 경험함으로써 얻을 수 있는 핵심적인 이점들은 다음과 같습니다. 1. 압도적인 성능: 국산...,http://cafe.naver.com/skyblueqfxzx/272,평소처럼당당하게,
93ce03cb295619c5ab515d916ab54fdb,naver,cafe,전자제품 대여,KW3,물품 대여 수요,말레이시아 페낭 부킷메르타잠 대산각 역사 지구의 고즈넉한 에코 산책로 투어와 오토시티 로컬 야시장의 미...,"가전제품들이 편리하게 배치되어 편리하게 사용할 수 있었답니다. 깨끗하게 위생 관리가 잘 된 대형 냉장고와 가스쿡탑, 전자레인지 조리 가전 비품뿐만 아니라 스마트 평면 TV, 초고속 전기포트 가전까지 완비되어...",http://cafe.naver.com/hassrd/18266,여행가서 모하지,
2ef923ac6720672eecc06fae451a2b4c,naver,cafe,전자제품 대여,KW3,물품 대여 수요,[정보] 구딩 메쉬넵베어 휴대용 네블라이저 가격이랑 혜택 알아보다가 정리해봤어요,"소아과 가면 대여해주기도 하지만 매번 빌리러 가기도 번거롭고, 위생 부분도 솔직히 신경 쓰여서 다들 가정용으로 하나씩 구비해두는 분위기잖아요. 마침 저도 주변 육아 동기들이 많이들 쓴다고 입을 모으는 제품이...",http://cafe.naver.com/livingwellpeople/166,잘사는 사람들,
ec49ab679b42fafd1ce5c0c264cdca2a,naver,news,전자제품 대여,KW3,물품 대여 수요,"[MZ부부의 청양 귀농 실전노트(65)] 귀농 9년차, 아직도 멀었다","우리가 사는 곳 근처에서 장비대여 서비스를 시작했다는 기사였다. 전화를 해보니 지금도 계속 운영하고... 실제 지난해 장마 때 낙뢰를 맞아 전자제품 2개가 고장난적이 있는데, 주택화재 보험처리가 됐다. 하우스...",https://www.sisaweek.com/news/articleView.html?idxno=235823,www.sisaweek.com,2026-05-29
75e9031ec833e356b70104087e3790c3,naver,news,전자제품 대여,KW3,물품 대여 수요,"[유통소식] 롯데百, 7개 계열사 통합 '엘패스' 캠페인","제품은 전자레인지로 50초, 에어프라이어로 180도 기준 약 10분 조리하면 집에서도 간편하게 즐길 수 있다.... 용품 대여 서비스를 결합한 '한강 피크닉' 패키지를 9월 30일까지 선보인다고 26일 밝혔다. 이번 패키지는...",http://www.4th.kr/news/articleView.html?idxno=2112226,www.4th.kr,2026-05-26
d627ffb7dbaf2de74128c59225f62e8c,naver,news,전자제품 대여,KW3,물품 대여 수요,중동발 충격 '탈플라스틱' 선언···2030년까지 30% 줄인다,"의류, 전자제품 등 품목에도 설계 단계부터 재활용 용이성, 내구성 등 순환이용성을 고려하도록 하는 한국형... 기후부는 탈플라스틱 실천이 더 쉬워지고, 국민에게 혜택으로 돌아갈 수 있도록 다회용기 등의 세척·대여...",https://www.ktv.go.kr/content/view?content_id=754366,www.ktv.go.kr,2026-05-12
15d212c5980f7ac1de70f6e9713eed9f,naver,news,전자제품 대여,KW3,물품 대여 수요,"국립대 교수가 도둑, 5500만원 사적 유용","등 전자제품도 포함됐다. 일부 물품은 ㄱ교수의 자택으로, 냉장고와 테니스 용품 등은 지인에게 직접... 또한 납품업체로 빼돌린 연구비 약 3300만 원을 현금화하기 위해 납품업체와 공모, 실험장비 대여 거래가 있었던...",https://www.thereport.co.kr/news/articleView.html?idxno=87198,www.thereport.co.kr,2026-04-27
9492f5fceb2014f876419d330dc99524,naver,news,전자제품 대여,KW3,물품 대여 수요,"오클라호마 토네이도 피해 복구…유홀, ‘유박스’ 30일 무료 보관 지원","유홀은 스틸워터와 에드먼드에 있는 자사 시설 2곳에서 신규 유박스 대여 고객에게 한 달간 무료 보관... 집이 파손된 주민들은 복구 기간 동안 가구, 전자제품, 개인 물품을 안전하게 보관해야 하는 경우가 많다....",https://www.tokenpost.kr/news/international/353387,www.tokenpost.kr,2026-04-25
c5a64f359cbf5de53527a403d838d228,naver,news,전자제품 대여,KW3,물품 대여 수요,[Who Is ?] 김두영 코스모화학 대표이사 사장,"경제개혁연대는 코스모화학이 부실 계열사 지원을 위해 연대보증, 담보제공, 자금대여를 계속해 왔다고... 식품용, 전자제품용에 이르기까지 다양한 제품을 생산하고 있다."" ""2011년에는 이차전지의 핵심소재인...",https://www.businesspost.co.kr/BP?command=article_view&num=435279,www.businesspost.co.kr,2026-04-09
68ef1803d32ca8469a757802adf816c7,naver,news,전자제품 대여,KW3,물품 대여 수요,"[더벨][한국거래소 제재 워치] 관리종목 지정된 디에이피, 항공 계열사...","지난해 말 기준 지난 4년 간 에어로케이홀딩스에게 대여금만 410억원을 지원했고 이중 107억원을... 본업인 웨어러블장치, PC 등 다양한 전자제품 PCB 제조 부문에서는 흑자 기조인 상태다. 에어로케이항공의 손실이...",https://www.thebell.co.kr/free/content/ArticleView.asp?key=202603231413516800108190,www.thebell.co.kr,2026-03-25
4909ba580b54bcaec4d86ed9afd477c5,naver,news,전자제품 대여,KW3,물품 대여 수요,"""냉장고 팔던 LG의 역발상""… 팔지 않고 돈 버는 구조 만든다",서울 영등포구 여의도동 위치한 LG트윈타워 전경./사진=LG전자 제공 LG전자는 제품 판매 이후에도 지속적으로... 이러한 변화는 DVD 대여 사업에서 출발해 글로벌 구독 플랫폼으로 성장한 넷플릭스의 초기 전략과도 닮아...,https://www.mediapen.com/news/view/1088125,www.mediapen.com,2026-03-20
82228e544e9d7648963da87be56bf056,naver,news,전자제품 대여,KW3,물품 대여 수요,날렵해져 귀에 부담 덜 주는 버즈 신작... 고개 한 번 끄덕이면 바로 통...,"삼성전자에서 제품을 대여해 열흘 정도 매일 장시간 써보니, 만족감이 가장 컸던 건 착용감이다. 구급차 지나갈 땐 주변 소리 자동 감지 귓속으로 들어가는 커널형 이어폰은 대체로 네댓 시간 끼고 있으면 답답함이...",https://www.hankookilbo.com/news/article/A2026030818200005346?did=NA,www.hankookilbo.com,2026-03-11
6af209d0638145ffcce9b35ab39415b5,naver,news,전자제품 대여,KW3,물품 대여 수요,[Who Is ?] 조연주 한솔케미칼 부회장,"이 씨는 2025년 8월 YHH홀딩스에 5억 원을 2028년까지 장기 대여(연 이자율 4.60%)했다. 회사는 이 자금을... 등 전자소재 제품을 생산하고 있으며, 이차전지용 소재인 음극바인더, 분리막바인더, 실리콘음극재 등을 개발...",https://www.businesspost.co.kr/BP?command=article_view&num=431892,www.businesspost.co.kr,2026-03-05
f82d4fff0182d2935390899c459852ea,naver,news,전자제품 대여,KW3,물품 대여 수요,[정옥재의 스마트 라이프]'콘센트에서 해방'…2만6000mAh 보조배터리 써...,150W’를 대여해 한 달 이상 체험했다. 두 제품은 ‘앤커 프라임 파워뱅크 2만100mAh 220W 보조배터리’와 함께... 오프라인 전자기기 제품점을 방문하며 해결책을 찾았다. 그 결과 온라인 쇼핑몰에서 ‘USB-C PD to DC 4.0x1.7...,http://www.kookje.co.kr/news2011/asp/newsbody.asp?code=0200&key=20260210.99099002958,www.kookje.co.kr,2026-02-10
4370d3303534078cdccd2311c15940e8,naver,news,전자제품 대여,KW3,물품 대여 수요,"희토류 전주기 지원 강화한다…산업장관 ""공급망 관리, 민관 긴밀 협력...","수급 위기가 발생할 경우에는 한국광해광업공단이 보유한 공공 비축 물량의 대여와 방출도 적극 검토할... 실증 결과를 토대로 안전성과 환경성을 검증한 뒤, 영구자석을 포함한 폐전기전자제품의 재활용 기준을 마련할...",https://www.ajunews.com/view/20260205161008046,www.ajunews.com,2026-02-05
1a0b18732f0637a939597ae46386597b,naver,news,전자제품 대여,KW3,물품 대여 수요,"시진핑, 한한령 풀자는 韓 제안에 ""석 자 얼음 한 번에 안 녹아""","동물원에 대여해달라""는 취지로 언급했다고 한다. 그러자 시 주석은 ""바둑이나 축구 교류에 문제가 없다... 미국이 제기하는 중국 전자제품의 도감청 의혹을 연상시키는 '아슬아슬한 유머'라는 평가가 나온 바 있다.",https://www.hankookilbo.com/News/Read/A2026010623040001512?did=NA,www.hankookilbo.com,2026-01-07
1eaa39403c4e1c576637ec448ac8467e,naver,news,전자제품 대여,KW3,물품 대여 수요,"日·동남아 PPS시장 노리는 HDC그룹…""HDC현대EP, 자동차부품 공략에 총...","또한 전기·전자기기, 가전제품, 주택설비 등에도 적용할 수 있는 소재로 각광받고 있다. HDC폴리올이... HDC현대EP는 최근 HDC폴리올에 약 1년간 운영자금 용도로 207억원을 대여했다. 이는 운영자금 확보를 위한...",https://www.asiatoday.co.kr/view.php?key=20251225010013620,www.asiatoday.co.kr,2025-12-29
e04ad3da68d8ebaa6ef1d4921c1247b0,naver,news,전자제품 대여,KW3,물품 대여 수요,"우리 집 전자파, 전파진흥원에서 측정기 무상 대여로 확인","우리 가정에 있는 가전제품의 경우에는 전자레인지, 전기오븐, 전기히터, 헤어드라이어 등 주로 열을 방출하는 제품들이 가장 대표적이다. 소형 전자파 측정 대여 서비스 홍보물. (출처=한국방송통신전파진흥원 누리집)...",https://www.korea.kr/news/reporterView.do?newsId=148956935&call_from=naver_news,www.korea.kr,2025-12-24
b14f029f404bce73f81c84d0cd9ccd6f,naver,news,전자제품 대여,KW3,물품 대여 수요,[월드 e-브리핑] 미국 10월 구인 건수 예상 밖 증가,"은은 전자제품과 태양광 패널에 필수 원자재이지만, 대부분 광산의 부산물로 채굴돼 단기간 생산 확대가... 상하이시는 정부 보조금을 투입해 60여 종의 노인 돌봄 로봇을 초저가로 대여하기 시작했는데요. 걷기를...",https://www.obsnews.co.kr/news/articleView.html?idxno=1506915,www.obsnews.co.kr,2025-12-10
f2bea2ac0181b3461e412e8a040b4e3a,naver,news,전자제품 대여,KW3,물품 대여 수요,조은전자,당시 동성로에 있는 오디오 숍에서 각종 전자 제품과 부품을 판매했습니다. 여기를 드나들면서 점차... 또 수입사와 소통을 강화해서 이들 업체에서 행사할 공간이 필요하다고 하면 얼마든지 대여해 줄 예정입니다....,http://www.audioht.co.kr/news/articleView.html?idxno=19484,www.audioht.co.kr,2025-12-10
3920b954d8a2430757b08bc51befd27e,naver,news,전자제품 대여,KW3,물품 대여 수요,'안전한 담배'는 없다?…합성니코틴도 법적 담배로 규제 강화,"이에 따라 합성니코틴 기반 전자담배 역시 담배제품으로 간주돼, 광고·판매·포장 등 전반에 걸친 규제를... 또한 담배소매인 지정 시 국가유공자, 장애인 등을 우선 지정할 수 있도록 하는 조항과 명의 대여 행위에 대한...",https://www.mhns.co.kr/news/articleView.html?idxno=732964,www.mhns.co.kr,2025-12-03
3085dd617120cf2d0c7760ac472c634b,naver,news,전자제품 대여,KW3,물품 대여 수요,"'엣지' 실패에 얼어붙은 삼성전자, 신제품 '갤럭시Z트라이폴드' 초도 물...",혹은 대여해 준 것으로 보인다. 이들은 제품박스 언박싱부터 시작해 오랜 기간 만져보며 구체적인 리뷰가 담긴 영상을 쏟아냈다. 갤럭시XR과 달리 삼성전자가 갤럭시Z트라이폴드와 관련해 진행하고 있는...,https://www.industrynews.co.kr/news/articleView.html?idxno=75124,www.industrynews.co.kr,2025-12-03
2d791fa58a78825aa4add12a7d599733,naver,news,전자제품 대여,KW3,물품 대여 수요,고프로부터 닌텐도까지…돈 되는 건 다 렌탈해 팔아치운 전과 8범,"그는 인터넷 렌탈 사이트를 제집 드나들듯 하며 값비싼 전자제품들을 골라 대여 계약을 맺었다. 빌리는 척… 중고 사이트 행 2023년 9월 4일, A씨는 렌탈 업체에서 시가 110만 원 상당의 고프로11 액션 카메라를 빌렸다....",https://lawtalknews.co.kr/article/O5NNTKYV76TQ,lawtalknews.co.kr,2025-11-27
af85ad687cf3962b260b3a8e3803c91e,naver,news,전자제품 대여,KW3,물품 대여 수요,"[ⓓ인터뷰] ""1997, 그 공기를 복원했다""…'태풍상사', 세트의 마술 (미술...",""" 전자제품은 가능한 한 실제 1990~1997년대 제품을 그대로 사용했다. 휴대전화, 삐삐, 시계, 라디오 등을... 결국 대여에 성공했다""고 전했다. # Take 4. 1997년, 모든 장면에서 살아 숨 쉰다 향수를 끌어올리는 데는 또 다른...",http://www.dispatch.co.kr/2335350,www.dispatch.co.kr,2025-11-21
d0c4b87fd1aa5d00d78748c02f42d197,naver,news,전자제품 대여,KW3,물품 대여 수요,[심준규의 ESG 모델링 11] 구독이 바꾸는 세상上 Zipcar 자동차 공유가 ...,"집카와 쏘카의 성공은 단순히 차량 대여 서비스를 제공했기 때문이 아니라 소비자의 근본적인 니즈를... 가전제품이나 가구, 전자기기 등 고가의 내구재를 소유 대신 구독으로 제공한다면 어떨까? 초기 비용 부담을...",https://www.mydaily.co.kr/page/view/2025111708571559853,www.mydaily.co.kr,2025-11-17
6f35958f6ed0429e34badf92dcf601d6,naver,news,전자제품 대여,KW3,물품 대여 수요,[코리아스타트업포럼과 함께하는 스타트업의 미래] ㉕ 김기영 모핑아이...,당시 미국에서 이와 유사한 사업을 전개하는 사업체에서 모핑 기술을 탑재한 로봇을 한 달간 대여하는... 먼저 모핑아이는 2025년 국제전자제품박람회(CES) 현장에서 유명 글로벌 기업 3건과 업무협약(이하 MOU)을...,https://www.youthdaily.co.kr/news/article.html?no=197588,www.youthdaily.co.kr,2025-10-28
9ed330fa2bcdeae5e97e9c9497328b5d,naver,news,전자제품 대여,KW3,물품 대여 수요,[Who Is ?] 이영준 롯데케미칼 대표이사 겸 롯데 화학군 총괄대표 사장,"롯데케미칼은 2022년 10월20일 롯데건설에 단기차입금 5천억 원을 대여해 줬다. 롯데건설은 자금운용의... 폴리카보네이트는 엔지니어링 플라스틱의 일종으로 전기전자 제품, 의료용 기구, 핸드폰 및 IT 외장재 등에...",https://www.businesspost.co.kr/BP?command=article_view&num=416594,www.businesspost.co.kr,2025-10-23
ff23611ae526080714d2fd9ea9e622a6,naver,news,전자제품 대여,KW3,물품 대여 수요,‘K-픽업 명가’를 노리는 SUV 명가...KGM ‘무쏘 EV’ ‘무쏘 스포츠&칸...,"또한 내부 전원을 사용해 전자제품을 이용할 수 있는 V2L(Vehicle to Load) 기능을 지원해 높은 활용도를... 한편, 지난 7월에는 차량을 월 단위로 자유롭게 대여할 수 있는 구독 서비스 ‘KGM 모빌링’을 론칭했다. KGM...",http://www.osen.co.kr/article/G1112681172,www.osen.co.kr,2025-10-22
9cf42a0961cdcf41b6ca0f744ba995a4,naver,news,전자제품 대여,KW3,물품 대여 수요,[브리프] SM엔터 대교 네이버웹툰 CJ CGV,"무료 대여 이벤트를 진행한다.ㅣ네이버웹툰 네이버웹툰이 운영하는 네이버시리즈가 최근 극장가에서... ■ CJ CGV, '폐전기·전자제품 기부 캠페인' 진행 CGV 본사 로비에서 진행된 '폐전기·전자제품 기부 캠페인'에...",http://www.biztribune.co.kr/news/articleView.html?idxno=341790,www.biztribune.co.kr,2025-10-19
757b6753de620b3bdd0faea9bacc358d,naver,news,전자제품 대여,KW3,물품 대여 수요,"체질개선 시동 건 화학업계, 고부가가치 제품군으로 위기 탈출해야","여천NCC 위기설 급한 불을 끄기 위해 한화솔루션은 재빠르게 여천NCC에 1500억원의 자금 대여를 결정했다.... 이들 화학제품은 우리 일상에서 많이 쓰이는 음식 용기, 빨대, 물병, 타이어, 건축자재 및 전자제품 외장재...",https://www.hani.co.kr/arti/economy/economy_general/1222301.html,www.hani.co.kr,2025-10-06
1658e7fc83fe2d8dc79265bfa6273f16,naver,news,전자제품 대여,KW3,물품 대여 수요,"10월부터 신청 시작…서울시, '이 사람들'에게 현금 최대 100만 원 지원한...","또한 냉장고·세탁기 같은 전자제품, 각종 주방가전과 소형가전, 가구, 주방용품, 침구류 등 신혼집 살림 마련에 필요한 물품 구입에도 쓸 수 있다.다만 스튜디오 촬영, 드레스 대여, 메이크업 서비스 비용은 지원...",https://www.wikitree.co.kr/articles/1085436,www.wikitree.co.kr,2025-09-30
bc85f3dc2cb10e7b02f4224d0d2d21d7,naver,news,전자제품 대여,KW3,물품 대여 수요,오늘의 운세 띠별 9월30일 재물운 및 금전운,"쥐띠 (1948, 1960, 1972, 1984, 1996, 2008, 2020년생) 경고: 가까운 사람과의 금전적 거래나 물건 대여는 손실로... 특히 전자제품이나 고가의 물건은 구매를 미루세요. 주의사항: 믿었던 사람으로 인한 손실 가능성을...",https://www.cbci.co.kr/news/articleView.html?idxno=533216,www.cbci.co.kr,2025-09-30
b25118f01a7ec494ad44b1613d038fed,naver,news,전자제품 대여,KW3,물품 대여 수요,"실제가 아닌 걸 알지만, 너무 무서웠어요","이러한 실습 기자재를 대여 및 사용하기 위해서는 국가연구안전정보시스템(labs.go.kr) 주관... 전류를 차단하여 화재 및 전기 누전을 예방하는 제품으로, 전자기기를 많이 사용하는 나에게는 한없이 고마운 제품이기도...",https://www.korea.kr/news/reporterView.do?newsId=148949589&call_from=naver_news,www.korea.kr,2025-09-24
13a5070341e08209e577387cddceffe8,naver,news,전자제품 대여,KW3,물품 대여 수요,"보릿고개 넘는 카드사, 가전구독 카드로 활로 찾는다","최근 삼성전자, LG전자 등 가전업체는 침체된 소비 시장을 뚫기 위해 구독 혜택을 강화하며 활로 찾기에 나서고 있다. 가전구독 모델은 소비자가 가전제품을 직접 구매해 소유하는 것이 아니라, 대여의 형태로 정기...",http://www.metroseoul.co.kr/article/20250916500014,www.metroseoul.co.kr,2025-09-16
1928a944dbd7588d5394fad1c481de21,naver,news,전자제품 대여,KW3,물품 대여 수요,"""회사 때려치우고 유튜브 시작하진 마세요""","게사장: ""노트북은 일반 소비자가 흔하게 접하는 전자제품 중 복잡한 기기의 하나다. 소비자들이 구매할 때... 들어간 제품 위주로 내가 주로 정한다. 과거에는 사서 했고 요즘은 협력사들에 요청하면 대여해 준다. 대여품...",https://www.hankookilbo.com/News/Read/A2025090311490000056?did=NA,www.hankookilbo.com,2025-09-06
86586e7a669f82f417e8e7b183376528,naver,news,전자제품 대여,KW3,물품 대여 수요,"[특징주] 파인엠텍, 베트남 자회사 출자전환에 강세…재무구조 개선 기...","이번 출자전환은 설비대금 1600만달러와 대여금 600만달러를 포함한 총 2200만달러(약 306억원) 규모로, 회사... 비나씨엔에스는 베트남 유한책임회사(LLC) 형태로 휴대전화 부품과 관련 전자제품의 제조·판매를 주요...",http://www.seoulwire.com/news/articleView.html?idxno=668854,www.seoulwire.com,2025-09-03
1a8b4e6daa5b1483cf0cb2f7c60337cc,naver,news,전자제품 대여,KW3,물품 대여 수요,"[ZD브리핑] 정기 국회 개막...與, 검찰개혁 등 224개 법안 처리 예고",국민의힘은 이에 따라 대여투쟁에 나설 것으로 보입니다. 이재명 대통령이 여야 회동을 제안한 가운데... 이에 삼성전자도 신제품 갤럭시 S25 FE와 갤럭시 탭 S11 시리즈를 IFA 현장서 공개합니다. 초대장에는 갤럭시S25...,https://zdnet.co.kr/view/?no=20250831121055,zdnet.co.kr,2025-08-31
0d5e47b3e452ab5addb8fe25725aaadd,naver,news,전자제품 대여,KW3,물품 대여 수요,"판매부진·中추격 ‘이중고 K-전자’, 활로찾기 안간힘","이에 TV, 웨어러블 기기 등 전자제품 시장이 올해 전년 대비 최대 3%가량 위축될 거란 분석이 나온다.... 단순 제품 대여를 넘어선 차별화된 고객 관리 전략을 강화하고 있다. 양사는 또 B2B 시장을 새로운 성장 동력으로...",https://www.ekn.kr/web/view.php?key=20250820022068644,www.ekn.kr,2025-08-20
4eae2b927c7bd6c7dbbe8f2830919dbb,naver,kin,전자제품 대여,KW3,물품 대여 수요,usb를 c타입 변환 젠더를 꼽아서 폰에 옮길 수 있나요?,폰 대여를 하고 콘서트 다녀와서 usb에 옮기려고 하는데 c타입인줄 알고... 다만 젠더가 “데이터 전송 지원” 제품이어야 합니다. 단순 충전용... com/kone_info/ 삼성전자 온라인 파트너 ㈜케이원정보기술 업무시간...,https://kin.naver.com/qna/detail.naver?d1id=1&dirId=1010405&docId=493643286&qb=7KCE7J6Q7KCc7ZKIIOuMgOyXrA==&enc=utf8,지식iN,
27b2e82de6faebfba740451cb8b13eba,naver,kin,전자제품 대여,KW3,물품 대여 수요,쿠팡 로켓프레쉬 환불 거절되기도 하나요?,... 전자상거래등에서의 소비자보호에관한법률 (전자상거래법)에 따라 반품 or... 신용카드를 대여하여 본인이 아닌 자에 의하여 결제가 이루어지도록 하는... 따라 제품의 가격 변동 사유로 인한 경우 의류/잡화/수입명품/계절상품/식품...,https://kin.naver.com/qna/detail.naver?d1id=5&dirId=511&docId=493288477&qb=7KCE7J6Q7KCc7ZKIIOuMgOyXrA==&enc=utf8,지식iN,
32abf332c92280eff95a38000211f0c4,naver,kin,전자제품 대여,KW3,물품 대여 수요,절도신고..,"... 가해자 특정에는 동선 연계 CCTV 캡쳐의 시간 연동성, 동일 의복·소지품의 연속성, 차량번호·대여기록·결제흔적... 목적물이 전자제품·차량 등 추적 가능한 물건이면 일련번호·IMEI·차대번호를 첨부하여 장물추적·중고거래 플랫폼...",https://kin.naver.com/qna/detail.naver?d1id=6&dirId=602060401&docId=493271811&qb=7KCE7J6Q7KCc7ZKIIOuMgOyXrA==&enc=utf8,지식iN,
fde67a3e52c126b8137a0aae963c52b6,naver,kin,전자제품 대여,KW3,물품 대여 수요,3자사기에 이용당함,"... 급여채권, 예금채권, 가전제품·가재도구에 대한 집행 가능성을 빠르게 조회해 피해 확산 전 담보를 확보하는... 둘째, 전자금융거래법상 접근매체 양도·대여, 사기방조 혐의가 문제될 수 있으므로, 본인이 속은 경위, 통상적 거래로...",https://kin.naver.com/qna/detail.naver?d1id=6&dirId=602060402&docId=493222780&qb=7KCE7J6Q7KCc7ZKIIOuMgOyXrA==&enc=utf8,지식iN,
feaae1773d78785de3c987300846e023,naver,kin,전자제품 대여,KW3,물품 대여 수요,에이블리 주문 취소,"... 복제 가능한 제품의 포장 훼손 CD, DVD, 게임, 서적 등 복제 가능한 소프트웨어류의 포장을 개봉한 경우. 주문 제작... 비고령운전자에 비해 반응속도 떨어져 전동카트 대여서비스에 대한 안전관리 방안 마련 필요 ‘이동전화서비스’...",https://kin.naver.com/qna/detail.naver?d1id=5&dirId=511&docId=493152224&qb=7KCE7J6Q7KCc7ZKIIOuMgOyXrA==&enc=utf8,지식iN,
76490134f4077c574503e4827ac61658,naver,kin,전자제품 대여,KW3,물품 대여 수요,상품에 훼손 발생을 이유로 반품을 거절 당했습니다,"... ===> 제품 박스에 붙여진 스티커 뜯고 개봉 하였으면 전자제품 특성상 사용 한것을 취급 되며, 소비에 의하여 상품의... 고령운전자, 돌발상황 시 비고령운전자에 비해 반응속도 떨어져 전동카트 대여서비스에 대한 안전관리 방안 마련...",https://kin.naver.com/qna/detail.naver?d1id=5&dirId=511&docId=493058615&qb=7KCE7J6Q7KCc7ZKIIOuMgOyXrA==&enc=utf8,지식iN,
d539b47a52309f490dc886dfe4947949,naver,kin,전자제품 대여,KW3,물품 대여 수요,중국 가는데 경유라 중국 국내선 보조배터리,"... 한국에서 구매하신 제품에는 이 마크가 없는 경우가 많고, 특히 용량이나... 고성 내부와 주변 골목마다 미니소 같은 잡화점, 대형 편의점, 전자기기... 보조배터리 대여기계가 널려 있습니다. 결론적으로 말씀드리면, 현재 가지고...",https://kin.naver.com/qna/detail.naver?d1id=9&dirId=9020102&docId=492953143&qb=7KCE7J6Q7KCc7ZKIIOuMgOyXrA==&enc=utf8,지식iN,
cc1940b46703ee5b25ec2234019c226f,naver,kin,전자제품 대여,KW3,물품 대여 수요,번개장터 안정결제 환불 불가능한 상황인건가요?,... 개인 간 중고거래에서는 전자상거래법이 적용되지 않아 판매자의 과실이 없는 경우 환불 불가합니다. 판매자가... 판매자가 인터넷에서 퍼온 고퀄리티 사진을 사용하여 실제와 다른 저가형 제품을 대여해준 행위는 민사상...,https://kin.naver.com/qna/detail.naver?d1id=6&dirId=60215&docId=492940890&qb=7KCE7J6Q7KCc7ZKIIOuMgOyXrA==&enc=utf8,지식iN,
8b97e8f767e18b2615b9360485f57c6b,naver,kin,전자제품 대여,KW3,물품 대여 수요,빈티지샵에서 옷을구매했는데요,... (* 변심에 의한 사유도 반품 교환 가능 합니다. ) 구제(중고) 및 빈티지 제품 이라고 하더라도 판매자가 개인... 비고령운전자에 비해 반응속도 떨어져 전동카트 대여서비스에 대한 안전관리 방안 마련 필요 ‘이동전화서비스’상담이...,https://kin.naver.com/qna/detail.naver?d1id=5&dirId=511&docId=492619714&qb=7KCE7J6Q7KCc7ZKIIOuMgOyXrA==&enc=utf8,지식iN,
3e8855b84f235453e73d91f0d7f4a448,naver,kin,전자제품 대여,KW3,물품 대여 수요,쿠팡의 소비자 기만을 여기저기알리고싶어요,여드름 스팟패치 자주시키던거 12mm를 주문했는데 10mm제품에 12mm스티커를 붙여서 보냈더라구요 정말 소비자가 얼마나... 비고령운전자에 비해 반응속도 떨어져 전동카트 대여서비스에 대한 안전관리 방안 마련 필요 ‘이동전화서비스’...,https://kin.naver.com/qna/detail.naver?d1id=4&dirId=40701&docId=492559289&qb=7KCE7J6Q7KCc7ZKIIOuMgOyXrA==&enc=utf8,지식iN,
c7919f2e696967c665f0864a6e0d15bf,naver,kin,전자제품 대여,KW3,물품 대여 수요,5세 어린이 피아노 교육 가능할까요? 방문교육은...,"... 전자피아노는 잘 안망가지나요? 어디 제품이 좋을까요? 방문 피아노 사이트 보면 대여, 혹은 판매하는 곳도 있던데요 믿을만 할까요? 괜찮을까요? 5세는 음악을 ‘배우는 시기’라기보다 음악을 자연스럽게 경험하며 음악적 감각을...",https://kin.naver.com/qna/detail.naver?d1id=8&dirId=80105&docId=125714055&qb=7KCE7J6Q7KCc7ZKIIOuMgOyXrA==&enc=utf8,지식iN,
62a7f019d06fba001881c6304b219c0c,naver,kin,전자제품 대여,KW3,물품 대여 수요,렌탈 형사고소,"... 위조하거나, 대여 사실을 숨기고 담보 제공·전매를 했다면 사기죄(형법 347조), 횡령죄(355조), 배임죄(355조 2항), 사문서위조 및 동행사(231조, 234조), 전자... 송장, 제품 일련번호·MAC·IMEI 등 식별자료, 대금 결제 내역, 독촉·반납 요구...",https://kin.naver.com/qna/detail.naver?d1id=6&dirId=60214&docId=491934997&qb=7KCE7J6Q7KCc7ZKIIOuMgOyXrA==&enc=utf8,지식iN,
406ef3f061c674c5e193a55a5e772bad,naver,kin,전자제품 대여,KW3,물품 대여 수요,구매한 옷이 쇼핑몰 설명이랑 다른데 환불이 안 되나요?,... 이러한 안내 문구는 제품 상세 설명에 명시되어 있지 않았습니다. 이게 반품환불이 불가능한 사항인가요? ==> 말씀... 비고령운전자에 비해 반응속도 떨어져 전동카트 대여서비스에 대한 안전관리 방안 마련 필요 ‘이동전화서비스’...,https://kin.naver.com/qna/detail.naver?d1id=5&dirId=511&docId=491903339&qb=7KCE7J6Q7KCc7ZKIIOuMgOyXrA==&enc=utf8,지식iN,
e2340613381c3fb9b878f62340ead061,naver,kin,전자제품 대여,KW3,물품 대여 수요,이북리더기 추천받아요! 전자책 e북 독서,... 그중에서 네 상황에 가장 잘 맞는 제품을 골라줄게! [추천 1순위] 오닉스... 컬러 전자잉크(Kaleido 3)를 써서 표지나 삽화를 예쁘게 볼 수 있지. 휴대성... 나중에 도서관 운영할 때 이북리더기 대여 서비스 같은 걸 기획해봐도...,https://kin.naver.com/qna/detail.naver?d1id=8&dirId=80606&docId=491853208&qb=7KCE7J6Q7KCc7ZKIIOuMgOyXrA==&enc=utf8,지식iN,
57e482637c008c83128f7dd6856cf42c,naver,kin,전자제품 대여,KW3,물품 대여 수요,나트랑에서 꼭 해봐야 할 액티비티는 뭐가 있나요?,"... 스노클링 장비를 무료로 대여해 주며, 선상에서 제공되는 음료와 간식도... 새 제품이나 대량 반입이 아닌 경우 큰 문제가 되지 않을 수도 있지만, 이는 개인의 경험과 상황에 따라 다를 수 있으니 주의가 필요해요. 만약 전자담배를...",https://kin.naver.com/qna/detail.naver?d1id=9&dirId=9020107&docId=491664302&qb=7KCE7J6Q7KCc7ZKIIOuMgOyXrA==&enc=utf8,지식iN,
47ceb714fd1dd53cc2a6a2dac3e8947f,naver,kin,전자제품 대여,KW3,물품 대여 수요,홍콩 마카오 1월 날씨 궁금해요,"... 있는 제품 권장) 얇은 경량패딩 또는 가을용 코트 목도리나 스카프... 준비물 전자기기 관련 멀티 어댑터 (필수) 홍콩과 마카오는 G타입(영국식 3구... (ChargeSPOT 대여 또는 약 16,000원에 구매) 교통·통신 관련 옥토퍼스 카드 (교통카드)...",https://kin.naver.com/qna/detail.naver?d1id=9&dirId=9020102&docId=491280470&qb=7KCE7J6Q7KCc7ZKIIOuMgOyXrA==&enc=utf8,지식iN,
ea86667e8a1bf0889e73207de30a7ca6,naver,kin,전자제품 대여,KW3,물품 대여 수요,노트북 파워 아뎁터 연장선 어떤걸 구입해야 될까요?...,"... 노트북을 1,2달 대여해서 본체, 모니터, 멀티탭, 방안 전기문제 등 어디가 원인인지 테스트를 해보려고 하거든요... 명호전자의 아답터 연장선: 이 제품은 튼튼한 연결과 빠른 배송으로 좋은 평가를 받고 있어요. 가격은 790원부터...",https://kin.naver.com/qna/detail.naver?d1id=5&dirId=50202&docId=490730587&qb=7KCE7J6Q7KCc7ZKIIOuMgOyXrA==&enc=utf8,지식iN,
f64438860863323cde149954cb2a2f61,naver,kin,전자제품 대여,KW3,물품 대여 수요,한경희 회사 브랜드 이름 대여 상품,... 중국제품 수입이라 써 있지 않는데 이름 대여했다고 생각하고 사겠습니까? 이런 경우 어떻게 해야 하나요? 그리고... 대부분의 전자기기는 당연히 중국 OEM으로 들여옵니다. 브랜드 이름만 붙여서요. 이건 우리나라의 문화에요.,https://kin.naver.com/qna/detail.naver?d1id=5&dirId=50104&docId=490688591&qb=7KCE7J6Q7KCc7ZKIIOuMgOyXrA==&enc=utf8,지식iN,
2112123e7fa2b8e4aa80785e0e9af808,naver,kin,전자제품 대여,KW3,물품 대여 수요,요즘 젊은여성 활용한 시가담배 판매 사기가 유행되고...,"... 시가제품 구매 송금내역(예, 900만원 최**, 3000만원 송**, 1억3000만원 김**)을... 법적으로는 형법상 사기죄뿐 아니라 담배사업법, 전자상거래법... 계좌 명의인이 ‘명의대여’에 그쳤다고 항변하더라도 대포통장 제공의 불법성이...",https://kin.naver.com/qna/detail.naver?d1id=8&dirId=8020501&docId=490664868&qb=7KCE7J6Q7KCc7ZKIIOuMgOyXrA==&enc=utf8,지식iN,
3265135796cd7e94ca77fab5912cfa1f,naver,kin,전자제품 대여,KW3,물품 대여 수요,단순 변심 환불 불가,제가 지그재그에서 당월 14일 주문한 휴대폰 케이스를 15일 배송받고 제품 확인 후 단순 변심으로 인해 당일 바로 반품... 비고령운전자에 비해 반응속도 떨어져 전동카트 대여서비스에 대한 안전관리 방안 마련 필요 ‘이동전화서비스’...,https://kin.naver.com/qna/detail.naver?d1id=4&dirId=40701&docId=490489326&qb=7KCE7J6Q7KCc7ZKIIOuMgOyXrA==&enc=utf8,지식iN,
1e8778cae98bf607916adb73c710d46c,naver,kin,전자제품 대여,KW3,물품 대여 수요,전자기기 대여 시 스크래치 보상 의무는?,"일주일간 전자기기를 대여했는데, 대여 기간 종료 후 이틀 후 업체에서 액정 스크래치를 발견했다고 연락이 왔습니다. 당시 저는 제품 반환 시 문제가 없다는 것을 확인하고 반환하였지만, 미처 발견하지 못한 손상이 있을 수 있으니...",https://kin.naver.com/qna/detail.naver?d1id=6&dirId=60215&docId=490456346&qb=7KCE7J6Q7KCc7ZKIIOuMgOyXrA==&enc=utf8,지식iN,
0d984ed6a50f09048dbdf7df611e4c6c,naver,kin,전자제품 대여,KW3,물품 대여 수요,친구가 도박 하는 거 같은데 어떡하죠,"... 고가의 제품을 하루에 다 사고 얘가 경제관념이 좀 없어서 사고 싶은 거 막... 친구분이 불법 도박에 관여하거나 명의 요구, 계좌 대여, 대포통장 개설... 질문자님 명의의 통장·휴대전화·인증서·신용카드 제공은 전자금융거래법...",https://kin.naver.com/qna/detail.naver?d1id=6&dirId=60206&docId=490308204&qb=7KCE7J6Q7KCc7ZKIIOuMgOyXrA==&enc=utf8,지식iN,
ab3ab0131f1931554150d827137ffacc,naver,kin,전자제품 대여,KW3,물품 대여 수요,쇼핑몰 환불,"... 일반적으로 주문제작 목걸이의 경우, 제품 제작 과정에서 약속한 길이와 달리 받아왔다면 구매자가 환불이나... 비고령운전자에 비해 반응속도 떨어져 전동카트 대여서비스에 대한 안전관리 방안 마련 필요 ‘이동전화서비스’...",https://kin.naver.com/qna/detail.naver?d1id=4&dirId=40701&docId=490232440&qb=7KCE7J6Q7KCc7ZKIIOuMgOyXrA==&enc=utf8,지식iN,
492827d42f2ffc9295fac3472c33fd45,naver,kin,전자제품 대여,KW3,물품 대여 수요,에이블리에서 아이폰 구매후 불량이 왔는데 판매자가...,... 제가 제품 이상있는 거 다 영상 봤는데 교환 왜 안해주냐니까 반품요청하세요 아니면 그냥 네 이렇게만 2~4일에... 비고령운전자에 비해 반응속도 떨어져 전동카트 대여서비스에 대한 안전관리 방안 마련 필요 ‘이동전화서비스’...,https://kin.naver.com/qna/detail.naver?d1id=4&dirId=40701&docId=490200488&qb=7KCE7J6Q7KCc7ZKIIOuMgOyXrA==&enc=utf8,지식iN,
ebfa87c28ef82acfe09479378e4800b5,naver,kin,전자제품 대여,KW3,물품 대여 수요,치악산자연휴양림 카라반의 시설 및 편의시설은 어떤...,"... 예를 들어, 주방 도구, 침구, 화장실 상태, 추가 대여 가능한 물품 등 구체적인 정보를 제공해 주세요.... 기타 시설: TV, 냉장고, 전자레인지 등 기본적인 가전제품이 갖추어져 있습니다. 예약 및 이용 정보 예약 방법: 숲나들e 공식...",https://kin.naver.com/qna/detail.naver?d1id=9&dirId=9011405&docId=488501159&qb=7KCE7J6Q7KCc7ZKIIOuMgOyXrA==&enc=utf8,지식iN,
6129d578557ec04481ba75579c5744b4,naver,kin,전자제품 대여,KW3,물품 대여 수요,중고나라 사기 무혐의 도와주세요,"... 판매자였다면 실물 보유 사진의 원본 파일, 촬영 메타데이터, 제품 시리얼... 계좌 명의 대여, 타인 계좌 사용, 대리 발송 과정에서 신분도용이 개입된... 제출해 전자금융거래법, 범죄수익은닉규제법 관련 확전을 막아야 합니다....",https://kin.naver.com/qna/detail.naver?d1id=6&dirId=602060402&docId=489465230&qb=7KCE7J6Q7KCc7ZKIIOuMgOyXrA==&enc=utf8,지식iN,
99bc474a7470ae763f83c6068ed2775b,naver,kin,전자제품 대여,KW3,물품 대여 수요,번개장터 에어팟프로 사기,이거 미개봉 새 제품이라는데 너무 가격이 싸서요 이거 사기인가요? 아니면... 이후 전기통신금융사기 피해금 환급 특별법 및 전자금융거래법 절차에 따라... 명의대여 및 대포통장 주장에 대비하여 형사기록 열람·등사를 통해 범행...,https://kin.naver.com/qna/detail.naver?d1id=1&dirId=107040202&docId=489397411&qb=7KCE7J6Q7KCc7ZKIIOuMgOyXrA==&enc=utf8,지식iN,
197db06f05d19c5e5dd4f1fe31d63864,naver,kin,전자제품 대여,KW3,물품 대여 수요,중고나라 이거 사기인가요?,"... 명의자가 범행에 가담하지 않았다고 항변하더라도, 반복적인 사기이용 정황, 대가성 명의대여 정황, 자금 인출... 고가 전자제품 등은 일련번호를 계약서 본문에 기재하고, 인도 전 검수·영상기록 조항을 두면 좋습니다. 결론적으로...",https://kin.naver.com/qna/detail.naver?d1id=8&dirId=81302&docId=489389335&qb=7KCE7J6Q7KCc7ZKIIOuMgOyXrA==&enc=utf8,지식iN,
7eea2d8df902b3cd67d9d40a2bf9ed73,naver,kin,전자제품 대여,KW3,물품 대여 수요,[보이스피싱] 카카오톡 나이키 배송완료에 관하여,"... 요즘 카카오톡에 나이키 제품을 구매하였다는 알림을 받고 있습니다.... 질문자님이 링크를 클릭해 카드정보나 인증정보를 입력하셨다면, 전자금융거... 환급법 절차로 회수되지 않은 금액이 남거나 인출책·대여계좌 명의자가...",https://kin.naver.com/qna/detail.naver?d1id=6&dirId=602060402&docId=489268428&qb=7KCE7J6Q7KCc7ZKIIOuMgOyXrA==&enc=utf8,지식iN,
41049eb2c5ecc805ab65c2c6d4649f86,naver,blog,에어컨 렌탈,KW3,물품 대여 수요,이동식 샤워실 렌탈 페스티벌 화장실 대여 필수!,"렌탈천하에서 대여해 드리는 이동식 화장실은 아주 깔끔하고 모든 설비를 완벽하게 갖추고 있습니다. 세면대를 비롯해 핸드 드라이어, 환풍기 및 쾌적한 환경을 위한 에어컨 등의 옵션 화장실이 있기 때문에...",https://blog.naver.com/eventrentalchunha/224319735062,이벤트 렌탈천하 010-9830-0730,2026-06-18
bb546aab56f848eb36c7e270ea3181a3,naver,blog,에어컨 렌탈,KW3,물품 대여 수요,LG전자가전구독 구매보다 똑똑한 선택이 되는 이유,"렌탈마마에서는 다양한 가전 구독 상품을 비교하면서 우리 집에 적합한 구성을 찾을 수 있습니다. 세탁건조기, 냉장고, 에어컨, 스타일러 등 생활 필수 가전을 한 번에 비교할 수 있어 시간과 노력을 절약할 수...",https://blog.naver.com/rentalmama_/224319677330,렌탈마마,2026-06-18
085f71b700922168f257111a2940cbab,naver,blog,에어컨 렌탈,KW3,물품 대여 수요,저신용 렌탈 포기하지 말고 방법을 찾아보세요,"저신용 렌탈이 필요한 상황 현대인의 생활에서 냉장고, 세탁기, TV, 에어컨과 같은 가전제품은 선택이 아닌 필수품이 되었습니다. 하지만 한 번에 구매하려면 적지 않은 비용이 발생하는 것도 사실이죠. 특히...",https://blog.naver.com/rental_aunt/224319674484,렌탈이모,2026-06-18
f51b41020e0c4d84883044b35e2c558e,naver,blog,에어컨 렌탈,KW3,물품 대여 수요,서울 렌탈스튜디오 스튜디오시호 웨딩촬영,"스튜디오시호 에어컨 정말 시원합니다 .. 서울 렌탈스튜디오 내부 배경은 이렇게 회색입니다. 저희는 나중에 봤을 때도 촌스럽지 않고 클래식한 느낌으로 촬영을 하고 싶었고, 그래서 깔끔한 배경을...",https://blog.naver.com/aboutdearme/224319581491,Enjoy Trip,2026-06-18
dc7da9caf0c00fd4d0bb9b6de6fce138,naver,blog,에어컨 렌탈,KW3,물품 대여 수요,어린이 박물관 축제 한마당 버블머신자전거발전기 방울방울~~~,"평소에는 버튼 하나만 누르면 선풍기, 조명, TV, 에어컨이 켜지지만, 실제로 그 전기를 만들기 위해서는... 버블머신렌탈 #자전거발전기렌탈 #비눗방울기계렌탈 #버블머신대여 #자전거발전기대여...",https://blog.naver.com/mc5jung/224319506598,"친환경 연구소 (친환경,미래체험)",2026-06-18
162d5b4215f08a47af76e6a41aa80166,naver,blog,에어컨 렌탈,KW3,물품 대여 수요,수원역 양꼬치 꿔바로우 온면 술안주 추천 천지양꼬치,장비도 렌탈한다고하니 참고하세요 내부 내부가 환하고 쾌적합니다. 테이블간 간격도 적당해서 편한... 어차피 에어컨 틀어져있어서 뜨끈한 음식 먹어도 노상관 쫄깃쫄깃한 면발이 매력적인 온면! 이름 모를...,https://blog.naver.com/grey_gooroom/224319205030,회색구름둥둥☁,2026-06-17
0696170dc2b6bc73ad344696afcedc80,naver,blog,에어컨 렌탈,KW3,물품 대여 수요,"고효율 가전 환급 TV 에너지 등급 1등급 모델 확인 방법, 딱...","한방정리, 딱 3단계로 완벽하게 해결해요 삼성 비스포크 냉장고 패밀리허브 없는 일반형 가격 차이, 3가지 비교 포인트 에어컨 구매 렌탈 장기할부 2026 어떤 방법이 유리한가, 3가지 방식으로 백만 원 아끼는 꿀팁",https://blog.naver.com/shsrry0813/224319162356,홈테크 마스터,2026-06-17
b7f216bcc429d0d67257c2b91ea28b5a,naver,blog,에어컨 렌탈,KW3,물품 대여 수요,에어컨 잠금 기능 아이 안전 설정법 스마트홈 연동 한방정리...,"포인트 에어컨 구매 렌탈 장기할부 2026 어떤 방법이 유리한가, 3가지 방식으로 백만 원 아끼는 꿀팁 로봇청소기 국내 점유율 중국 60% 넘는데 삼성 LG 어떻게 뒤집을 계획인지 완벽정리, 3가지 핵심 전략으로 역전...",https://blog.naver.com/shsrry0813/224319137324,홈테크 마스터,2026-06-17
a387c6141b460e1512c28fb7d5b0672e,naver,blog,에어컨 렌탈,KW3,물품 대여 수요,서울 강남구 역삼동 삼성동 에어팟맥스 노이즈 캔슬링 렌탈...,( #구매전체험 #애플헤드셋추천 #헤드셋렌탈 #가성비대여 #에어팟맥스후기 ) 빌리팩토리를 이용한 이유... 잘 차단되는 소리 지하철 주행 소음 버스 엔진 소리 에어컨 저음 비행기 엔진음 노이즈 캔슬링 성능은...,https://blog.naver.com/nbjh1725/224317671149,nbjh1725님의 블로그,2026-06-17
f99d24c317384e5f92cfe3e7b20e9158,naver,blog,에어컨 렌탈,KW3,물품 대여 수요,삼성 비스포크 냉장고 패밀리허브 없는 일반형 가격 차이...,"글 에어컨 구매 렌탈 장기할부 2026 어떤 방법이 유리한가, 3가지 방식으로 백만 원 아끼는 꿀팁 로봇청소기 국내 점유율 중국 60% 넘는데 삼성 LG 어떻게 뒤집을 계획인지 완벽정리, 3가지 핵심 전략으로 역전...",https://blog.naver.com/shsrry0813/224319112712,홈테크 마스터,2026-06-17
bc64de2d21a700680d051ef8084c5864,naver,blog,에어컨 렌탈,KW3,물품 대여 수요,"에어컨 구매 렌탈 장기할부 2026 어떤 방법이 유리한가, 3가지...",이 글을 읽으시면 2026년 최신 조건 속에서 나에게 가장 큰 이득을 가초기 지출 없는 에어컨 렌탈... 제가 지난달에 부모님 댁에 거실용 스탠드형 에어컨을 새로 놓아드리면서 렌탈과 구매를 정말 치열하게...,https://blog.naver.com/shsrry0813/224319090024,홈테크 마스터,2026-06-17
5a3a922ef38574573f8d0cd306d62d30,naver,blog,에어컨 렌탈,KW3,물품 대여 수요,"17~23weeks, 체력이 돌아왔다(과연)",방에 에어컨 개썩어서 빡침 이날도 무지 습했음 집에와서 열무냉면해먹음 22weeks 괜찮은 줄 알았던... 천안방문의 이유는 야옹이렌탈 우리 조카고양이는 차타면 = 놀러간다 차 = 움직이는 놀이터 실컷...,https://blog.naver.com/mandu_ne_/224319035560,따끈따끈 만두네집,2026-06-17
22e9c86698bafcf3de872d121b21173c,naver,cafe,에어컨 렌탈,KW3,물품 대여 수요,알리사 100단 아이스터보MAX 휴대용선풍기 후기를 참고하세요.,"https://naver.me/FHOuAczh 처음 고를 때 봤던 부분 알리사 100단 아이스터보MAX 휴대용선풍기 냉각 에어컨... 알아보니 알리사 선풍기는 사용자 후기도 좋고, 렌탈 옵션이 있어 부담 없이 체험할 수 있다는 점이 눈에...",http://cafe.naver.com/hughugmommy/32598,"허그허그스튜디오,구미웨딩촬영,세미웨...",
6b0b20b80147b3f4d04357b605ef59d2,naver,cafe,에어컨 렌탈,KW3,물품 대여 수요,에어컨 사야하는데ㅜㅠ 도와주세요.. 렌탈? 구독?,이번에는 사야할꺼 같은데.. 렌탈도 있고 요즘 구독? 이란것도 있더라고요. 차이가 있는건가요? 아니면 그냥 사야할까요 가격이 후덜하던데... 로.청구매 예정 이었는데 ..ㅠㅠ ㅋ팡이 조금 저렴하던데..,http://cafe.naver.com/remonterrace/34811079,"레몬테라스 [인테리어,리폼,DIY,요리,...",
02df1524bd1177c76ee62a26e7d95c19,naver,cafe,에어컨 렌탈,KW3,물품 대여 수요,오키나와 츄라우미 수족관 나들이와 나고야 파인애플 파크 미식 투어를 즐기며 대가족이 함께 보낸 아늑한 ...,단독 렌탈 하우스인 패밀리 하우스 이사가와(ファミリーハウスいさがわ)였습니다. 전체적인 외관에서부터... 룸 내부에는 소음 없이 시원하고 은은하게 잘 작동되는 에어컨 공기청정 시스템이 완비되어 있어서 실내...,http://cafe.naver.com/hassrd/21050,여행가서 모하지,
80833fe9034d8b046c7cf8418284bef7,naver,cafe,에어컨 렌탈,KW3,물품 대여 수요,보통 가전제품은 어떤거 사시나요?,티비 세탁기 에어컨 로청 냉장고..또 뭐있을까요,http://cafe.naver.com/directwedding/9075081,다이렉트 결혼준비,
d2cb50d08dd3b0fd04a9dd8957c95f8a,naver,cafe,에어컨 렌탈,KW3,물품 대여 수요,캐스퍼 장기렌탈 선수금 꼼꼼히 따져보세요 이 글 꼭 보세요,"캐스퍼 장기렌탈 월 납입금 지금 바로 확인하기 (무료) https://m.site.naver.com/1JOiM 첫 차였던 경차, 이제는 정말... 특히 겨울철에 히터가 예전 같지 않고, 여름에는 에어컨 성능도 시원찮으니 스트레스가 이만저만이 아니었죠....",http://cafe.naver.com/thenewcclass/179523,벤츠 C클래스 동호회 - 메르세데스 클...,
02114918fdaf9c6f3ac5a7b31a198808,naver,cafe,에어컨 렌탈,KW3,물품 대여 수요,시설 가격 쾌적함 세 마리 토끼를 다 잡은 연습실_용마산역,냉장고 / 에어컨 오디션 영상 촬영용 조명기 2대 / 선풍기 / 서큘레이터 / 제습기 / 온풍기 / 온열기 / 생수... 연습실렌탈/넓은연습실/분위기좋은연습실/새벽대관/연중무휴연습실/장평교연습실/난방연습실...,http://cafe.naver.com/kig/19540381,ㆍ피터팬의 좋은방 구하기ㆍ,
b96b9901161355c4d6a9da08918db816,naver,cafe,에어컨 렌탈,KW3,물품 대여 수요,학교 축제 부스 행사 준비 가이드 : 천막 대여부터 안전 수칙까지 총정리!,"있는 렌탈 업체를 선정해야 선생님들과 학생회의 피로도를 줄일 수 있습니다. 오렌토의 '학교 축제 원스톱 패키지'로 한 번에 해결하세요! 학교 축제를 준비할 때 천막, 테이블, 의자, 에어컨, 화장대 등을 각각 다른...",http://cafe.naver.com/orento/7329,오렌토,
8b692557c53fc50f5de31157ff76a214,naver,cafe,에어컨 렌탈,KW3,물품 대여 수요,"유후인 긴린코 호수의 신비로운 물안개 산책과 프리미엄 와규 미식 탐방, 오스기노야도(Osugi-no-yado) 넓은...",특히 객실 내부의 에어컨 환기 시스템이 소음 전혀 없이 아주 강력하고 시원하게 잘 작동해 주어 외부의 다소... 시내 내 명소들이나 긴린코 호수 일대를 누비실 때는 별도의 교통편 대신 가벼운 도보나 자전거 렌탈을 상시...,http://cafe.naver.com/hassrd/20856,여행가서 모하지,
fcd41d9b6065b91220582945156559bc,naver,cafe,에어컨 렌탈,KW3,물품 대여 수요,삼성가전렌탈 비교 추천 후기,"삼성가전렌탈은 냉장고, 세탁기, 건조기, TV, 에어컨 등 다양한 프리미엄 가전을 월 렌탈료만으로 이용할 수 있어 목돈 부담을 줄일 수 있다는 장점이 있습니다. 최근에는 삼성가전구독 서비스도 함께 주목받고 있습니다....",http://cafe.naver.com/kookminlease/1345829,국민 공공 민간 임대아파트 들어가기,
6378c273ef9122278b31b5be484ee8a7,naver,cafe,에어컨 렌탈,KW3,물품 대여 수요,가전제품렌탈 삼성 LG 비교 총정리,"그래서 최근에는 가전제품렌탈 방식으로 냉장고, 세탁기건조기, TV, 에어컨 등을 한 번에 준비하시는 고객님들도 늘어나고 있답니다 :) 삼성과 LG 모두 뛰어난 브랜드이기 때문에 어느 한쪽이 무조건 좋다고 말하기는...",http://cafe.naver.com/kookminlease/1345828,국민 공공 민간 임대아파트 들어가기,
385ddbf0689abf127b5c6dd0a95cc334,naver,cafe,에어컨 렌탈,KW3,물품 대여 수요,"유후인 긴린코 호수의 아침 물안개 산책과 갓 구운 비프 고로케 미식 투어, 다케미노 야도(Takemi no Yado ...",특히 객실 내부의 에어컨 환기 시스템이 소음 전혀 없이 아주 강력하고 시원하게 잘 작동해 주어 외부의 다소... 자전거 렌탈을 하시면 진짜 편리하며 부담 없이 동선을 지혜롭게 활용하기 아주 좋습니다. 짐이 많고 피곤할...,http://cafe.naver.com/hassrd/20692,여행가서 모하지,
159fbb615477021762181b80e01abde0,naver,cafe,에어컨 렌탈,KW3,물품 대여 수요,"몰디브 행운의 바다거북 스노클링 체험과 해변 노천 씨푸드 미식 투어, 라 이슬라 보니타(La Isla Bonita)에...","객실 침실 공간에 깔끔하게 위생 세팅된 넉넉하고 보송보송한 고급 침구류와 전용 가전, 에어컨, 그리고... 섬 내 명소들이나 해변 일대를 누비실 때는 자전거 렌탈을 상시 이용하시면 진짜 편리하며 부담 없이 동선을...",http://cafe.naver.com/hassrd/20680,여행가서 모하지,
aa7b4c589a6c55b4614ccbc79b71300d,naver,cafe,에어컨 렌탈,KW3,물품 대여 수요,스탠드에어컨 vs 천장형에어컨 장점 비교 추천,"에어컨 렌탈 관련해서 도움 받은 영상 공유 드려요! 작년 여름에는 퇴근하고 집에 들어오는 순간부터 더위와 싸우는 기분이었습니다. 창문을 열어도 뜨거운 바람만 들어오고, 선풍기를 틀어도 시원함은 잠깐뿐이더라고요....",http://cafe.naver.com/kig/19539068,ㆍ피터팬의 좋은방 구하기ㆍ,
afeec5c394d626e7df1976b3c803b75f,naver,cafe,에어컨 렌탈,KW3,물품 대여 수요,"교토 카모가와의 고즈넉한 자전거 산책과 전통 청청 미식 투어, 코지하우스 310(Cozyhouse 310)에서 아내와...",특히 객실 내부의 에어컨 환기 시스템이 소음 전혀 없이 아주 강력하고 시원하게 잘 작동해 주어 외부의 다소... 자전거 렌탈 인프라를 파격적이고 합리적인 가성비 비용으로 마음껏 누릴 수 있다는 점이 진짜...,http://cafe.naver.com/hassrd/20603,여행가서 모하지,
5f9fe54551e6ee6969dc7bde7dba69f8,naver,cafe,에어컨 렌탈,KW3,물품 대여 수요,사계절 필수품 제습기 추천 BEST 3,습한날씨때문에 에어컨과 보일러로 온습도 조절을 하시나요? 최대혜택받으면서 저렴하게 렌탈할 수 있도록 꼼꼼하고 친절한 상담으로 결정하는데 있어 도움이 되는 저희 세모가렌탈과 함께해보신다면 좋은 결과 얻으실...,http://cafe.naver.com/semogaxrental/274,세모가렌탈,
4196374412f21bfcf8b0533ed9271678,naver,cafe,에어컨 렌탈,KW3,물품 대여 수요,6층 하남호리존 스튜디오 무료렌탈 이벤트,"https://naver.me/FmGvHCtu 경기도 하남시 신장로 58 6층 FS스튜디오 무료렌탈 대관 이벤트 알려드립니다. 국내... 시간 연장 가능 시스템 에어컨 천정형 2기+벽걸이형 2기(2층) 1층 호리존, 싱크존, 모던존, 책장존, 500w...",http://cafe.naver.com/grayhwp5j/4,한국낚시정보,
801df80098659a1494a182da30f61452,naver,cafe,에어컨 렌탈,KW3,물품 대여 수요,창원에어컨렌탈 차원이다른 차가움,"그래서 주변 사람들과 이야기를 나누다 보니 자연스럽게 창원에어컨렌탈 같은 생활 방식에 대한 경험담도 듣게 되었어요. 각자의 공간과 생활 패턴에 맞춰 시원함을 채우는 방법이 다양하다는 점이 인상적이었고, 저 역시...",http://cafe.naver.com/orangef1bch/93,대박렌탈플랫폼,
43337ca42b0d071d073111c473b530b3,naver,cafe,에어컨 렌탈,KW3,물품 대여 수요,세종에어컨렌탈 투인원으로 안방에도 시원해요,그렇게 집안의 여름 환경이 조금씩 달라지면서 자연스럽게 세종에어컨렌탈이라는 이야기를 주변에서 접하게 되었어요. 하지만 무언가를 선택해야 한다는 생각보다는 단순히 우리 집에서 보내는 시간이 조금 더 편안하고...,http://cafe.naver.com/skybluezadaf/55,렌탈인사이드,
23f35a8202ce133717684a6aa702ee01,naver,cafe,에어컨 렌탈,KW3,물품 대여 수요,✨부열혜택✨ 타이어 렌탈시 얼라이먼트 무료!!,"타이어 구매는 문론이며 타이어테크 주례점에서는 타이어 렌탈도 가능합니다! 타이어 최고급사양 4본... 차량 무상점검 엔진오일, 베터리, 부동액, 미션오일, 브레이크오일, 에어컨, 경정비 모두 가능 차량이...",http://cafe.naver.com/busantropicalfishs/624686,부산열대어,
c8458c58e168c72883e28b58f44d9f2e,naver,cafe,에어컨 렌탈,KW3,물품 대여 수요,"유후인의 구름 위 산장에서 즐기는 프라이빗한 힐링과 온천 마을 미식 탐방, 텐쿠노야도(Tenku no yado)에서...",특히 독채 내부의 에어컨 및 환기 시스템이 소음 전혀 없이 아주 강력하고 시원하게 잘 작동해 주어 외부의... 게다가 실속 가득한 주거형 하우스 렌탈답게 전용 객실 내부와 거실 공간에는 투숙객의 편리한 체류 라이프를...,http://cafe.naver.com/hassrd/20450,여행가서 모하지,
13086ad9af64134705f4d9ed1ac3f4cd,naver,news,에어컨 렌탈,KW3,물품 대여 수요,"""여름이 비수기라고?""…보일러업계, 에어컨·숙면매트 전면전","귀뚜라미는 센추리, 범양냉방, 신성엔지니어링 등 냉방·공조 기업 인수합병을 통해 대형 설비부터 가정용 에어컨까지 라인업을 확보했다. 최근에는 현대렌탈케어와 손잡고 가정용 보일러 렌털 서비스 '따숨케어'를...",https://daily.hankooki.com/news/articleView.html?idxno=1376211,daily.hankooki.com,2026-06-16
22ef0dce9511c527ee288a651c074bba,naver,news,에어컨 렌탈,KW3,물품 대여 수요,"큐에이드, '에이드온' 가전 라인업 확대…생활가전 시장 공략","현대렌탈케어 협업 브랜드 ‘큐밍(Quming)’과 더불어 자사 브랜드 포트폴리오를 다각화한다는 방침이다.... 지난 4월 벽걸이 에어컨 2종(6평형, 10평형)을 선보였으며, ▲헤어 스타일러 ▲BLDC 무선 선풍기 ▲레트로...",https://www.hankyung.com/article/202606010874O,www.hankyung.com,2026-06-01
fb441f316ee7a43ae736ebb45faad605,naver,news,에어컨 렌탈,KW3,물품 대여 수요,밤새도록 냉감 유지…열대야 식혀줄 ‘숙면매트’,"‘온·오프’ 렌탈형 제품도 출시…구매부담 낮춰 [헤럴드경제=홍석희 기자] 한 여름밤의 고민은 에어컨과 선풍기 사이에서 시작된다. 에어컨은 끄면 더워지고, 선풍기는 얼굴에 그대로 닿는 바람이 문제다. 밤새 에어컨을...",https://biz.heraldcorp.com/article/10759663?ref=naver,biz.heraldcorp.com,2026-05-29
b6beb8acc8443b07dcd2edc181805098,naver,news,에어컨 렌탈,KW3,물품 대여 수요,"‘숙면매트’로 꿀잠 신세계... 경동나비엔, 4계절 매트 한달 써보니[중...",[경동나비엔] 에어컨 밤새 켜긴 부담스러운 여름밤 냉감이불로 안 잡히던 등 뒤 열감 줄어 나비엔 스마트... 이같은 부담을 줄이기 위해 매월 2만5000원 수준의 렌탈형 제품도 출시돼 있다. 경동나비엔은 구독 상품을 통해...,https://biz.heraldcorp.com/article/10757417?ref=naver,biz.heraldcorp.com,2026-05-28
1560e4927da22d34c722ddeab04d6bac,naver,kin,에어컨 렌탈,KW3,물품 대여 수요,에어컨 내부에서 소리가 나요.,"... 에어컨 작동에는 문제가 없었는데 뭐가 잘못된걸까요? ㅠㅠ 안녕하세요, 가전제품 렌탈 비교 플랫폼 렌트리입니다. 전원을 뺀 상태에서도 '타다닥', '틱틱' 또는 시계 초침 같은 소리가 난다면, 대부분은 고장이 아니라 냉방 후 차가워진...",https://kin.naver.com/qna/detail.naver?d1id=5&dirId=50104&docId=493929894&qb=7JeQ7Ja07LuoIOugjO2DiA==&enc=utf8,지식iN,
5a93118b26ac5311bad979e6803c6716,naver,kin,에어컨 렌탈,KW3,물품 대여 수요,에어컨 껐다 켰다 전기세 아끼는법,"안녕하세요 첨부한 사진속 에어컨을 사용할것인데, 여름에 전기세를 절약하려면 어떻게 할지 조언 부탁드립니다.... 이 작은 습관만으로도 전기 요금을 쾌 절약할 수 있습니다. 이상 가전제품 렌탈 비교 플랫폼 렌트리였습니다.",https://kin.naver.com/qna/detail.naver?d1id=5&dirId=501&docId=493928303&qb=7JeQ7Ja07LuoIOugjO2DiA==&enc=utf8,지식iN,
c5a967ec1cb616e52cfe8a56c7ca5c7f,naver,kin,에어컨 렌탈,KW3,물품 대여 수요,삼성 벽걸이 에어컨 오류..?,"삼성 벽걸이 에어컨이 자취방에있는데 얘가 자꾸 돌다가 삑삑거리면서 안되는데 왜이러는거죠 코드 뽑고 다시... 작동이 멈춘다""라고 접수하시면 보다 정확한 진단을 받으실 수 있습니다. 이상 가전제품 렌탈 비교 플랫폼 렌트리였습니다.",https://kin.naver.com/qna/detail.naver?d1id=5&dirId=501&docId=493852331&qb=7JeQ7Ja07LuoIOugjO2DiA==&enc=utf8,지식iN,
1bffce1d1563c4e23fea63385cd4434a,naver,kin,에어컨 렌탈,KW3,물품 대여 수요,에어컨에 곰팡이,스텐드형 에어컨인데 바람나오는 구녕하고 뒤에 필터같은곳에 그냥 곰팡이스프레이 마구 뿌려도 안 고장나나요?... 곰팡이가 심하다면 전문 분해 청소를 받아보시는 것을 권장드립니다. 이상 가전제품 렌탈 비교 플랫폼 렌트리였습니다.,https://kin.naver.com/qna/detail.naver?d1id=8&dirId=81003&docId=493898784&qb=7JeQ7Ja07LuoIOugjO2DiA==&enc=utf8,지식iN,
04fa635894a330bc3272645f16ddd03e,naver,kin,에어컨 렌탈,KW3,물품 대여 수요,냄새나는 에어컨 셀프세척 해도될까요?,"... 에어컨 냄새 때문에 셀프 청소를 고민하시는 분들이 많지만, 초보자가 완전 분해 후 물청소를 하는 것은... 드레인팬 오염일 수 있어 전문 분해 청소를 받아보시는 것이 좋습니다. 이상 가전제품 렌탈 비교 플랫폼 렌트리였습니다.",https://kin.naver.com/qna/detail.naver?d1id=5&dirId=50104&docId=493909409&qb=7JeQ7Ja07LuoIOugjO2DiA==&enc=utf8,지식iN,
0d96151d49e44064b581a8eff34bb45a,naver,kin,에어컨 렌탈,KW3,물품 대여 수요,엘지에어컨렌탈 휘센제품 신용 7등급 가능할까요?,"신용이 7등급정도 나오는데 엘지에어컨렌탈 가능할까요? 투인원제품으로 하고싶은데 에어컨렌탈이 안된다면, 투인원이요 스탠드 하나만 해도 상관없는데요, 에어컨렌탈 가능한곳 있을까요? 에어컨렌탈 정보는 렌탈이모에서...",https://kin.naver.com/qna/detail.naver?d1id=5&dirId=50104&docId=445882780&qb=7JeQ7Ja07LuoIOugjO2DiA==&enc=utf8,지식iN,
2d30e17bb3f9f41a1e0a33f461390a36,naver,kin,에어컨 렌탈,KW3,물품 대여 수요,엘지 시스템 에어컨 에러코드,"... 안녕하세요, 가전제품 렌탈 비교 플랫폼 렌트리입니다. 초록불이 반복해서 깜빡인다면 에어컨이 이상을 감지해 에러 코드를 표시하는 상태입니다. 먼저 에어컨 전용 차단기를 3~5분 정도 내렸다가 다시 올린 후 동일한 증상이...",https://kin.naver.com/qna/detail.naver?d1id=11&dirId=1118&docId=493847109&qb=7JeQ7Ja07LuoIOugjO2DiA==&enc=utf8,지식iN,
c8eeb7187ba2b58f2ae6b32bc280aa28,naver,kin,에어컨 렌탈,KW3,물품 대여 수요,신혼가전 의견 부탁드립니다,"... 최근에는 냉장고, TV, 세탁기건조기,에어컨 등을 렌탈로 많이 진행하십니다. 렌탈은 목돈 부담을 줄이면서 필요한 가전을 바로 사용할 수 있다는 장점이 있으며, 계약 만료 후 인수도 가능합니다! 구매와 렌탈 각각의 장단점을 꼼꼼히...",https://kin.naver.com/qna/detail.naver?d1id=5&dirId=50104&docId=481037440&qb=7JeQ7Ja07LuoIOugjO2DiA==&enc=utf8,지식iN,
54c7b9f41153d6fe7d4e1ea11c8f87d8,naver,kin,에어컨 렌탈,KW3,물품 대여 수요,시스템에어컨 소음나는 이유,"... 에어컨 청소를 안해서 그런가래서 업체에 맡겨서 청소를 했지만 소리는 똑같네요 안녕하세요, 가전제품 렌탈 비교 플랫폼 렌트리입니다. 동영상으로 들어보니 청소로 해결되는 문제가 아니라 컴프레서(압축기), 전자밸브(LEV), 또는...",https://kin.naver.com/qna/detail.naver?d1id=8&dirId=8080101&docId=493811091&qb=7JeQ7Ja07LuoIOugjO2DiA==&enc=utf8,지식iN,
7f1efbc41816dd4c1b2dbeb7a1cc7bff,naver,kin,에어컨 렌탈,KW3,물품 대여 수요,에어컨에서 소리가 나는데 가스누출일까요?,"에어컨 바람이 차갑지가 않아서 가스 충전을 하였고 이후엔 차가운 바람이 잘 나왔는데, 기사분이 가스가 완전이 다... 누설 점검을 통해 누설 부위를 찾는 것이 근본적인 해결 방법입니다. 이상 가전제품 렌탈 비교 플랫폼 렌트리였습니다.",https://kin.naver.com/qna/detail.naver?d1id=5&dirId=50104&docId=493782881&qb=7JeQ7Ja07LuoIOugjO2DiA==&enc=utf8,지식iN,
0bee1f401f9671265d8dbeed58ad53e3,naver,kin,에어컨 렌탈,KW3,물품 대여 수요,벽걸이 에어컨에 이렇게 물이 차있나요?,"... 안녕하세요, 가전제품 렌탈 비교 플랫폼 렌트리입니다. 사진처럼 에어컨 물받이(드레인 팬)에 물이 가득 차 있다면 정상 상태는 아닙니다. 원래는 응축수가 배수 호스를 통해 바로 빠져나가야 하는데, 물이 고여 있다면 배수 라인이...",https://kin.naver.com/qna/detail.naver?d1id=5&dirId=50104&docId=493791175&qb=7JeQ7Ja07LuoIOugjO2DiA==&enc=utf8,지식iN,
36d1eb91b1b3aad3a88c8f4b01fffa7a,naver,kin,에어컨 렌탈,KW3,물품 대여 수요,가전제품 렌탈 비용은 어느정도 하는가요?,"... 세탁기, 냉장고, 에어컨, TV 각각 렌탈한다면 가전제품 렌탈비용은 얼마나 하나요 가전제품렌탈은 제품 종류와 용량에 따라 월 비용이 달라질 수 있으며 세탁기, 냉장고, 에어컨, TV 모두 비교 안내가 가능합니다! 초기 비용 부담 없이...",https://kin.naver.com/qna/detail.naver?d1id=5&dirId=50104&docId=481833017&qb=7JeQ7Ja07LuoIOugjO2DiA==&enc=utf8,지식iN,
162f6c1805313b24c28b663e187580d1,naver,kin,에어컨 렌탈,KW3,물품 대여 수요,에어컨진공펌프 스토크에서 사용가능 의미가요?,"... 여부, 베기 속도(CFM/L/min) 1단식 또는 2단식 제품인지 등을 확인하는 것이 더 중요합니다. 일반 가정용 에어컨 작업이라면 1.5 ~ 3CFM 정도의 제품이라면 무난하게 사용할 수 있습니다. 이상 가전제품 렌탈 비교 플랫폼 렌트리였습니다.",https://kin.naver.com/qna/detail.naver?d1id=11&dirId=113102&docId=493478881&qb=7JeQ7Ja07LuoIOugjO2DiA==&enc=utf8,지식iN,
60a96010c1c77dd3eaa33e6e3a348bd9,naver,kin,에어컨 렌탈,KW3,물품 대여 수요,창문형 에어컨 어떤게 좋을까여?,... 창문형 에어컨은 대부분 자가 증발식 방식이라 냉방 중 생긴 물을 내부에서 증발시켜 별도의 배수 호스 없이... 평소에는 배수 호스 없이 사용하는 경우가 대부분입니다. 이상 가전제품 렌탈 비교 플랫폼 렌트리였습니다.,https://kin.naver.com/qna/detail.naver?d1id=5&dirId=50104&docId=493766217&qb=7JeQ7Ja07LuoIOugjO2DiA==&enc=utf8,지식iN,
220bcfe9b642c6321a62245a5c71256a,naver,kin,에어컨 렌탈,KW3,물품 대여 수요,가전렌탈 괜찮은곳 있을가요? 삼성 엘지 가전렌탈요,"... 현재 티비랑 청소기는 구매하였습니다 에어컨렌탈 냉장고 세탁기 침대렌탈 이정도 필요합니다.. 가능한곳 있을가요? 안녕하세요! 이사 준비로 가전 렌탈 알아보고 계시는군요. 문의하신 삼성, LG를 포함해서 전 브랜드 모든 가전 한...",https://kin.naver.com/qna/detail.naver?d1id=5&dirId=501&docId=358786178&qb=7JeQ7Ja07LuoIOugjO2DiA==&enc=utf8,지식iN,
37391ce4f8480ab4d8ac82ecf3968727,naver,kin,에어컨 렌탈,KW3,물품 대여 수요,가전 렌탈해보려는데 가정용 런닝머신도 렌탈이...,"... 런닝머신뿐만 아니라 TV, 냉장고, 세탁기, 건조기, 에어컨 등 다양한 가전제품도 렌탈이 가능하며, 한 번에 비교해 보실 수 있습니다. 월 납부 방식도 선택 가능하며, 계약 만료 후 인수형방식, 새상품입니다! 더 많은 정보와 비교는...",https://kin.naver.com/qna/detail.naver?d1id=5&dirId=50104&docId=390796900&qb=7JeQ7Ja07LuoIOugjO2DiA==&enc=utf8,지식iN,
b13c706721e529d9a2bcd266b762246b,naver,kin,에어컨 렌탈,KW3,물품 대여 수요,에어컨렌탈 신용도 낮아도 되나요?,너무 더워서 에어컨 알아보는 중인데 에어컨 렌탈이 보여서요 한 곳에 문의해보니 신용도 때문에 에어컨 렌탈이 안 된다고 하네요... 저랑 비슷한 상황 겪으신 분들은 어디서 에어컨 렌탈 하셨나요? 답변 달아주시면 참고하겠습니다...,https://kin.naver.com/qna/detail.naver?d1id=11&dirId=110101&docId=418262121&qb=7JeQ7Ja07LuoIOugjO2DiA==&enc=utf8,지식iN,
e66e53f0dafa3e3c16eb2089f21ad88e,naver,kin,에어컨 렌탈,KW3,물품 대여 수요,에어컨 소리,"... 안녕하세요, 가전제품 렌탈 비교 플랫폼 렌트리입니다. 천장형 에어컨에서 덜덜거리는 소음이 난다면 가장 흔한 원인은 전면 그릴(흡입구) 판넬 유격입니다. 필터 청소 후 커버가 완전히 잠기지 않았거나 틈이 생기면 바람을...",https://kin.naver.com/qna/detail.naver?d1id=8&dirId=80901&docId=493693487&qb=7JeQ7Ja07LuoIOugjO2DiA==&enc=utf8,지식iN,
33b7af3578f5e83644e3a35952fc74a2,naver,kin,에어컨 렌탈,KW3,물품 대여 수요,삼성 에어컨 에러 질문,... 에어컨을 키면 한 2~5분 정도 돌다가 삐비빅 비프음 들리며 작동을 멈춥니다. 팬 모양 그려진 램프도 계속... 몇 분 뒤 비프음과 함께 FAN 램프가 깜빡이며 꺼진다'라고 말씀해 주세요. 이상 가전제품 렌탈 비교 플랫폼 렌트리였습니다.,https://kin.naver.com/qna/detail.naver?d1id=5&dirId=501&docId=493698281&qb=7JeQ7Ja07LuoIOugjO2DiA==&enc=utf8,지식iN,
e2f0ff0e26a9e4e5ca7b4cbdc5f9cc86,naver,kin,에어컨 렌탈,KW3,물품 대여 수요,삼성 창문형 에어컨 소음 종용하다고 하더니 잠이깰정도로,요즘 더워지기 시작하여 인터넷 쇼핑몰에서 이와이면 믿을수 있는 삼성 창문형 에어컨을 구매 했습니다. 구매후... 그대로 유지하시고 점검 결과를 받아보시는 것을 권장 드립니다. 이상 가전제품 렌탈 비교 플랫폼 렌트리였습니다.,https://kin.naver.com/qna/detail.naver?d1id=12&dirId=12011505&docId=493662364&qb=7JeQ7Ja07LuoIOugjO2DiA==&enc=utf8,지식iN,
423861aef0faafa1d1f3263af3320346,naver,kin,에어컨 렌탈,KW3,물품 대여 수요,에어컨 껍데기,"이 떨림 소리 어떻게 잡아야하죠 ㅠ 안녕하세요, 가전제품 렌탈 비교 플랫폼 렌트리입니다. 에어컨 작동 시 탈탈탈 떨리는 소음은 전면 커버나 바람 날개(루버)의 유격 때문에 발생하는 경우가 많습니다. 먼저 필터 커버를 다시 한번 꾹...",https://kin.naver.com/qna/detail.naver?d1id=5&dirId=50104&docId=493658038&qb=7JeQ7Ja07LuoIOugjO2DiA==&enc=utf8,지식iN,
de99eda302f320a15e62c7b9b84735fd,naver,kin,에어컨 렌탈,KW3,물품 대여 수요,벽걸이 에어컨 물이 새요(영상 첨부),"... 벽걸이 에어컨 하단 양옆, 특히 틈새 부분에서 물이 떨어진다면 가장 흔한 원인은 배수 불량입니다. 에어컨... 청소가 필요할 수 있으므로 서비스 점검을 받아보시는 것을 권장드립니다. 이상 가전제품 렌탈 비교 플랫폼 렌트리였습니다.",https://kin.naver.com/qna/detail.naver?d1id=11&dirId=111603&docId=493653530&qb=7JeQ7Ja07LuoIOugjO2DiA==&enc=utf8,지식iN,
ecf1062fbe06517c6f0d1d399dccfcac,naver,kin,에어컨 렌탈,KW3,물품 대여 수요,벽걸이 에어컨 필터 더러운건가요?,... 전원 코드를 뽑기 어려운 상황이라도 에어컨 전원만 꺼져 있다면 필터 청소 정도는 가능합니다. 필터를 분리해 물로 가볍게 세척한 뒤 완전히 건조해서 다시 장착해 주시면 더욱 쾌적하게 사용하실 수 있습니다. 이상 가전제품 렌탈...,https://kin.naver.com/qna/detail.naver?d1id=5&dirId=50104&docId=493642986&qb=7JeQ7Ja07LuoIOugjO2DiA==&enc=utf8,지식iN,
13f657722ff38c60ce0098c246e744c9,naver,kin,에어컨 렌탈,KW3,물품 대여 수요,에어컨 렌탈 하려고 알아보는데 알려주세요,... 그래서 에어컨 렌탈 쪽으로 알아보고 있는데요 문제가 제가 현재 프리랜서라 수입이 일정하지 않거든요.. 혹시 직장인이 아닌 분들도 에어컨 렌탈 신청하는 데 무리가 없을까요? 소득 증빙이 애매한 상황에서 심사가 막히진 않을지...,https://kin.naver.com/qna/detail.naver?d1id=3&dirId=31503&docId=492552688&qb=7JeQ7Ja07LuoIOugjO2DiA==&enc=utf8,지식iN,
334623f1d80e6d02b2926d3091dbfbbb,naver,kin,에어컨 렌탈,KW3,물품 대여 수요,가전렌탈의 뜻은 무엇인가요?,"... 주변에서 가전렌탈 이용해보라고 추천을 해줬는데 사실 저는 가전렌탈 자체를 이번에 처음 알게 되어서 어디서 어떻게 알아봐야 할지 막막한 상황이에요 ㅠㅠ 궁금한 점은 가전렌탈 하면 냉장고, 세탁기, 에어컨 이런 것들도 제가...",https://kin.naver.com/qna/detail.naver?d1id=3&dirId=31503&docId=492740302&qb=7JeQ7Ja07LuoIOugjO2DiA==&enc=utf8,지식iN,
c2cf139029a5b3c46343720b875a7944,naver,kin,에어컨 렌탈,KW3,물품 대여 수요,에어컨렌탈 제대로 알아보고 싶은데요,... 올여름 대비해서 에어컨렌탈 미리 알아보고 있는데요 ㅎㅎ 근데 솔직히 걱정이 좀 있어요 ㅠㅠ 가 복잡한 부분들이 많아서 에어컨렌탈 심사에서 떨어지는 거 아닌가 싶거든요.. 주변에 물어보니까 렌탈은 할부랑 달리 심사 기준이...,https://kin.naver.com/qna/detail.naver?d1id=8&dirId=80301&docId=492385502&qb=7JeQ7Ja07LuoIOugjO2DiA==&enc=utf8,지식iN,
286e62423665ec8729652e7cbe88007c,naver,kin,에어컨 렌탈,KW3,물품 대여 수요,에어컨 퓨즈 하나가 빠져있어요..,... 이 부품은 퓨즈가 아니라 에어컨 부품끼리 신호를 연결하는 '커넥터'입니다. 그대로 사용하면 전면 LED 표시창이나... 잡아당기면 단선이나 PCB 손상으로 이어질 수 있으니 주의하세요. 이상 가전제품 렌탈 비교 플랫폼 렌트리였습니다.,https://kin.naver.com/qna/detail.naver?d1id=8&dirId=80901&docId=493602089&qb=7JeQ7Ja07LuoIOugjO2DiA==&enc=utf8,지식iN,
6a306615d929b6ff9f382e5d9bfd950d,naver,kin,에어컨 렌탈,KW3,물품 대여 수요,안녕하세요 에어컨 배수 문제 문의 입니다,사진 처럼 에어컨 배수 부분 끝 쪽이 아래 방향이 아니고 사진 보다 조금더 높게 위로 굴곡이 있습니다 이정도면... 바닥에 고정해 다시 뜨지 않게 해주시면 배수 문제 예방에 도움이 됩니다. 이상 가전제품 렌탈 비교 플랫폼 렌트리입니다.,https://kin.naver.com/qna/detail.naver?d1id=5&dirId=50104&docId=493605553&qb=7JeQ7Ja07LuoIOugjO2DiA==&enc=utf8,지식iN,
f6b7eaeaaa4c8ca2e80159094fe8473e,naver,kin,에어컨 렌탈,KW3,물품 대여 수요,천장형 에어컨 분리,"천장에어컨인데 뚜껑열면 필터뒤에는 못꺼내는거죠? 안쪽보니 케이블타이로 묶여있는데 안녕하세요, 렌트리입니다.... 보인다면 전문 분해 세척 서비스를 받는 것이 가장 안전합니다. 이상 가전제품 렌탈 비교 플랫폼 렌트리였습니다.",https://kin.naver.com/qna/detail.naver?d1id=5&dirId=50104&docId=493588660&qb=7JeQ7Ja07LuoIOugjO2DiA==&enc=utf8,지식iN,
addc1e0531b541a587370a404ef269f3,naver,kin,에어컨 렌탈,KW3,물품 대여 수요,에어컨 소리,에어컨을 작동하면 계속 이런 소리가 나는데 왜 나는걸까요? 삼성 제품인 것 같고 얼마전에 업체 에어컨 청소를... 내부 부품 이상 가능성이 있어 서비스 점검을 받아보시는 걸 추천드립니다. 이상 가전제품 렌탈 비교 플랫폼 렌트리였습니다.,https://kin.naver.com/qna/detail.naver?d1id=5&dirId=50104&docId=493572963&qb=7JeQ7Ja07LuoIOugjO2DiA==&enc=utf8,지식iN,
39f5ebae43e1e0cc564e997d40da178f,naver,kin,에어컨 렌탈,KW3,물품 대여 수요,삼성창문형 에어컨 물떨어집니다,"... 가전제품 렌탈 비교 플랫폼 렌트리였습니다. 창문형 에어컨 거치대 아래쪽에서 물이 떨어진다면, 가장 흔한 원인은 배수 문제나 결로 현상입니다. 특히 습한 날에는 내부 응축수가 많이 지면서 거치대 틈으로 물이 흐르는 경우가 자주...",https://kin.naver.com/qna/detail.naver?d1id=8&dirId=80901&docId=493573685&qb=7JeQ7Ja07LuoIOugjO2DiA==&enc=utf8,지식iN,
a526c0f5468f121b663de97f7ca00444,naver,kin,에어컨 렌탈,KW3,물품 대여 수요,가전가구 세트렌탈문의,"이번에 첫 전세집가면서 가전제품을 싹 렌탈하려해요 한번에 전부 바꾸려니 목돈이 들어서 에어컨제외하고 냉장고부터 세탁기,건조기등등 아정당알아보니 하나씩만 신청가능하고 신청할때마다 신용정보조회를 한다해서 한번에...",https://kin.naver.com/qna/detail.naver?d1id=5&dirId=50104&docId=485872619&qb=7JeQ7Ja07LuoIOugjO2DiA==&enc=utf8,지식iN,
33b35e48d64daf6b0d9059110d880d41,naver,kin,에어컨 렌탈,KW3,물품 대여 수요,냉난방기 렌탈하려고하는데,... 사업장이 50평정도인데 시스템에어컨 40평한대 스탠드23평 한대 넣을예정이구요 계약 전력이 일반l 고압 16kw인데... 아정당에서 할예정이구요 현.지원 60정도된다하더라구요 더좋은곳 있으면 얘기해주세요 냉난방기 렌탈...,https://kin.naver.com/qna/detail.naver?d1id=11&dirId=1118&docId=461560457&qb=7JeQ7Ja07LuoIOugjO2DiA==&enc=utf8,지식iN,
559efda043744c0b367bb17d6f051bf7,naver,kin,에어컨 렌탈,KW3,물품 대여 수요,에어컨 물 떨어짐,"... 혼자 할수있다면 돈 안주고 하고싶은데 안녕하세요, 가전제품 렌탈 비교 플랫폼 렌트리입니다. 에어컨에서 물이 떨어지는 가장 흔한 원인은 배수 호수 막힘입니다. 이 경우엔 혼자 해결 가능한 경우도 많습니다. 에어컨과 연결된 배수...",https://kin.naver.com/qna/detail.naver?d1id=5&dirId=50104&docId=493501242&qb=7JeQ7Ja07LuoIOugjO2DiA==&enc=utf8,지식iN,
4201b98919f26827753f93b282bfdb47,naver,kin,에어컨 렌탈,KW3,물품 대여 수요,신일 창문형 에어컨 소리,"... 송풍 모드일때는 완전 조용하고 냉방 모드일때만 무슨 트랜스포머 업그레이드 하는것처럼 제트기소리나기 시작해요ㅠ 안녕하세요, 가전제품 렌탈 비교 플랫폼 렌트리입니다. 송풍 모드에서는 조용한데 냉방에서만 비행기 이륙 같은...",https://kin.naver.com/qna/detail.naver?d1id=5&dirId=50104&docId=493475666&qb=7JeQ7Ja07LuoIOugjO2DiA==&enc=utf8,지식iN,
7a718bed113ba85ae8897c4652497c62,naver,kin,에어컨 렌탈,KW3,물품 대여 수요,에어컨 셀프청소 후에도 냄새가 안 사라지는 경우...,"... 안녕하세요, 가전제품 렌탈 비교 플랫폼 렌트리입니다. 에어컨 셀프 청소 후에도 냄새가 난다면, 대부분 필터보다 송풍팬이나 배수 호스 내부에 남은 곰팡이·세균 때문인 경우가 많습니다. 특히 내부 습기가 제대로 마르지 않으면...",https://kin.naver.com/qna/detail.naver?d1id=8&dirId=80901&docId=493463023&qb=7JeQ7Ja07LuoIOugjO2DiA==&enc=utf8,지식iN,
f3f28aababc8f7caa027341190e1d30e,naver,kin,에어컨 렌탈,KW3,물품 대여 수요,에어컨렌탈 하는데 어떻게 하나요?,에어컨렌탈 알아보고 있습니다 다양한곳이 많이 있는데 혹시 에어컨렌탈 할때 어떻게 하면 될까요? 그리고 에어컨렌탈 할때 뭐 해야할게 많다고 하는데 뭐가 많은건가요? 저는 엄청 복잡한건 제가 머리가 안 돌아가서 힘든데.. 혹시 쉽게...,https://kin.naver.com/qna/detail.naver?d1id=1&dirId=108&docId=487713198&qb=7JeQ7Ja07LuoIOugjO2DiA==&enc=utf8,지식iN,
9e70a828587a9e15135e4a9446108a0c,naver,kin,에어컨 렌탈,KW3,물품 대여 수요,에어컨 급해용!!,"자취방 에어컨 처음 사용하려고 하는데 이게 무슨 모델인지.. 인버터는 아닌거죠?? 하루종일 트는게 좋은지 아니면... 안녕하세요, 가전제품 렌탈 비교 플랫폼 렌트리입니다. 말씀하신 모델은 정속형 아니라 인버터 방식인 모델입니다....",https://kin.naver.com/qna/detail.naver?d1id=5&dirId=50104&docId=493447940&qb=7JeQ7Ja07LuoIOugjO2DiA==&enc=utf8,지식iN,
2e6772ddcbfa88fdf7e5f3c3f2461894,naver,kin,에어컨 렌탈,KW3,물품 대여 수요,LG시스템 에어컨 에러코드 확인부탁드립니다,"... 의견부탁드립니다 안녕하세요, 가전제품 렌탈 비교 플랫폼 렌트리입니다. 청소 후 초록불이 깜빡이고 송풍팬이 안 도는 증상은 보통 LG 에어컨의 CH10 또는 E6 계열 오류와 관련 있는 경우가 많습니다. 주로 실내기 팬 모터 이상, 팬...",https://kin.naver.com/qna/detail.naver?d1id=11&dirId=1118&docId=493384256&qb=7JeQ7Ja07LuoIOugjO2DiA==&enc=utf8,지식iN,
ccfb91488b9d2536e7ae84761e1be78f,naver,kin,에어컨 렌탈,KW3,물품 대여 수요,투인원 에어컨 1개만 연결해도 되나요?,집에 투인원에어컨이 있는데 이사갈집에 에어컨이 다있고 복층에만 없어서 투인원에어컨에서 스탠드형만... 있어서 상태만 괜찮으면 당근이나 번개장터에서도 거래가 잘 되는 편입니다. 이상 가전제품 렌탈 비교 플랫폼 렌트리였습니다.,https://kin.naver.com/qna/detail.naver?d1id=5&dirId=50104&docId=493386418&qb=7JeQ7Ja07LuoIOugjO2DiA==&enc=utf8,지식iN,
b1497a4befa6a60e7fc461bb5490cea5,naver,kin,에어컨 렌탈,KW3,물품 대여 수요,에어컨 분해 청소 후 작동 소음 원인,"이런 소리가 나요ㅠㅠ 쇳소리?같기도 하고 이유가 뭘까요 시원한건 똑같고 작동도 이상없는데 소음이 굉장히 커졌어요 안녕하세요, 가전제품 렌탈 비교 플랫폼 렌트리입니다. 에어컨 분해 청소 후 갑자기 쇳소리나 금속 마찰음이...",https://kin.naver.com/qna/detail.naver?d1id=5&dirId=50104&docId=493390418&qb=7JeQ7Ja07LuoIOugjO2DiA==&enc=utf8,지식iN,
38f9cab5b58a75a640a01767d2d69b91,naver,kin,에어컨 렌탈,KW3,물품 대여 수요,에어컨 필터 청소는 언제한번 해주는게 좋나요??,... 3년 동안 에어컨 필터 청소를 안 하셨다면 지금은 꼭 한 번 청소해 주시는 게 좋습니다. 필터에 먼지가 많이 쌓이면... 꽤 쌓였을 가능성이 높아서 한번 점검해 보시는 게 좋습니다. 이상 가전제품 렌탈 비교 플랫폼 렌트리였습니다.,https://kin.naver.com/qna/detail.naver?d1id=5&dirId=501&docId=493369291&qb=7JeQ7Ja07LuoIOugjO2DiA==&enc=utf8,지식iN,
99f445d4234362ffd1721723fecb6ca0,naver,kin,에어컨 렌탈,KW3,물품 대여 수요,신용점수 630점대인데 창문형 에어컨 렌탈이 가능 할까,신용점수 NICE기준 630점대인데 창문형 에어컨 렌탈이 가능 할까요? LG헬로렌탈에 신청했는데 안된다고 해서요... 다른 조건으로 렌탈이 가능 할까요? 현재 신용회복중이면 렌탈이 어려울까요? 안녕하세요! 렌탈사마다 심사 기준이...,https://kin.naver.com/qna/detail.naver?d1id=5&dirId=50103&docId=486216145&qb=7JeQ7Ja07LuoIOugjO2DiA==&enc=utf8,지식iN,
fd9ff7e4b4a73e5680fee8aa34e50690,naver,kin,에어컨 렌탈,KW3,물품 대여 수요,에어컨렌탈 투인원 삼성이나엘지제품 조건 궁금해서요.,에어컨렌탈 하고싶은데 벽걸이랑 스탠드 같이 있는 투인원 제품으로 하고싶은데요. 렌탈 조건이 어떻게 될까요? 신용도는 좋은편이 아니라 7등급정도는 되는거 같은데 이정도면 에어컨렌탈 가능한곳 있을까요? 안녕하세요....,https://kin.naver.com/qna/detail.naver?d1id=5&dirId=50104&docId=438047654&qb=7JeQ7Ja07LuoIOugjO2DiA==&enc=utf8,지식iN,
